ind,n,rho,rho_IS,rho_OOS,t
W1_ABS_ER13,767,0.09162957470996788,0.1324798148515831,0.03979057827694903,2.545055449472963
W1_ADX14,760,0.0909741082058687,0.19285590463213292,0.007498185127234663,2.515110447649115
H4_MA_ORDER,772,0.07529797159769604,0.05738093233535925,0.10253672272049372,2.0953825427063966
D1_ROC20,772,0.06720309953564388,0.06204653294834556,0.06386151181218261,1.869035629680798
W1_DOW_AGE_ALIGNED,773,0.058731625478224685,0.11526515337845555,-0.020580453454255607,1.6336143251496356
D1_R2_20,772,0.05548480177948955,0.08116813576202636,0.027527194449614784,1.5420161920360207
D1_ABS_ER20,772,0.052477787201598715,0.04073460459392085,0.06708642899412191,1.4582087751444552
D1_DONCH20,772,0.051769766671956916,0.047769093255178106,0.05541847548468882,1.438481661622097
D1_CHOP14,772,0.049751967475281864,0.05571716987063654,0.04960796000610473,1.3822728704309388
W1_ROC13,767,0.038969994777421996,0.07625274978103148,-0.012153377981734137,1.0786761807121277
W1_DI,767,0.0379108019802598,0.08745573046328943,-0.028314984465567006,1.049315297076159
W1_ER13,767,0.032728990316576466,0.063841812231809,-0.014227421182233534,0.9057243737758082
D1_MA_ORDER,765,0.028308608237480205,0.07991065336368326,-0.046283230214385615,0.7822667550200167
D1_ER20,772,0.028025061359818308,0.038273684126809364,0.014505246527801911,0.7779694625404479
D1_ABS_R2_20,772,0.02722575851656894,0.03965828171286475,0.017719422266646044,0.755764292590016
W1_ABOVE_MA26,762,0.025031185235731394,0.08659560981034792,-0.06372158526262975,0.6902784396183854
D1_ABOVE_MA100,765,0.0217473340576349,0.05285088485710112,-0.026362238800966567,0.6008568518024997
H4_ADX14,773,0.014461992839244504,-0.03155607049773135,0.07733882332176305,0.40160651744650694
D1_ADX14,772,0.010036561238586355,0.027358652431837962,-0.00016256068110754663,0.278517299941408
D1_DI,772,0.008688256678584697,0.03346153175322917,-0.013455648355253336,0.24109843848583853
D1_ER10,773,0.005648230361415116,0.014251797887053125,-0.008517399422469622,0.15683627456002103
H4_DI,773,0.00402188225584251,-0.03777580123085307,0.07113373434579569,0.11167605234892007
D1_MA50_SLOPE,770,-0.004217882873945932,0.039299390325198136,-0.06540646672407512,-0.1168904387851844
H4_R2_36,773,-0.017974544061304745,-0.04700868866599652,0.03334660948926882,-0.4991777741507064
H4_ER18,773,-0.021299569388706082,-0.06490352396153012,0.05469231707513216,-0.5915569326507921
W1_DOW,773,-0.022370634727540115,0.029595141563324587,-0.11171859547611364,-0.6213183684746292
H4_ABS_ER18,773,-0.04104843888305733,-0.0804184466037781,0.0291596590293614,-1.1407488253182956
H4_CHOP14,773,-0.08051115641069025,-0.12037970844634062,-0.039815186141387425,-2.2428250282302193
