,AUDJPY,AUDUSD,EURAUD,EURCHF,EURGBP,EURJPY,EURUSD,GBPAUD,GBPCHF,GBPJPY,GBPUSD,NZDJPY,NZDUSD,SP500,USDCHF,USDJPY
Start,2021-01-03 17:01:00-05:00,2021-01-03 17:01:00-05:00,2021-01-03 17:01:00-05:00,2021-01-03 17:01:00-05:00,2021-01-03 17:01:00-05:00,2021-01-03 17:01:00-05:00,2021-01-03 17:01:00-05:00,2021-01-03 17:01:00-05:00,2021-01-03 17:01:00-05:00,2021-01-03 17:01:00-05:00,2021-01-03 17:01:00-05:00,2021-01-03 17:01:00-05:00,2021-01-03 17:01:00-05:00,2024-01-01 18:01:00-05:00,2021-01-03 17:01:00-05:00,2021-01-03 17:01:00-05:00
End,2025-12-31 16:59:00-05:00,2025-12-31 16:59:00-05:00,2025-12-31 16:59:00-05:00,2025-12-31 16:59:00-05:00,2025-12-31 16:59:00-05:00,2025-12-31 16:59:00-05:00,2025-12-31 16:59:00-05:00,2025-12-31 16:59:00-05:00,2025-12-31 16:59:00-05:00,2025-12-31 16:59:00-05:00,2025-12-31 16:59:00-05:00,2025-12-31 16:59:00-05:00,2025-12-31 16:59:00-05:00,2025-12-31 16:58:00-05:00,2025-12-31 16:59:00-05:00,2025-12-31 16:59:00-05:00
Duration,1822 days 23:58:00,1822 days 23:58:00,1822 days 23:58:00,1822 days 23:58:00,1822 days 23:58:00,1822 days 23:58:00,1822 days 23:58:00,1822 days 23:58:00,1822 days 23:58:00,1822 days 23:58:00,1822 days 23:58:00,1822 days 23:58:00,1822 days 23:58:00,729 days 22:57:00,1822 days 23:58:00,1822 days 23:58:00
Exposure Time [%],12.288048694233009,16.40954267720027,16.94825208551556,12.687533203327895,15.498139689336462,11.106049371348076,13.68962568422027,13.805283629876763,12.035244168901995,11.081054892524346,16.092409972776274,13.498055561986465,16.894445512059654,16.08330434060514,13.391388501352072,13.630318254260013
Equity Final [$],5901.387000000001,8120.863399999989,8173.145219999975,10165.537269999928,10101.268489999957,9146.62000000009,11703.859609999976,13531.065640000008,2299.1195400000215,14898.847999999962,8582.55715999998,7622.441000000002,9889.683759999947,12179.459999999997,10245.827329999918,11464.15199999993
Equity Peak [$],10920.060999999985,11348.910329999999,11234.478039999993,13275.67400999993,11332.240530000006,11742.849000000044,11963.972009999987,14748.620130000014,10002.206050000003,16776.31999999998,12265.275550000048,11882.34899999998,11315.461469999955,13128.350000000004,10610.072239999945,12335.492999999931
Commissions [$],426.53400000000056,767.0789799999999,830.24904,1954.6404500000012,1479.29197,311.45000000000016,400.9803699999999,870.99233,1768.28099,471.2939999999999,750.28204,790.884,1543.6680600000004,82.90999999999997,1662.3177900000003,183.99500000000006
Return [%],-40.986129999999996,-18.791366000000107,-18.268547800000253,1.6553726999992795,1.0126848999995672,-8.5337999999991,17.038596099999758,35.31065640000008,-77.00880459999978,48.98847999999962,-14.174428400000197,-23.775589999999983,-1.1031624000005287,21.79459999999997,2.458273299999182,14.641519999999291
Buy & Hold Return [%],31.459501596801363,-13.368123166394069,10.74178935447339,-13.904302149225028,-2.774927503903625,45.677849373842285,-4.04535503055256,13.91335255321671,-11.455008249662143,49.75845410628018,-1.313206773305209,21.453967569897117,-19.966629588431587,43.759033129294956,-10.259835833569209,51.7531624726371
Return (Ann.) [%],-8.15666364114459,-3.3023372988317257,-3.2021726285490715,0.2652287234312878,0.16268858640309247,-1.4287836961776046,2.5707769978606576,4.999687193342894,-21.11404507664698,6.643651000312278,-2.435847807982061,-4.285431714971077,-0.1788038953719373,8.288054675097612,0.3925694951541825,2.2289101763044883
Volatility (Ann.) [%],11.921216121033522,14.318808155405002,13.492995995196077,11.152948766273116,12.98112781805824,11.244735591944263,14.612921324354513,10.568979962943272,19.425665370049447,9.55855923386341,14.097201612541657,11.726696588391386,13.037590640845579,9.73100934781094,14.640495071226429,14.30138926303256
CAGR [%],-10.027639092205154,-4.084632425586587,-3.961229472633321,0.32949143550264903,0.20208164678097162,-1.7713198532934848,3.2024943918688153,6.246161171289422,-25.51229828129351,8.315922488720062,-3.0160961786669938,-5.2941608941498135,-0.22200736359015982,10.368695438453335,0.48776077840404497,2.7754897211129004
Sharpe Ratio,-0.6842140565468953,-0.23062934170154195,-0.23732109827121742,0.02378104024232122,0.012532700446626367,-0.1270624537584669,0.17592491883030204,0.473052954104624,-1.0869148970928266,0.6950473222758935,-0.17278945672558127,-0.36544236330062096,-0.013714489148919973,0.8517158270906471,0.026813949476730166,0.15585270321016742
Sortino Ratio,-0.9028814872262956,-0.3306255334031938,-0.32711901548847117,0.03564562502783771,0.01880632633127738,-0.19013859743806866,0.2773552853904638,0.7718703873925092,-1.2026401260229271,1.2637032263655865,-0.2474332269641321,-0.5172404221780119,-0.02003982136279142,1.4430930920949814,0.04135530154912534,0.23102953330100368
Calmar Ratio,-0.17747967793441294,-0.0795863264214579,-0.07922641404162244,0.008971257766477187,0.004722792703005459,-0.051550767601949744,0.08340457530611559,0.31543344680485685,-0.26829197536460964,0.46463605952172476,-0.06551219894355118,-0.09911000343910978,-0.006835526400327975,0.7538659123547972,0.013682754146546043,0.0722897088366561
Alpha [%],-41.48344380610374,-19.21760927768912,-18.54032196356399,0.13467483214399634,0.6318025718459104,-11.494269163902588,17.06814965400368,34.83203834076914,-73.69681317229359,47.33654918485293,-14.128900731879325,-26.301338176006976,-1.0788742825094275,20.57961165186234,1.8469177915250223,11.386231872150589
Beta,0.015808063728330397,-0.03188505015876444,0.025300641689697444,-0.10936887385894739,-0.1372584788675925,0.06481192097451986,0.007305552610517447,0.03439990882142074,0.28913042710413306,0.03319899793547241,0.03466907805103947,0.11772872163519839,0.0012164355222562672,0.028242862341208694,-0.05958726030233958,0.06290027454012762
Max. Drawdown [%],-45.95829638680582,-41.49377722680458,-40.41799275260365,-29.564274077862905,-34.44753912225743,-27.716050849329456,-30.82297330122796,-15.850212601062418,-78.69801192507875,-14.298612568191437,-37.18159132592875,-43.23914404466668,-26.158028643318254,-10.994070084968833,-28.69082429967357,-30.833021908289528
Avg. Drawdown [%],-1.3701937123430465,-0.742494474177162,-0.6721946851988524,-0.6529436912461469,-0.6937276906000658,-0.563494214655019,-0.750179954751153,-0.452112451206057,-39.4770591625394,-0.3232443171311695,-0.6681588240063959,-0.6515682857533873,-1.176730186694438,-0.2432388065514472,-3.1060446497696668,-0.5296337797213737
Max. Drawdown Duration,1167 days 07:52:00,1168 days 07:38:00,1476 days 09:43:00,626 days 14:35:00,1329 days 15:54:00,965 days 08:27:00,1168 days 00:24:00,702 days 16:23:00,1820 days 07:51:00,923 days 10:59:00,1006 days 20:28:00,883 days 19:55:00,767 days 03:16:00,352 days 11:52:00,629 days 00:09:00,625 days 17:18:00
Avg. Drawdown Duration,27 days 06:28:00,11 days 06:25:00,13 days 12:26:00,7 days 08:12:00,14 days 00:53:00,10 days 21:12:00,10 days 04:12:00,3 days 17:23:00,910 days 03:58:00,2 days 19:06:00,8 days 14:02:00,9 days 12:25:00,27 days 07:41:00,1 days 15:10:00,51 days 08:28:00,6 days 05:08:00
# Trades,128,152,141,123,135,124,149,138,115,130,142,133,142,50,145,135
Win Rate [%],32.8125,36.18421052631579,36.17021276595745,40.65040650406504,40.0,37.096774193548384,40.26845637583892,43.47826086956522,27.82608695652174,45.38461538461539,36.61971830985916,35.338345864661655,39.436619718309856,48.0,40.0,40.74074074074074
Best Trade [%],1.4073515067967053,1.7639904233000536,1.1506682057119706,0.8988969538589303,0.7776528791256228,1.3218565988223117,1.6440900702566468,2.0421679330080726,1.5735283479120428,1.7452656309185492,1.434629194198923,1.5649832971867863,2.2167206953831022,2.8699488899536916,1.1506652570910414,1.6824074026209581
Worst Trade [%],-1.358889868972912,-0.9235066903150865,-0.768820585049054,-0.7147842773097565,-1.1157571878767103,-0.9512959327513406,-0.7173859831450389,-0.7241551382282645,-1.3946506762998092,-1.0222250621629612,-0.7314078185051718,-1.1293676370298078,-1.0702802313916995,-0.989219847500287,-0.7853809979088802,-1.0567842683256727
Avg. Trade [%],-0.11331913952338235,-0.03161989608567728,-0.03456671555348567,0.005273899704372198,-0.012375973724654266,-0.048881529178235184,0.03430814917169123,0.05474236728091331,-0.14530337871300203,0.0834324450029289,0.015196196725630884,-0.06703855423120242,0.02706912930761085,0.2315538582149168,-0.011137708536090862,0.034322099221584246
Max. Trade Duration,7 days 22:48:00,11 days 12:00:00,14 days 02:34:00,9 days 17:12:00,11 days 20:13:00,9 days 05:56:00,11 days 00:59:00,13 days 03:24:00,14 days 02:06:00,9 days 00:47:00,14 days 04:11:00,12 days 00:45:00,9 days 07:08:00,15 days 22:58:00,7 days 09:22:00,12 days 21:59:00
Avg. Trade Duration,1 days 17:54:00,1 days 22:31:00,2 days 05:24:00,1 days 18:45:00,2 days 01:29:00,1 days 14:43:00,1 days 12:05:00,1 days 19:26:00,1 days 20:43:00,1 days 12:42:00,2 days 02:11:00,1 days 21:49:00,2 days 02:48:00,2 days 08:59:00,1 days 15:42:00,1 days 16:16:00
Profit Factor,0.7274414162648901,0.9185608364506133,0.8846871608372802,1.0343717281935465,0.9395281546495295,0.8404177387083831,1.157314412336976,1.2320208031920872,0.5321720378961471,1.3312471293086259,1.0655686948279335,0.827354823643305,1.0848239122365941,1.762017923950018,0.9623062488801718,1.133116952820402
Expectancy [%],-0.11061406622134753,-0.028958780290905976,-0.03294511725866525,0.00600023239931536,-0.011575375879217573,-0.04717405294272155,0.03573003711320199,0.05643442978426471,-0.1441388909675002,0.08550614144909024,0.016906577095168223,-0.06449101679705291,0.03024288985744594,0.2361903043702396,-0.009727379472042481,0.036407460007527155
SQN,-1.4315528074829027,-0.5937352663501514,-0.598186423341135,0.05660017033467165,0.03342750522242704,-0.29839282503452447,0.5332481696146857,1.1328073107372083,-2.9974556873914504,1.6169353433029778,-0.46091910396435654,-0.807463254327783,-0.03537919633320332,1.2696502798540188,0.07790204127966999,0.45843563708798796
Kelly Criterion,-0.09822479053624616,-0.03776224684354734,-0.039563560664009956,0.004224045574935276,0.002359047025321248,-0.021164774383026663,0.03474948256069843,0.07824339417148479,-0.2111415911687997,0.11489209377660159,-0.03040242135732013,-0.05480866431788883,-0.0024102432670223273,0.14895161290322573,0.005273058728099078,0.03263547793478727
Avg. Win [$],325.99116666666686,327.3836125454546,327.48359,318.6119656,317.98304777777776,325.16750000000144,329.0782640000001,327.02354549999995,317.15294718750124,327.9898983050843,328.32884307692257,326.1598085106389,322.3222071428569,292.64000000000016,321.51375206896483,332.32454545454516
Avg. Loss [$],-206.86327906976734,-205.0024256701032,-205.872420777778,-215.9597398630146,-210.73847024691395,-202.7062179487177,-202.70602505618024,-206.2865011538462,-215.05752734939782,-203.55712676056368,-205.4504742222221,-205.89616279069784,-211.16697488372137,-186.30384615384628,-211.51689988505802,-210.17122500000042
Payoff Ratio,1.5758774014054089,1.59697433567099,1.5907113189944517,1.4753303824226625,1.5088989087052287,1.6041318480041151,1.623426160661952,1.5852881486225288,1.4747353933453904,1.6112916483188822,1.5980924080116314,1.5840985285490443,1.526385493377186,1.5707673568818512,1.5200381257652746,1.5812085857830658
Max. Consecutive Losses,12,7,7,8,8,9,10,8,9,9,9,12,6,6,7,6
