Size,EntryBar,ExitBar,EntryPrice,ExitPrice,SL,TP,PnL,Commission,ReturnPct,EntryTime,ExitTime,Duration,Tag,Entry_Range Upper (4H Swing High),Exit_Range Upper (4H Swing High),Entry_Range Lower (4H Swing Low),Exit_Range Lower (4H Swing Low),Entry_Upper Valid,Exit_Upper Valid,Entry_Lower Valid,Exit_Lower Valid,"Entry_ATR (Signal, EMA)","Exit_ATR (Signal, EMA)",Entry_Dow Trend (Weekly),Exit_Dow Trend (Weekly),Entry_Dow Trend (4H),Exit_Dow Trend (4H)
-89686,145258,145307,1.22398,1.22621,1.22621,1.22175,-205.32322,5.32344,-0.00187,2021-05-25 02:40:00-04:00,2021-05-25 03:29:00-04:00,0 days 00:49:00,,1.22398,1.22398,1.21610,1.21610,1.00000,1.00000,1.00000,1.00000,0.00223,0.00223,0.00000,0.00000,1.00000,1.00000
88105,149546,149664,1.21753,1.21980,1.21526,1.21980,194.79620,5.20215,0.00182,2021-05-28 02:11:00-04:00,2021-05-28 04:09:00-04:00,0 days 01:58:00,,1.22666,1.22666,1.21753,1.21753,1.00000,1.00000,1.00000,1.00000,0.00227,0.00227,0.00000,0.00000,1.00000,1.00000
81632,155727,156651,1.21327,1.21082,1.21082,1.21572,-204.79217,4.79377,-0.00207,2021-06-03 10:16:00-04:00,2021-06-04 01:41:00-04:00,0 days 15:25:00,,1.22545,1.22545,1.21327,1.21327,1.00000,1.00000,1.00000,0.00000,0.00245,0.00238,0.00000,0.00000,-1.00000,-1.00000
-114285,161354,161459,1.22019,1.21844,1.22194,1.21844,193.24721,6.75154,0.00139,2021-06-09 09:07:00-04:00,2021-06-09 10:52:00-04:00,0 days 01:45:00,,1.22019,1.22019,1.21040,1.21040,1.00000,1.00000,1.00000,1.00000,0.00175,0.00175,0.00000,0.00000,1.00000,1.00000
84745,164324,165617,1.21040,1.21276,1.20804,1.21276,195.02353,4.97467,0.00190,2021-06-11 10:39:00-04:00,2021-06-14 09:13:00-04:00,2 days 22:34:00,,1.22181,1.22181,1.21040,1.21040,1.00000,1.00000,1.00000,0.00000,0.00236,0.00218,0.00000,0.00000,-1.00000,-1.00000
120481,168782,168783,1.21013,1.20678,1.20847,1.21179,-410.66554,7.05419,-0.00282,2021-06-16 14:00:00-04:00,2021-06-16 14:01:00-04:00,0 days 00:01:00,,1.21474,1.21474,1.21013,1.21013,1.00000,1.00000,1.00000,1.00000,0.00166,0.00166,0.00000,0.00000,1.00000,1.00000
-94786,178550,178618,1.19702,1.19491,1.19913,1.19491,194.50608,5.49238,0.00171,2021-06-25 09:55:00-04:00,2021-06-25 11:03:00-04:00,0 days 01:08:00,,1.19702,1.19702,1.18810,1.18810,1.00000,1.00000,1.00000,1.00000,0.00211,0.00211,0.00000,0.00000,1.00000,1.00000
94339,181304,181428,1.18810,1.19022,1.18598,1.19022,194.56330,5.43538,0.00174,2021-06-29 08:51:00-04:00,2021-06-29 10:55:00-04:00,0 days 02:04:00,,1.19756,1.19756,1.18810,1.18810,1.00000,1.00000,1.00000,0.00000,0.00212,0.00225,0.00000,0.00000,-1.00000,-1.00000
89686,188649,189422,1.18067,1.18290,1.17844,1.18290,194.86454,5.13524,0.00184,2021-07-06 12:21:00-04:00,2021-07-07 01:15:00-04:00,0 days 12:54:00,,1.19756,1.19756,1.18067,1.18067,1.00000,1.00000,1.00000,1.00000,0.00223,0.00202,0.00000,0.00000,1.00000,1.00000
96153,189896,189975,1.18067,1.17859,1.17859,1.18275,-205.49373,5.49549,-0.00181,2021-07-07 09:09:00-04:00,2021-07-07 10:28:00-04:00,0 days 01:19:00,,1.18951,1.18951,1.18067,1.18067,1.00000,1.00000,1.00000,1.00000,0.00208,0.00208,0.00000,0.00000,1.00000,1.00000
79051,195965,196967,1.17816,1.18069,1.17563,1.18069,195.48176,4.51727,0.00210,2021-07-13 15:22:00-04:00,2021-07-14 08:05:00-04:00,0 days 16:43:00,,1.18812,1.18812,1.17816,1.17816,1.00000,1.00000,1.00000,0.00000,0.00253,0.00225,0.00000,0.00000,-1.00000,-1.00000
104166,201022,201290,1.17719,1.17911,1.17527,1.17911,194.05272,5.94600,0.00158,2021-07-19 04:43:00-04:00,2021-07-19 09:11:00-04:00,0 days 04:28:00,,1.18508,1.18508,1.17719,1.17719,1.00000,1.00000,1.00000,0.00000,0.00192,0.00220,0.00000,0.00000,-1.00000,-1.00000
87336,202733,204207,1.17637,1.17866,1.17408,1.17866,195.01682,4.98262,0.00190,2021-07-20 09:15:00-04:00,2021-07-21 09:50:00-04:00,1 days 00:35:00,,1.18508,1.18246,1.17637,1.17637,1.00000,1.00000,1.00000,0.00000,0.00229,0.00204,0.00000,0.00000,0.00000,-1.00000
-88888,205611,205666,1.18246,1.18021,1.18471,1.18021,194.91039,5.08761,0.00185,2021-07-22 09:15:00-04:00,2021-07-22 10:10:00-04:00,0 days 00:55:00,,1.18246,1.18246,1.17521,1.17521,1.00000,1.00000,1.00000,1.00000,0.00225,0.00225,0.00000,0.00000,1.00000,1.00000
-83682,209984,210913,1.18305,1.18066,1.18544,1.18066,195.20823,4.79175,0.00197,2021-07-27 11:11:00-04:00,2021-07-28 02:41:00-04:00,0 days 15:30:00,,1.18305,1.18305,1.17546,1.17546,1.00000,0.00000,1.00000,1.00000,0.00239,0.00229,0.00000,0.00000,1.00000,1.00000
114942,218154,218382,1.18517,1.18691,1.18343,1.18691,193.39403,6.60505,0.00142,2021-08-04 04:27:00-04:00,2021-08-04 08:15:00-04:00,0 days 03:48:00,,1.19086,1.19086,1.18517,1.18517,1.00000,1.00000,1.00000,0.00000,0.00174,0.00196,0.00000,0.00000,1.00000,-1.00000
-134228,228338,228419,1.17538,1.17687,1.17687,1.17389,-207.64854,7.64882,-0.00132,2021-08-13 07:18:00-04:00,2021-08-13 08:39:00-04:00,0 days 01:21:00,,1.17538,1.17538,1.17061,1.17061,1.00000,1.00000,1.00000,1.00000,0.00149,0.00149,0.00000,0.00000,-1.00000,-1.00000
112994,231348,231737,1.17237,1.17060,1.17060,1.17414,-206.41281,6.41343,-0.00156,2021-08-17 10:30:00-04:00,2021-08-17 16:59:00-04:00,0 days 06:29:00,,1.18048,1.18048,1.17237,1.17237,1.00000,1.00000,1.00000,0.00000,0.00177,0.00197,0.00000,0.00000,-1.00000,-1.00000
98039,235535,235750,1.16659,1.16863,1.16455,1.16863,194.45337,5.54619,0.00170,2021-08-20 08:20:00-04:00,2021-08-20 11:55:00-04:00,0 days 03:35:00,,1.17438,1.17438,1.16659,1.16659,1.00000,1.00000,1.00000,0.00000,0.00204,0.00202,0.00000,0.00000,-1.00000,-1.00000
-96153,237253,238496,1.17438,1.17646,1.17646,1.17230,-205.47412,5.47588,-0.00182,2021-08-23 13:59:00-04:00,2021-08-24 10:43:00-04:00,0 days 20:44:00,,1.17438,1.17438,1.16641,1.16641,1.00000,0.00000,1.00000,1.00000,0.00208,0.00189,0.00000,0.00000,-1.00000,1.00000
-91743,240143,241969,1.17651,1.17433,1.17869,1.17433,194.77501,5.22473,0.00180,2021-08-25 14:11:00-04:00,2021-08-26 20:39:00-04:00,1 days 06:28:00,,1.17651,1.17651,1.16641,1.17261,1.00000,0.00000,1.00000,1.00000,0.00218,0.00185,0.00000,0.00000,0.00000,1.00000
-107526,242771,242782,1.17791,1.17977,1.17977,1.17605,-206.13975,6.14139,-0.00163,2021-08-27 10:01:00-04:00,2021-08-27 10:12:00-04:00,0 days 00:11:00,,1.17791,1.17791,1.17261,1.17261,1.00000,1.00000,1.00000,1.00000,0.00186,0.00186,0.00000,0.00000,1.00000,1.00000
-104166,247004,248504,1.18452,1.18644,1.18644,1.18260,-205.98171,5.98299,-0.00167,2021-09-01 09:37:00-04:00,2021-09-02 10:38:00-04:00,1 days 01:01:00,,1.18452,1.18452,1.17351,1.17938,1.00000,0.00000,1.00000,1.00000,0.00192,0.00175,0.00000,0.00000,-1.00000,1.00000
112359,257860,257969,1.18021,1.17843,1.17843,1.18199,-206.41906,6.42004,-0.00156,2021-09-13 00:41:00-04:00,2021-09-13 02:30:00-04:00,0 days 01:49:00,,1.18854,1.18854,1.18021,1.18021,1.00000,1.00000,1.00000,0.00000,0.00178,0.00173,0.00000,0.00000,0.00000,0.00000
98522,262446,264188,1.17701,1.17498,1.17498,1.17904,-205.61320,5.61354,-0.00177,2021-09-16 05:10:00-04:00,2021-09-17 10:13:00-04:00,1 days 05:03:00,,1.18459,1.18459,1.17701,1.17701,1.00000,1.00000,1.00000,0.00000,0.00203,0.00184,0.00000,0.00000,-1.00000,-1.00000
-117647,268677,268709,1.17487,1.17317,1.17657,1.17317,193.30792,6.69198,0.00140,2021-09-22 14:05:00-04:00,2021-09-22 14:37:00-04:00,0 days 00:32:00,,1.17487,1.17487,1.17001,1.17001,1.00000,1.00000,1.00000,1.00000,0.00170,0.00170,0.00000,0.00000,-1.00000,-1.00000
117647,268719,269422,1.17001,1.17171,1.16831,1.17171,193.32594,6.67396,0.00140,2021-09-22 14:47:00-04:00,2021-09-23 02:31:00-04:00,0 days 11:44:00,,1.17487,1.17487,1.17001,1.17001,1.00000,0.00000,1.00000,0.00000,0.00170,0.00218,0.00000,0.00000,-1.00000,-1.00000
110497,273674,275153,1.16835,1.16654,1.16654,1.17016,-206.24964,6.25007,-0.00160,2021-09-28 02:26:00-04:00,2021-09-29 03:06:00-04:00,1 days 00:40:00,,1.17557,1.17557,1.16835,1.16835,1.00000,1.00000,1.00000,0.00000,0.00181,0.00181,0.00000,0.00000,-1.00000,-1.00000
48309,701215,701548,1.03053,1.02639,1.02639,1.03467,-202.40647,2.40721,-0.00407,2022-11-20 20:17:00-05:00,2022-11-21 01:50:00-05:00,0 days 05:33:00,,1.04825,1.04825,1.03053,1.03053,1.00000,1.00000,1.00000,0.00000,0.00414,0.00404,0.00000,0.00000,-1.00000,-1.00000
-53475,708888,708995,1.04486,1.04860,1.04860,1.04112,-202.70846,2.71196,-0.00363,2022-11-28 04:15:00-05:00,2022-11-28 06:02:00-05:00,0 days 01:47:00,,1.04486,1.04486,1.02227,1.02227,1.00000,0.00000,1.00000,1.00000,0.00374,0.00449,0.00000,0.00000,-1.00000,0.00000
-35650,713469,714902,1.04971,1.04410,1.05532,1.04410,198.18822,1.80828,0.00530,2022-12-01 08:39:00-05:00,2022-12-02 08:33:00-05:00,0 days 23:54:00,,1.04971,1.04971,1.02227,1.02903,1.00000,0.00000,1.00000,1.00000,0.00561,0.00499,0.00000,0.00000,-1.00000,0.00000
-58997,724972,724973,1.05886,1.06238,1.06225,1.05547,-210.70115,3.03171,-0.00337,2022-12-13 08:30:00-05:00,2022-12-13 08:31:00-05:00,0 days 00:01:00,,1.05886,1.05886,1.04434,1.04434,1.00000,1.00000,1.00000,1.00000,0.00339,0.00339,0.00000,0.00000,1.00000,1.00000
-50890,726716,726741,1.06733,1.06340,1.07126,1.06340,197.37089,2.62681,0.00363,2022-12-14 13:35:00-05:00,2022-12-14 14:00:00-05:00,0 days 00:25:00,,1.06733,1.06733,1.04434,1.04434,1.00000,1.00000,1.00000,1.00000,0.00393,0.00393,0.00000,0.00000,1.00000,1.00000
-50890,726785,727541,1.06733,1.06340,1.07126,1.06340,197.37089,2.62681,0.00363,2022-12-14 14:44:00-05:00,2022-12-15 03:21:00-05:00,0 days 12:37:00,,1.06733,1.06733,1.04434,1.04434,1.00000,0.00000,1.00000,1.00000,0.00393,0.00388,0.00000,0.00000,1.00000,1.00000
-57636,734741,734906,1.06585,1.06238,1.06932,1.06238,197.02539,2.97153,0.00321,2022-12-22 03:26:00-05:00,2022-12-22 06:11:00-05:00,0 days 02:45:00,,1.06585,1.06585,1.05759,1.05759,1.00000,0.00000,1.00000,1.00000,0.00347,0.00346,0.00000,0.00000,0.00000,1.00000
-73800,737746,738398,1.06595,1.06324,1.06866,1.06324,196.19139,3.80661,0.00249,2022-12-26 21:06:00-05:00,2022-12-27 07:58:00-05:00,0 days 10:52:00,,1.06595,1.06595,1.05733,1.05733,1.00000,0.00000,1.00000,1.00000,0.00271,0.00271,0.00000,0.00000,0.00000,0.00000
-71942,739935,739984,1.06693,1.06415,1.06971,1.06415,196.28469,3.71407,0.00256,2022-12-28 09:36:00-05:00,2022-12-28 10:25:00-05:00,0 days 00:49:00,,1.06693,1.06693,1.05733,1.05733,1.00000,1.00000,1.00000,1.00000,0.00278,0.00278,0.00000,0.00000,0.00000,0.00000
69444,745244,745258,1.06068,1.05780,1.05780,1.06356,-203.56263,3.56391,-0.00276,2023-01-03 03:04:00-05:00,2023-01-03 03:18:00-05:00,0 days 00:14:00,,1.07134,1.07134,1.06068,1.06068,1.00000,1.00000,1.00000,1.00000,0.00288,0.00288,0.00000,0.00000,1.00000,1.00000
49261,748573,749987,1.05196,1.05602,1.04790,1.05602,197.48408,2.51558,0.00381,2023-01-05 10:35:00-05:00,2023-01-06 10:10:00-05:00,0 days 23:35:00,,1.07134,1.07134,1.05196,1.05196,1.00000,1.00000,1.00000,0.00000,0.00406,0.00389,0.00000,0.00000,0.00000,-1.00000
-61728,754262,755641,1.07607,1.07931,1.07931,1.07283,-203.22182,3.22310,-0.00306,2023-01-11 09:28:00-05:00,2023-01-12 08:28:00-05:00,0 days 23:00:00,,1.07607,1.07607,1.04830,1.04830,1.00000,0.00000,1.00000,1.00000,0.00324,0.00303,0.00000,0.00000,0.00000,1.00000
-101522,1011632,1011873,1.07180,1.06983,1.07377,1.06983,194.73123,5.26711,0.00179,2023-09-20 09:59:00-04:00,2023-09-20 14:00:00-04:00,0 days 04:01:00,,1.07180,1.07180,1.06320,1.06320,1.00000,0.00000,1.00000,1.00000,0.00197,0.00218,0.00000,0.00000,1.00000,1.00000
76923,1014107,1014121,1.06171,1.06431,1.05911,1.06431,196.03801,3.96179,0.00240,2023-09-22 03:16:00-04:00,2023-09-22 03:30:00-04:00,0 days 00:14:00,,1.07369,1.07369,1.06171,1.06171,1.00000,1.00000,1.00000,1.00000,0.00260,0.00260,0.00000,0.00000,0.00000,0.00000
79999,1015837,1015910,1.06150,1.05900,1.05900,1.06400,-204.10702,4.10952,-0.00240,2023-09-25 09:07:00-04:00,2023-09-25 10:20:00-04:00,0 days 01:13:00,,1.07369,1.07369,1.06150,1.06150,1.00000,1.00000,1.00000,1.00000,0.00250,0.00250,0.00000,0.00000,-1.00000,-1.00000
70422,1023345,1024464,1.04881,1.04597,1.04597,1.05165,-203.57215,3.57367,-0.00276,2023-10-02 15:20:00-04:00,2023-10-03 10:00:00-04:00,0 days 18:40:00,,1.06172,1.06172,1.04881,1.04881,1.00000,1.00000,1.00000,0.00000,0.00284,0.00272,0.00000,0.00000,0.00000,0.00000
-76045,1027369,1028547,1.05322,1.05585,1.05585,1.05059,-203.88370,3.88535,-0.00255,2023-10-05 10:27:00-04:00,2023-10-06 06:06:00-04:00,0 days 19:39:00,,1.05322,1.05322,1.04483,1.04483,1.00000,0.00000,1.00000,1.00000,0.00263,0.00230,0.00000,0.00000,0.00000,1.00000
-63897,1031285,1033033,1.06000,1.06313,1.06313,1.05687,-203.28405,3.28644,-0.00300,2023-10-10 04:46:00-04:00,2023-10-11 09:55:00-04:00,1 days 05:09:00,,1.06000,1.06000,1.04826,1.04826,1.00000,0.00000,1.00000,1.00000,0.00313,0.00303,0.00000,0.00000,1.00000,1.00000
-79365,1041734,1041766,1.05949,1.05697,1.06201,1.05697,195.93062,4.06918,0.00233,2023-10-19 12:02:00-04:00,2023-10-19 12:34:00-04:00,0 days 00:32:00,,1.05949,1.05949,1.04956,1.04956,1.00000,1.00000,1.00000,1.00000,0.00252,0.00252,0.00000,0.00000,0.00000,0.00000
-79365,1041788,1042286,1.05949,1.05697,1.06201,1.05697,195.93062,4.06918,0.00233,2023-10-19 12:56:00-04:00,2023-10-19 21:15:00-04:00,0 days 08:19:00,,1.05949,1.05949,1.04956,1.05232,1.00000,0.00000,1.00000,1.00000,0.00252,0.00275,0.00000,0.00000,0.00000,0.00000
-79681,1044338,1044414,1.06163,1.05912,1.06414,1.05912,195.90565,4.09366,0.00232,2023-10-23 08:28:00-04:00,2023-10-23 09:44:00-04:00,0 days 01:16:00,,1.06163,1.06163,1.05232,1.05232,1.00000,0.00000,1.00000,1.00000,0.00251,0.00256,0.00000,0.00000,0.00000,1.00000
88105,1048657,1048658,1.05232,1.05459,1.05005,1.05459,195.50144,4.49691,0.00211,2023-10-26 08:30:00-04:00,2023-10-26 08:31:00-04:00,0 days 00:01:00,,1.06955,1.06955,1.05232,1.05232,1.00000,1.00000,1.00000,1.00000,0.00227,0.00227,0.00000,0.00000,-1.00000,-1.00000
73529,1054414,1054443,1.05219,1.05491,1.04947,1.05491,196.24559,3.75329,0.00254,2023-11-01 09:31:00-04:00,2023-11-01 10:00:00-04:00,0 days 00:29:00,,1.06750,1.06750,1.05219,1.05219,1.00000,1.00000,1.00000,1.00000,0.00272,0.00272,0.00000,0.00000,-1.00000,-1.00000
-71684,1057231,1057239,1.06750,1.07029,1.07029,1.06471,-203.71076,3.71240,-0.00266,2023-11-03 08:30:00-04:00,2023-11-03 08:38:00-04:00,0 days 00:08:00,,1.06750,1.06750,1.05168,1.05168,1.00000,1.00000,1.00000,1.00000,0.00279,0.00279,0.00000,0.00000,-1.00000,-1.00000
89686,1064045,1064268,1.06593,1.06816,1.06370,1.06816,195.36312,4.63666,0.00204,2023-11-10 02:09:00-05:00,2023-11-10 05:52:00-05:00,0 days 03:43:00,,1.07564,1.07564,1.06593,1.06593,1.00000,1.00000,1.00000,0.00000,0.00223,0.00225,0.00000,0.00000,1.00000,-1.00000
-101010,1067107,1067304,1.07256,1.07454,1.07454,1.07058,-205.25373,5.25393,-0.00189,2023-11-14 05:13:00-05:00,2023-11-14 08:30:00-05:00,0 days 03:17:00,,1.07256,1.07256,1.06563,1.06563,1.00000,1.00000,1.00000,1.00000,0.00198,0.00198,0.00000,0.00000,1.00000,1.00000
-70671,1070278,1070357,1.08876,1.08593,1.09159,1.08593,196.27581,3.72312,0.00255,2023-11-16 10:06:00-05:00,2023-11-16 11:25:00-05:00,0 days 01:19:00,,1.08876,1.08876,1.06563,1.06563,1.00000,1.00000,1.00000,1.00000,0.00283,0.00283,0.00000,0.00000,1.00000,1.00000
-93896,1078886,1079815,1.09309,1.09522,1.09522,1.09096,-204.97613,4.97765,-0.00200,2023-11-24 09:40:00-05:00,2023-11-27 01:10:00-05:00,2 days 15:30:00,,1.09309,1.09309,1.08525,1.08525,1.00000,0.00000,1.00000,1.00000,0.00213,0.00202,0.00000,0.00000,0.00000,1.00000
72727,1086085,1086206,1.08525,1.08800,1.08250,1.08800,196.17036,3.82889,0.00249,2023-12-01 09:44:00-05:00,2023-12-01 11:45:00-05:00,0 days 02:01:00,,1.10172,1.10172,1.08525,1.08525,1.00000,1.00000,1.00000,1.00000,0.00275,0.00275,0.00000,0.00000,-1.00000,-1.00000
81967,1093206,1093207,1.07554,1.07310,1.07310,1.07798,-204.26597,4.26649,-0.00232,2023-12-08 08:30:00-05:00,2023-12-08 08:31:00-05:00,0 days 00:01:00,,1.10172,1.10172,1.07554,1.07554,1.00000,1.00000,1.00000,1.00000,0.00244,0.00244,0.00000,0.00000,-1.00000,-1.00000
81967,1093222,1093262,1.07554,1.07310,1.07310,1.07798,-204.26597,4.26649,-0.00232,2023-12-08 08:46:00-05:00,2023-12-08 09:26:00-05:00,0 days 00:40:00,,1.10172,1.10172,1.07554,1.07554,1.00000,1.00000,1.00000,0.00000,0.00244,0.00288,0.00000,0.00000,-1.00000,-1.00000
-86206,1096084,1096094,1.08178,1.07946,1.08410,1.07946,195.48447,4.51345,0.00210,2023-12-12 08:30:00-05:00,2023-12-12 08:40:00-05:00,0 days 00:10:00,,1.08178,1.08178,1.07237,1.07237,1.00000,1.00000,1.00000,1.00000,0.00232,0.00232,0.00000,0.00000,1.00000,1.00000
-87719,1097853,1097868,1.08280,1.08508,1.08508,1.08052,-204.60609,4.60677,-0.00215,2023-12-13 14:00:00-05:00,2023-12-13 14:15:00-05:00,0 days 00:15:00,,1.08280,1.08280,1.07237,1.07237,1.00000,1.00000,1.00000,1.00000,0.00228,0.00228,0.00000,0.00000,1.00000,1.00000
-90090,1106157,1106650,1.09875,1.10097,1.10097,1.09653,-204.80058,4.80078,-0.00207,2023-12-21 08:30:00-05:00,2023-12-21 16:43:00-05:00,0 days 08:13:00,,1.09875,1.09875,1.08886,1.08886,1.00000,0.00000,1.00000,1.00000,0.00222,0.00263,0.00000,0.00000,1.00000,1.00000
-101010,1109897,1110895,1.10402,1.10600,1.10600,1.10204,-205.40770,5.40790,-0.00184,2023-12-26 14:23:00-05:00,2023-12-27 07:02:00-05:00,0 days 16:39:00,,1.10402,1.10402,1.09299,1.09299,1.00000,0.00000,1.00000,1.00000,0.00198,0.00180,0.00000,0.00000,1.00000,1.00000
74906,1116550,1116875,1.09299,1.09032,1.09032,1.09566,-203.96089,3.96187,-0.00249,2024-01-03 05:21:00-05:00,2024-01-03 10:46:00-05:00,0 days 05:25:00,,1.11395,1.11395,1.09299,1.09299,1.00000,1.00000,1.00000,0.00000,0.00267,0.00269,0.00000,0.00000,0.00000,0.00000
76628,1119617,1119631,1.08930,1.09191,1.08669,1.09191,195.95003,4.04905,0.00235,2024-01-05 08:30:00-05:00,2024-01-05 08:44:00-05:00,0 days 00:14:00,,1.11395,1.11395,1.08930,1.08930,1.00000,1.00000,1.00000,1.00000,0.00261,0.00261,0.00000,0.00000,0.00000,0.00000
95693,1128921,1129320,1.09304,1.09095,1.09095,1.09513,-205.06126,5.06289,-0.00196,2024-01-15 19:41:00-05:00,2024-01-16 02:20:00-05:00,0 days 06:39:00,,1.09870,1.09870,1.09304,1.09304,1.00000,1.00000,1.00000,0.00000,0.00209,0.00217,0.00000,0.00000,0.00000,-1.00000
-93023,1134774,1135297,1.09070,1.08855,1.09285,1.08855,195.08850,4.91095,0.00192,2024-01-21 21:18:00-05:00,2024-01-22 06:01:00-05:00,0 days 08:43:00,,1.09070,1.09070,1.08446,1.08446,1.00000,0.00000,1.00000,1.00000,0.00215,0.00206,0.00000,0.00000,-1.00000,1.00000
68259,1140116,1140995,1.08216,1.08509,1.07923,1.08509,196.41513,3.58374,0.00266,2024-01-25 14:23:00-05:00,2024-01-26 05:03:00-05:00,0 days 14:40:00,,1.09322,1.09322,1.08216,1.08216,1.00000,1.00000,1.00000,0.00000,0.00293,0.00267,0.00000,0.00000,0.00000,0.00000
84745,1142685,1143048,1.08129,1.08365,1.07893,1.08365,195.55365,4.44455,0.00213,2024-01-29 09:14:00-05:00,2024-01-29 15:17:00-05:00,0 days 06:03:00,,1.09322,1.09322,1.08129,1.08129,1.00000,1.00000,1.00000,0.00000,0.00236,0.00240,0.00000,0.00000,0.00000,-1.00000
75187,1145941,1146958,1.07958,1.08224,1.07692,1.08224,196.05983,3.93759,0.00242,2024-01-31 15:32:00-05:00,2024-02-01 08:30:00-05:00,0 days 16:58:00,,1.09322,1.09322,1.07958,1.07958,1.00000,1.00000,1.00000,0.00000,0.00266,0.00283,0.00000,0.00000,1.00000,0.00000
-109289,1155593,1156808,1.07890,1.07707,1.08073,1.07707,194.29083,5.70804,0.00165,2024-02-09 08:31:00-05:00,2024-02-12 04:47:00-05:00,2 days 20:16:00,,1.07890,1.07890,1.07226,1.07416,1.00000,0.00000,1.00000,1.00000,0.00183,0.00178,0.00000,0.00000,0.00000,0.00000
109289,1158470,1158480,1.07416,1.07233,1.07233,1.07599,-205.68181,5.68294,-0.00175,2024-02-13 08:30:00-05:00,2024-02-13 08:40:00-05:00,0 days 00:10:00,,1.08056,1.08056,1.07416,1.07416,1.00000,1.00000,1.00000,1.00000,0.00183,0.00183,0.00000,0.00000,0.00000,0.00000
-86580,1163106,1165491,1.07848,1.08079,1.08079,1.07617,-204.52870,4.52890,-0.00219,2024-02-16 13:49:00-05:00,2024-02-20 05:36:00-05:00,3 days 15:47:00,,1.07848,1.07848,1.06948,1.06948,1.00000,0.00000,1.00000,1.00000,0.00231,0.00182,0.00000,0.00000,-1.00000,1.00000
-108695,1168139,1168214,1.08388,1.08572,1.08572,1.08204,-205.71171,5.71291,-0.00175,2024-02-22 01:46:00-05:00,2024-02-22 03:01:00-05:00,0 days 01:15:00,,1.08388,1.08388,1.07618,1.07618,1.00000,1.00000,1.00000,1.00000,0.00184,0.00184,0.00000,0.00000,1.00000,1.00000
101010,1175980,1176461,1.07965,1.08163,1.07767,1.08163,194.71117,5.28863,0.00179,2024-02-29 12:32:00-05:00,2024-02-29 20:34:00-05:00,0 days 08:02:00,,1.08660,1.08660,1.07965,1.07965,1.00000,1.00000,1.00000,0.00000,0.00198,0.00228,0.00000,0.00000,1.00000,-1.00000
-103092,1178286,1180146,1.08561,1.08755,1.08755,1.08367,-205.42579,5.42731,-0.00184,2024-03-04 03:00:00-05:00,2024-03-05 10:01:00-05:00,1 days 07:01:00,,1.08561,1.08561,1.07958,1.07958,1.00000,0.00000,1.00000,1.00000,0.00194,0.00157,0.00000,0.00000,-1.00000,0.00000
119760,1190181,1190236,1.09021,1.08854,1.08854,1.09188,-206.32022,6.32102,-0.00158,2024-03-14 10:23:00-04:00,2024-03-14 11:18:00-04:00,0 days 00:55:00,,1.09810,1.09810,1.09021,1.09021,1.00000,1.00000,1.00000,1.00000,0.00167,0.00167,0.00000,0.00000,0.00000,0.00000
137931,1193113,1194042,1.08730,1.08585,1.08585,1.08875,-207.26134,7.26139,-0.00138,2024-03-18 12:17:00-04:00,2024-03-19 03:47:00-04:00,0 days 15:30:00,,1.09638,1.09638,1.08730,1.08730,1.00000,1.00000,1.00000,0.00000,0.00145,0.00135,0.00000,0.00000,1.00000,0.00000
-125786,1196140,1196195,1.09063,1.09222,1.09222,1.08904,-206.65131,6.65157,-0.00151,2024-03-20 14:46:00-04:00,2024-03-20 15:41:00-04:00,0 days 00:55:00,,1.09063,1.09063,1.08348,1.08348,1.00000,1.00000,1.00000,1.00000,0.00159,0.00159,0.00000,0.00000,0.00000,0.00000
125786,1204041,1204133,1.08018,1.07859,1.07859,1.08177,-206.57793,6.57819,-0.00152,2024-03-28 03:33:00-04:00,2024-03-28 05:05:00-04:00,0 days 01:32:00,,1.08643,1.08643,1.08018,1.08018,1.00000,1.00000,1.00000,0.00000,0.00159,0.00181,0.00000,0.00000,0.00000,-1.00000
124999,1207246,1207250,1.07681,1.07521,1.07521,1.07841,-206.51500,6.51660,-0.00153,2024-04-01 10:00:00-04:00,2024-04-01 10:04:00-04:00,0 days 00:04:00,,1.08643,1.08643,1.07681,1.07681,1.00000,1.00000,1.00000,1.00000,0.00160,0.00160,0.00000,0.00000,-1.00000,-1.00000
-107526,1211310,1211874,1.08643,1.08457,1.08829,1.08457,194.34325,5.65511,0.00166,2024-04-04 05:47:00-04:00,2024-04-04 15:11:00-04:00,0 days 09:24:00,,1.08643,1.08643,1.07247,1.07247,1.00000,0.00000,1.00000,1.00000,0.00186,0.00187,0.00000,0.00000,0.00000,0.00000
-114942,1215740,1215862,1.08765,1.08591,1.08939,1.08591,193.94681,6.05227,0.00155,2024-04-09 08:40:00-04:00,2024-04-09 10:42:00-04:00,0 days 02:02:00,,1.08765,1.08765,1.07914,1.07914,1.00000,0.00000,1.00000,1.00000,0.00174,0.00185,0.00000,0.00000,0.00000,1.00000
-60975,1443090,1443976,1.05932,1.05604,1.06260,1.05604,196.87333,3.12467,0.00305,2024-11-18 13:29:00-05:00,2024-11-19 04:16:00-05:00,0 days 14:47:00,,1.05932,1.05932,1.04966,1.04966,1.00000,0.00000,1.00000,1.00000,0.00328,0.00284,0.00000,0.00000,1.00000,1.00000
-58139,1444844,1445341,1.06073,1.05729,1.06417,1.05729,197.01507,2.98309,0.00319,2024-11-19 18:45:00-05:00,2024-11-20 03:02:00-05:00,0 days 08:17:00,,1.06073,1.06073,1.04966,1.04966,1.00000,0.00000,1.00000,1.00000,0.00344,0.00311,0.00000,0.00000,1.00000,1.00000
-67567,1455373,1455513,1.05877,1.05581,1.06173,1.05581,196.53712,3.46120,0.00275,2024-11-29 02:21:00-05:00,2024-11-29 04:41:00-05:00,0 days 02:20:00,,1.05877,1.05877,1.04250,1.04250,1.00000,1.00000,1.00000,1.00000,0.00296,0.00296,0.00000,0.00000,1.00000,1.00000
-68027,1462937,1462940,1.05972,1.06266,1.06266,1.05678,-203.49700,3.49762,-0.00282,2024-12-06 08:30:00-05:00,2024-12-06 08:33:00-05:00,0 days 00:03:00,,1.05972,1.05972,1.04722,1.04722,1.00000,1.00000,1.00000,1.00000,0.00294,0.00294,0.00000,0.00000,1.00000,1.00000
73800,1465549,1465928,1.05322,1.05051,1.05051,1.05593,-203.75910,3.76110,-0.00262,2024-12-10 04:04:00-05:00,2024-12-10 10:23:00-05:00,0 days 06:19:00,,1.06300,1.06300,1.05322,1.05322,1.00000,1.00000,1.00000,0.00000,0.00271,0.00283,0.00000,0.00000,1.00000,-1.00000
87336,1474589,1474779,1.04748,1.04519,1.04519,1.04977,-204.42698,4.42754,-0.00223,2024-12-18 10:50:00-05:00,2024-12-18 14:00:00-05:00,0 days 03:10:00,,1.05342,1.05342,1.04748,1.04748,1.00000,1.00000,1.00000,0.00000,0.00229,0.00243,0.00000,0.00000,1.00000,-1.00000
65359,1476889,1476932,1.03438,1.03744,1.03132,1.03744,196.71815,3.28039,0.00291,2024-12-20 01:12:00-05:00,2024-12-20 01:55:00-05:00,0 days 00:43:00,,1.05342,1.05342,1.03438,1.03438,1.00000,1.00000,1.00000,1.00000,0.00306,0.00306,0.00000,0.00000,-1.00000,-1.00000
