name,param,value,trades,win_rate,avg_win_R,avg_loss_R,payoff,expectancy_R,total_R,pf,max_dd_R,max_losing_streak,max_dd_pct,return_pct,is_trades,is_expectancy_R,is_total_R,is_pf,oos_trades,oos_expectancy_R,oos_total_R,oos_pf,mfe3_to_6_pct
base,,,867,36.10149942329873,1.2590804857263724,-0.7220319735189573,1.7438015654487005,-0.006820670469605375,-5.9135212971478595,0.9852164079159625,39.31468316086081,13,33.340620485914954,-14.940768367361578,503,0.02271558842427841,11.42594097741204,1.0507777193587158,364,-0.04763588536967003,-17.33946227455989,0.9009099539500316,28.57142857142857
fractal_n=5,fractal_n,5,662,38.82175226586103,1.2329010281398938,-0.6992112220899374,1.7632740854112172,0.05086860919264061,33.67501928552808,1.1189171356806984,28.251449609268086,10,25.181936582498004,28.89986785977856,386,0.06107514986939874,23.575007849587916,1.1427604013688877,276,0.03659424433311654,10.100011435940164,1.0855616587991328,28.24427480916031
fractal_n=10,fractal_n,10,465,37.204301075268816,1.158035618673523,-0.7388080033674842,1.5674378368875281,-0.03310059129631369,-15.391774952785866,0.9286532389778848,49.7163535823975,21,40.40495221114874,-17.861525103453214,262,-0.10194002504994261,-26.708286563084965,0.7929663478478377,203,0.05574636261231084,11.3165116102991,1.1304837395334177,19.148936170212767
fractal_n=18,fractal_n,18,319,32.9153605015674,1.2799035813207242,-0.7363753161912748,1.738113096920086,-0.07270984835817186,-23.194441626256825,0.8528125008252758,40.59863003664247,19,33.71005704214643,-23.028085778322136,183,-0.09470281671249146,-17.33061545838594,0.8161138769628244,136,-0.04311636888140355,-5.863826167870883,0.9074198900752833,21.21212121212121
fractal_n=24,fractal_n,24,268,30.970149253731343,1.284924624756587,-0.7224683840136666,1.7785202137402882,-0.10077577308855075,-27.0079071877316,0.7979306904888861,37.126693330133186,15,31.318124801408647,-25.587761314044798,154,-0.12004221417794667,-18.486500983403786,0.7738404351864976,114,-0.07474917723094576,-8.521406204327818,0.8358606658271608,22.0
atr_period=20,atr_period,20,872,36.58256880733945,1.2108309776268684,-0.7183226539292311,1.6856366300068812,-0.012588699265933282,-10.977345759893822,0.9723654339461033,37.07066588159181,13,31.88190338099502,-19.078751976765563,508,0.008319804296814918,4.226460582781979,1.0187461052232918,364,-0.04176869874361485,-15.203806342675806,0.9114896659644299,26.797385620915033
sl_atr=1.0,sl_atr,1.0,898,30.178173719376396,1.999437247797174,-0.8425854400317622,2.3729786355218803,0.015085103845344347,13.546423253119224,1.0256414836147203,54.129283877198496,21,42.93951333370663,-5.906828430788636,523,0.021673087833719802,11.335024937035456,1.0366762545754589,375,0.005897062176223381,2.211398316083768,1.0100864325839913,28.671328671328673
sl_atr=1.25,sl_atr,1.25,880,33.86363636363636,1.5528259385442629,-0.7826268358304965,1.984120486868378,0.008242399128228843,7.253311232841382,1.0159242355442897,39.92497428529505,21,33.9469539209301,-6.254679126787233,512,0.030605772488571575,15.670155514148647,1.0597800437091132,368,-0.022871859460074133,-8.41684428130728,0.9564702889437475,28.75816993464052
sl_atr=1.75,sl_atr,1.75,849,38.044758539458186,1.075333104340312,-0.6579683255067098,1.6343235117164405,0.0014620182395658373,1.241253485391396,1.0035864910350005,31.21913380800749,12,27.569224648035263,-6.317849399747111,490,0.03254161975841201,15.945393681621885,1.0825291746147383,359,-0.040958607788942863,-14.704140196230489,0.9038204344981461,28.48101265822785
sl_atr=2.0,sl_atr,2.0,838,38.902147971360385,0.9478515084984118,-0.6061611874384771,1.5636954792566868,-0.001616868971381858,-1.354936198017997,0.9956342309329685,27.58870785135483,12,24.706646909490214,-7.22182551938102,485,0.025972794358241312,12.596805263747036,1.0720669226171877,353,-0.03952334691718143,-13.951741461765044,0.8970817287132874,28.57142857142857
time_bars=4,time_bars,4,914,39.05908096280088,0.995920810535895,-0.6290999139555102,1.5830884545413024,0.005618246485881026,5.135077288095258,1.0146545390866157,31.26939131570779,15,27.558209276768952,-3.303068087687988,528,0.040304409338859176,21.280728130917645,1.1074024264488664,386,-0.041828110991767836,-16.145650842822384,0.8939659487841507,28.68217054263566
time_bars=9,time_bars,9,833,37.21488595438176,1.3325148786023069,-0.7763346740789032,1.7164180901533144,0.008471281900898945,7.056577823448821,1.017379747509613,32.324259616393256,13,28.481832778559678,-3.5239220374273628,478,0.05780903505464197,27.632718756118862,1.1230142224880362,355,-0.057960960373718375,-20.57614093267002,0.8865658083371295,27.976190476190478
time_bars=12,time_bars,12,812,37.31527093596059,1.380513873231318,-0.8114244385310776,1.7013461853952336,0.006503281252180912,5.2806643767709005,1.012785646708754,31.21195414117758,12,27.794022920133376,-5.5094302848563315,469,0.051304629381718425,24.061871180025943,1.1036576971735976,343,-0.05475570496575815,-18.781206803255046,0.8961715324438324,27.74566473988439
time_atr=0.5,time_atr,0.5,816,35.53921568627451,1.4363885744321465,-0.7913326243259142,1.8151514676343772,0.0003820173895730495,0.3117261898916084,1.0007489080113487,30.096575695850074,13,26.955975142859522,-10.06181556056891,468,0.04728492852902404,22.12934655158325,1.0957390586609226,348,-0.06269431138417138,-21.817620361691638,0.8821297748730877,27.683615819209038
time_atr=0.75,time_atr,0.75,831,35.860409145607704,1.3748423719768665,-0.7685781006114506,1.788812836175134,6.125056943808566e-05,0.05089922320304918,1.0001242498690244,31.178448974038382,12,27.746462370247325,-9.890153737095575,478,0.043302916841407316,20.698794250192698,1.0908118568274834,353,-0.058492620473058504,-20.64789502698965,0.886376221716181,26.589595375722542
time_atr=1.25,time_atr,1.25,889,37.570303712035994,1.1635334112839864,-0.7057684696349821,1.6486049764815318,-0.0034660756789241806,-3.0813412785635967,0.9921334453060029,35.97930056510394,12,31.01724058765542,-12.013219674528964,516,0.020496885218895772,10.576392772950218,1.0478444240333964,373,-0.036615908985291726,-13.657734051513813,0.9199633496626088,27.397260273972602
time_atr=1.5,time_atr,1.5,906,39.51434878587197,1.0677926914130536,-0.7020302017176617,1.5210067726437957,-0.0026962108337808106,-2.442767015405414,0.9936504098658373,40.50880786560124,12,34.034804321762216,-11.57482461000684,526,0.02289552673022058,12.043047060096026,1.0556491270829431,380,-0.03812056335658273,-14.485814075501438,0.9139297405808675,27.33812949640288
be_atr=1.0,be_atr,1.0,904,31.526548672566374,1.2465377271290288,-0.5709968653835482,2.1830903157265293,0.002009062565660295,1.8161925593569066,1.0051385137028446,41.06493654181963,17,34.35232549757093,-7.560734885280118,524,0.02948168527010177,15.448403081533328,1.0772575420018353,380,-0.03587423821625376,-13.632210522176429,0.911183436002358,27.857142857142858
be_atr=1.25,be_atr,1.25,880,34.090909090909086,1.2492618897281902,-0.6580951068259157,1.8982999216535041,-0.007859767091561437,-6.916595040574064,0.9818792698207779,44.25898087659424,16,36.52484999503196,-15.897234313096265,509,0.029471088427380106,15.000784009536474,1.0698494583609062,371,-0.05907649339652437,-21.91737905011054,0.868708199232252,28.187919463087248
be_atr=1.75,be_atr,1.75,850,37.76470588235294,1.2797832036893564,-0.7870682613545171,1.6260129731148019,-0.0065278845555955724,-5.5487018722562365,0.9866732785819498,42.314683160860795,14,35.311108252720445,-15.040837878924751,492,0.026819059086599713,13.19497707060706,1.0562306772449421,358,-0.05235664509179695,-18.74367894286331,0.8968433559228336,28.39506172839506
be_atr=2.0,be_atr,2.0,832,39.66346153846153,1.28633964379504,-0.8510607172511236,1.5114546091962062,-0.0032937471246404612,-2.7403976077008636,0.9935856992724065,42.07050008196153,14,35.14576344864129,-12.839760146670521,480,0.041813738944644484,20.070594693429353,1.0838558280812414,352,-0.06480395540093818,-22.810992301130238,0.8785913343688646,27.647058823529413
trail_atr=1.5,trail_atr,1.5,910,44.505494505494504,0.9956211328117636,-0.8376029748947332,1.1886552013940608,-0.021717520366017616,-19.76294353307603,0.9532779337912765,43.19947378665548,13,35.85054894061005,-25.514210204961074,527,0.009438668990837616,4.974178558171424,1.0208877447250182,383,-0.0645877861390273,-24.737122091247457,0.8661779654606331,21.428571428571427
trail_atr=2.5,trail_atr,2.5,849,31.09540636042403,1.4065771557014974,-0.6723757696953245,2.0919509879704075,-0.025916909501259803,-22.003456166569574,0.9440599330327993,43.560945592068855,13,39.71371909573171,-27.528472413674486,493,-0.005321649377838777,-2.623573143274517,0.9881375651051426,356,-0.05443787366094116,-19.379883023295054,0.8874396926098703,32.098765432098766
trail_atr=3.0,trail_atr,3.0,832,28.846153846153843,1.4890581198715584,-0.6533453565306855,2.2791286491704366,-0.035344353722345935,-29.406502296991818,0.9239710739880148,44.69333285244707,15,41.02336208808144,-32.360626818926384,478,-0.0022322047049004464,-1.0669938489424133,0.995025932058505,354,-0.08005510861030907,-28.339508448049408,0.835492828873028,34.161490683229815
trail_swing=False,trail_swing,False,864,35.41666666666667,1.2770236575290852,-0.7150614279656261,1.7858936415606428,-0.00953129351958253,-8.235037600919306,0.979361029242933,39.45589221874984,13,33.431066577232585,-16.82186998037416,502,0.021936629012510908,11.012187764280476,1.0489339547866925,362,-0.05316913084309334,-19.24722536519979,0.8893598702051365,28.387096774193548
max_bars=30,max_bars,30,873,36.08247422680412,1.2763126423719724,-0.7198791317436836,1.7729540781110038,0.0003962506691818872,0.3459268341957875,1.0008611731271795,38.41609587013883,13,32.75986340790676,-9.649823492703046,505,0.028637207625555664,14.46178985090561,1.0638813211228761,368,-0.03835832341497234,-14.11586301670982,0.9194793152882315,26.451612903225808
max_bars=90,max_bars,90,867,36.10149942329873,1.2590804857263724,-0.7220319735189573,1.7438015654487005,-0.006820670469605375,-5.9135212971478595,0.9852164079159625,39.31468316086081,13,33.340620485914954,-14.940768367361578,503,0.02271558842427841,11.42594097741204,1.0507777193587158,364,-0.04763588536967003,-17.33946227455989,0.9009099539500316,28.57142857142857
atr_mode=update,atr_mode,update,878,37.01594533029613,1.165738497973817,-0.7160908413701127,1.6279198540556437,-0.01951392190909088,-17.13322343618179,0.9567340914431902,42.05544125406624,13,35.14377530800452,-23.62435574116235,508,0.004562422213858497,2.3177104846401164,1.0104230284842213,370,-0.052570091677897036,-19.450933920821903,0.887977282811845,26.845637583892618
