,AUDUSD,EURUSD,GBPUSD,SP500,USDCHF,USDJPY
Start,2021-01-03 17:01:00-05:00,2021-01-03 17:01:00-05:00,2021-01-03 17:01:00-05:00,2024-01-01 18:01:00-05:00,2021-01-03 17:01:00-05:00,2021-01-03 17:01:00-05:00
End,2025-12-31 16:59:00-05:00,2025-12-31 16:59:00-05:00,2025-12-31 16:59:00-05:00,2025-12-31 16:58:00-05:00,2025-12-31 16:59:00-05:00,2025-12-31 16:59:00-05:00
Duration,1822 days 23:58:00,1822 days 23:58:00,1822 days 23:58:00,729 days 22:57:00,1822 days 23:58:00,1822 days 23:58:00
Exposure Time [%],14.94424540096542,14.762689726322655,12.930571418421927,14.050234017848068,13.780755352314026,11.949403552473012
Equity Final [$],8633.00591,8845.251469999945,9165.144919999932,11748.700000000004,9437.501309999963,8882.738999999992
Equity Peak [$],13773.180600000009,10121.158180000002,12847.616480000008,13296.140000000007,11856.987729999975,11142.367999999988
Commissions [$],772.1599199999994,408.3293600000001,755.6813300000001,85.37999999999997,1662.6050800000007,188.863
Return [%],-13.669940900000002,-11.547485300000552,-8.348550800000684,17.487000000000045,-5.624986900000367,-11.172610000000077
Buy & Hold Return [%],-13.368123166394069,-4.04535503055256,-1.313206773305209,43.759033129294956,-10.259835833569209,51.7531624726371
Return (Ann.) [%],-2.3435533676113174,-1.9601433907448618,-1.3966028995851199,6.724742917469273,-0.9296623969648365,-1.8932276473555665
Volatility (Ann.) [%],12.342009877893407,17.153031207630274,11.867245764055477,11.8305251620884,14.91011989448062,17.025236450329988
CAGR [%],-2.9021449591079107,-2.4284895782658467,-1.7314920360370634,8.397926577182236,-1.1532405200819773,-2.345777508845981
Sharpe Ratio,-0.18988425635673906,-0.11427387771981204,-0.11768551248978676,0.5684230264789174,-0.06235110136900884,-0.11120125426034076
Sortino Ratio,-0.3091350485060851,-0.19053217380029636,-0.19023500044567868,1.0254184360071426,-0.11698458612816603,-0.172670915594062
Calmar Ratio,-0.054090759893644966,-0.06625666250708757,-0.04396515196878692,0.4535882150051737,-0.023196913459212317,-0.04237936148937595
Alpha [%],-15.057336497436301,-11.596995083091114,-8.444081121793046,25.1993148059991,-5.9331655580566425,-7.411991976127307
Beta,-0.10378387303642245,-0.012238674409696735,-0.07274583388868898,-0.17927566608500775,-0.03003738686031831,-0.07266450675088852
Max. Drawdown [%],-43.32631621776601,-29.584094890610924,-31.76613379106795,-14.825656167880307,-40.07698690601592,-44.673340532281934
Avg. Drawdown [%],-0.618580329146734,-2.3463658602870163,-0.7794510890143006,-0.472163243984257,-1.0398449947378705,-0.9282800516995939
Max. Drawdown Duration,1238 days 08:06:00,1792 days 09:39:00,1024 days 03:18:00,268 days 23:53:00,1167 days 09:26:00,1505 days 22:28:00
Avg. Drawdown Duration,6 days 02:08:00,113 days 00:43:00,8 days 20:09:00,3 days 08:38:00,14 days 18:12:00,18 days 05:25:00
# Trades,153,151,143,51,145,138
Win Rate [%],35.294117647058826,33.77483443708609,37.06293706293706,52.94117647058824,34.48275862068966,32.608695652173914
Best Trade [%],3.0990282921243,2.6645793754582816,3.120074812441423,5.856056976085722,2.0972663013199657,1.6311228448798485
Worst Trade [%],-0.9235066903150865,-0.7173859831450389,-0.7314078185051718,-0.9857629487291535,-0.5912284793859868,-1.0567841390362955
Avg. Trade [%],-0.03994309465142898,-0.004358247072910881,-0.007618165648715092,0.19342876359558225,-0.031141487707542215,-0.034122988484264205
Max. Trade Duration,5 days 23:06:00,10 days 15:43:00,7 days 01:07:00,6 days 22:07:00,7 days 22:32:00,7 days 18:38:00
Avg. Trade Duration,1 days 18:51:00,1 days 15:39:00,1 days 16:03:00,2 days 03:34:00,1 days 16:13:00,1 days 10:56:00
Profit Factor,0.8606593912489559,0.9840486499165395,0.968815371372638,1.8300851178935138,0.8393418578841801,0.8542588405597321
Expectancy [%],-0.03769366562254604,-0.0029397571380217332,-0.0060811083125363544,0.19931692481296026,-0.030172994421272453,-0.032625580634214855
SQN,-0.41982741245840116,-0.37431124628213863,-0.25348052815091204,1.0071794039760933,-0.19425918526363026,-0.34641286450221825
Kelly Criterion,-0.03440470157761394,-0.02890082927712634,-0.023470310759692026,0.16420316190959938,-0.0150248872839287,-0.02803819706843219
Avg. Win [$],259.6913062962963,264.60629156862717,248.74606358490487,208.8159259259261,258.1917079999997,288.752311111111
Avg. Loss [$],-155.45782454545454,-146.49669400000025,-155.75996055555575,-162.05541666666664,-141.8114114736844,-151.7324193548387
Payoff Ratio,1.6704936342420307,1.806227050889126,1.5969833498781818,1.2885464134496758,1.8206694744584202,1.90303636058053
Max. Consecutive Losses,14,11,9,4,13,8
