pair,mode,trades,win,R,R_2021,R_2022,R_2023,R_2024,R_2025
AUDUSD,off,279,45.2,-39.3,-5.8,-19.2,-1.6,-13.3,0.5
AUDUSD,h4,101,39.6,-26.5,2.1,-10.8,-4.0,-11.0,-2.9
AUDUSD,weekly,221,44.3,-33.4,0.7,-9.8,-4.0,-18.4,-1.9
EURUSD,off,349,48.4,-19.3,-5.8,4.8,7.6,-19.6,-6.3
EURUSD,h4,98,48.0,-5.5,-1.3,4.7,0.6,-6.1,-3.4
EURUSD,weekly,90,52.2,0.8,2.2,2.8,-2.5,-1.7,
GBPUSD,off,268,44.8,-40.3,6.1,-15.2,-3.4,-22.6,-5.2
GBPUSD,h4,82,42.7,-15.3,-0.8,-6.4,6.4,-5.8,-8.8
GBPUSD,weekly,128,45.3,-18.7,-2.7,5.5,-1.5,-9.7,-10.2
USDCHF,off,335,50.4,-26.4,-7.7,-8.9,7.8,-9.0,-8.6
USDCHF,h4,78,53.8,-0.8,5.7,-3.2,4.1,-2.7,-4.8
USDCHF,weekly,125,51.2,-8.5,1.4,0.0,-0.7,-9.1,
USDJPY,off,312,45.5,-37.5,-7.1,-12.3,2.5,-12.8,-7.8
USDJPY,h4,86,40.7,-16.8,-8.3,-3.1,1.8,0.9,-8.2
USDJPY,weekly,75,45.3,-9.6,-1.2,,0.9,-2.1,-7.2
