config,vcp,n,win,avgR,R,PF,payoff,IS_n,IS_avgR,OOS_n,OOS_avgR
n2_h4w18_fixed,0,232,38.3621,-0.0033,-0.7584,0.9948,1.5984,131,-0.0857,101,0.1037
n2_h4w18_fixed,1,24,41.6667,0.0812,1.9476,1.1356,1.5898,12,0.0799,12,0.0824
n2_h4w18_trail,0,233,39.0558,-0.0115,-2.6695,0.9756,1.5224,132,-0.1042,101,0.1098
n2_h4w18_trail,1,24,33.3333,0.0334,0.8015,1.0612,2.1224,12,-0.0783,12,0.1451
n3_h4w18_fixed,0,233,43.7768,0.1402,32.6668,1.2455,1.5996,132,0.0485,101,0.2601
n3_h4w18_fixed,1,15,33.3333,-0.1409,-2.1139,0.7941,1.5881,8,-0.3585,7,0.1078
n3_h4w18_trail,0,234,41.453,0.0528,12.3583,1.116,1.5762,132,-0.0235,102,0.1515
n3_h4w18_trail,1,15,26.6667,-0.2765,-4.1477,0.5357,1.4732,8,-0.4421,7,-0.0872
none_h4w18_fixed,0,729,39.369,0.0162,11.7744,1.0259,1.5799,405,-0.0722,324,0.1266
none_h4w18_fixed,1,44,38.6364,-0.0066,-0.2908,0.9895,1.5715,28,-0.0738,16,0.111
none_h4w18_trail,0,735,35.9184,-0.017,-12.5214,0.9646,1.721,408,-0.0316,327,0.0012
none_h4w18_trail,1,46,34.7826,-0.0852,-3.9174,0.8354,1.5663,29,-0.1533,17,0.031
