config,bucket,n,win,avgR,R,PF,payoff,IS_n,IS_avgR,IS_R,OOS_n,OOS_avgR,OOS_R,stair_share
n2_h4dow_fixed,0,52,48.0769,0.2663,13.8452,1.5095,1.6303,27,0.262,7.0753,25,0.2708,6.7699,1.0
n2_h4dow_fixed,1,197,46.1929,0.1965,38.7059,1.3583,1.5822,101,0.0871,8.8014,96,0.3115,29.9045,1.0
n2_h4dow_fixed,2-3,289,38.7543,0.0084,2.4263,1.0134,1.6016,178,0.0095,1.6908,111,0.0066,0.7355,0.4879
n2_h4dow_fixed,4+,258,37.5969,-0.0244,-6.3063,0.9617,1.5962,149,0.0524,7.8009,109,-0.1294,-14.1072,0.1822
n2_h4dow_trail,0,54,46.2963,-0.04,-2.1589,0.9119,1.0578,30,0.1895,5.6857,24,-0.3269,-7.8446,1.0
n2_h4dow_trail,1,209,43.5407,0.2565,53.6069,1.6384,2.1245,114,0.221,25.1885,95,0.2991,28.4184,1.0
n2_h4dow_trail,2-3,307,33.2248,0.0126,3.8663,1.0262,2.0624,193,0.0146,2.8095,114,0.0093,1.0568,0.4919
n2_h4dow_trail,4+,282,35.8156,0.0055,1.5469,1.0117,1.8131,155,0.0657,10.1906,127,-0.0681,-8.6437,0.1879
n2_h4w18_fixed,0,35,31.4286,-0.1764,-6.173,0.7455,1.6266,23,-0.0957,-2.2006,12,-0.331,-3.9724,1.0
n2_h4w18_fixed,1,78,43.5897,0.1267,9.8828,1.2209,1.5799,36,-0.1343,-4.8348,42,0.3504,14.7176,1.0
n2_h4w18_fixed,2-3,84,38.0952,-0.0111,-0.9365,0.9824,1.5964,55,-0.1041,-5.7249,29,0.1651,4.7884,0.4881
n2_h4w18_fixed,4+,59,37.2881,-0.0268,-1.5841,0.9579,1.611,29,0.0857,2.4858,30,-0.1357,-4.0699,0.1695
n2_h4w18_trail,0,35,25.7143,-0.3936,-13.7772,0.3423,0.989,23,-0.4107,-9.4452,12,-0.361,-4.332,1.0
n2_h4w18_trail,1,78,39.7436,0.1676,13.0764,1.3639,2.0679,36,0.2342,8.4297,42,0.1106,4.6467,1.0
n2_h4w18_trail,2-3,85,40.0,-0.0356,-3.0268,0.923,1.3845,56,-0.2233,-12.5055,29,0.3269,9.4787,0.4824
n2_h4w18_trail,4+,59,42.3729,0.0315,1.8596,1.0706,1.456,29,-0.0406,-1.1764,30,0.1012,3.036,0.1695
n3_h4dow_fixed,0,15,46.6667,0.2213,3.319,1.4065,1.6074,7,-1.02,-7.1398,8,1.3074,10.4588,1.0
n3_h4dow_fixed,1,123,44.7154,0.1482,18.231,1.2625,1.5609,64,0.0206,1.3196,59,0.2866,16.9114,1.0
n3_h4dow_fixed,2-3,294,40.8163,0.0626,18.3918,1.1038,1.6004,173,0.145,25.0848,121,-0.0553,-6.693,0.4592
n3_h4dow_fixed,4+,365,38.3562,-0.0062,-2.2658,0.9901,1.5913,202,0.0065,1.3172,163,-0.022,-3.583,0.1096
n3_h4dow_trail,0,13,46.1538,-0.2473,-3.2146,0.5042,0.5882,6,-0.4979,-2.9875,7,-0.0324,-0.2271,1.0
n3_h4dow_trail,1,119,42.0168,0.2553,30.3786,1.573,2.1708,64,0.1457,9.3238,55,0.3828,21.0548,1.0
n3_h4dow_trail,2-3,301,36.5449,0.1388,41.774,1.2853,2.2318,185,0.2474,45.7682,116,-0.0344,-3.9942,0.4485
n3_h4dow_trail,4+,415,34.4578,-0.0121,-5.031,0.974,1.8526,225,0.0087,1.9539,190,-0.0368,-6.9849,0.1012
n3_h4w18_fixed,0,16,18.75,-0.5046,-8.0737,0.3806,1.6491,10,-0.7588,-7.5877,6,-0.081,-0.486,1.0
n3_h4w18_fixed,1,34,44.1176,0.1372,4.6638,1.2419,1.573,16,0.1434,2.2936,18,0.1317,2.3702,1.0
n3_h4w18_fixed,2-3,95,48.4211,0.2601,24.7049,1.4955,1.5931,62,0.2226,13.8016,33,0.3304,10.9033,0.4211
n3_h4w18_fixed,4+,103,41.7476,0.0899,9.2579,1.1514,1.6065,52,-0.0957,-4.9762,51,0.2791,14.2341,0.0874
n3_h4w18_trail,0,16,25.0,-0.4933,-7.8928,0.1934,0.5802,10,-0.5275,-5.2751,6,-0.4363,-2.6177,1.0
n3_h4w18_trail,1,34,38.2353,0.2015,6.8503,1.4016,2.2641,16,0.5015,8.0235,18,-0.0652,-1.1732,1.0
n3_h4w18_trail,2-3,95,48.4211,0.1183,11.2405,1.3023,1.3872,62,0.1241,7.697,33,0.1074,3.5435,0.4211
n3_h4w18_trail,4+,104,36.5385,-0.0191,-1.9874,0.9614,1.6698,52,-0.3285,-17.0812,52,0.2903,15.0938,0.0865
