mode,filter,year,R,n
trail,w1_dow_strict,2021,2.0391484499999883,51
trail,w1_dow_strict,2022,25.977114899999872,56
trail,w1_dow_strict,2023,-8.026686899999593,35
trail,w1_dow_strict,2024,-1.3887757500001903,34
trail,w1_dow_strict,2025,1.569676499999926,54
fixed,h4_ma_aligned,2021,-9.000525750000039,71
fixed,h4_ma_aligned,2022,13.96227389999994,49
fixed,h4_ma_aligned,2023,6.421225350000144,64
fixed,h4_ma_aligned,2024,13.953461499999412,69
fixed,h4_ma_aligned,2025,13.746554300000025,55
fixed,d1roc_h4ma,2021,-10.404923249999882,93
fixed,d1roc_h4ma,2022,25.56189079999982,77
fixed,d1roc_h4ma,2023,-3.958731250000025,95
fixed,d1roc_h4ma,2024,18.65632759999952,97
fixed,d1roc_h4ma,2025,20.751079299999883,108
trail,h4_ma_nocounter,2021,-2.64923180000007,141
trail,h4_ma_nocounter,2022,23.241290949999744,111
trail,h4_ma_nocounter,2023,-26.48495309999999,130
trail,h4_ma_nocounter,2024,13.360578299999672,136
trail,h4_ma_nocounter,2025,3.5355283500000025,143
fixed,h4_ma_nocounter,2021,-29.32547590000007,140
fixed,h4_ma_nocounter,2022,25.33037309999976,111
fixed,h4_ma_nocounter,2023,-16.373349900000164,128
fixed,h4_ma_nocounter,2024,24.951754299999408,135
fixed,h4_ma_nocounter,2025,18.832658349999953,141
trail,d1_roc20,2021,12.939776050000097,96
trail,d1_roc20,2022,19.87179174999974,80
trail,d1_roc20,2023,-14.737770199999852,98
trail,d1_roc20,2024,12.036050499999579,102
trail,d1_roc20,2025,10.189238050000089,119
trail,d1roc_h4ma,2021,13.905992250000114,94
trail,d1roc_h4ma,2022,18.797625849999736,77
trail,d1roc_h4ma,2023,-13.731092399999847,97
trail,d1roc_h4ma,2024,9.431318599999582,98
trail,d1roc_h4ma,2025,14.731861050000026,110
fixed,d1_roc20,2021,-12.4391084499999,95
fixed,d1_roc20,2022,25.094588049999793,80
fixed,d1_roc20,2023,-4.965409050000032,96
fixed,d1_roc20,2024,22.378286849999544,101
fixed,d1_roc20,2025,14.17367664999989,117
trail,w1_dow_nocounter,2021,0.346141000000046,103
trail,w1_dow_nocounter,2022,31.794028699999796,79
trail,w1_dow_nocounter,2023,-24.73230259999969,110
trail,w1_dow_nocounter,2024,-3.2465268000003604,130
trail,w1_dow_nocounter,2025,-20.183368500000082,122
fixed,w1_dow_nocounter,2021,-30.38426960000003,102
fixed,w1_dow_nocounter,2022,31.369274849999936,79
fixed,w1_dow_nocounter,2023,-13.661262750000027,107
fixed,w1_dow_nocounter,2024,8.460258249999493,129
fixed,w1_dow_nocounter,2025,-4.573956549999997,119
fixed,w1_dow_strict,2021,-11.26307225000016,50
fixed,w1_dow_strict,2022,22.924849499999993,56
fixed,w1_dow_strict,2023,-8.10792259999991,34
fixed,w1_dow_strict,2024,-0.5243986500002917,33
fixed,w1_dow_strict,2025,1.6809390999999883,53
fixed,d1_adx_lt25,2021,-15.42419445000001,98
fixed,d1_adx_lt25,2022,24.062744349999935,78
fixed,d1_adx_lt25,2023,-20.532234550000265,118
fixed,d1_adx_lt25,2024,21.66870499999966,91
fixed,d1_adx_lt25,2025,1.5265854499999905,118
trail,none,2021,-4.78746844999999,154
trail,none,2022,23.59002454999974,126
trail,none,2023,-36.144150999999944,157
trail,none,2024,10.687334199999572,170
trail,none,2025,-9.78402625000001,174
fixed,none,2021,-34.60483765,153
fixed,none,2022,25.998193099999757,126
fixed,none,2023,-22.704995450000148,154
fixed,none,2024,26.221113099999386,169
fixed,none,2025,16.574124400000027,171
trail,d1_adx_lt25,2021,4.974316299999918,98
trail,d1_adx_lt25,2022,34.39944269999987,78
trail,d1_adx_lt25,2023,-16.079304650000015,120
trail,d1_adx_lt25,2024,19.507618799999744,92
trail,d1_adx_lt25,2025,-14.59193819999976,121
trail,h4_ma_aligned,2021,13.477403500000001,72
trail,h4_ma_aligned,2022,12.228155299999829,49
trail,h4_ma_aligned,2023,-6.1835739999998625,65
trail,h4_ma_aligned,2024,10.85687964999953,70
trail,h4_ma_aligned,2025,1.766253400000064,56
fixed,d1_adx_ge20,2021,-26.243346149999994,80
fixed,d1_adx_ge20,2022,3.772044849999917,75
fixed,d1_adx_ge20,2023,-25.575737649999976,71
fixed,d1_adx_ge20,2024,16.354794949999505,117
fixed,d1_adx_ge20,2025,4.285981999999973,84
trail,d1_adx_ge20,2021,-8.290746649999987,81
trail,d1_adx_ge20,2022,-2.8495218000000087,75
trail,d1_adx_ge20,2023,-35.60105610000007,71
trail,d1_adx_ge20,2024,-3.0522049500003243,118
trail,d1_adx_ge20,2025,-5.199973750000227,84
