Size,EntryBar,ExitBar,EntryPrice,ExitPrice,SL,TP,PnL,Commission,ReturnPct,EntryTime,ExitTime,Duration,Tag,Entry_Active Swing High Line (Signal),Exit_Active Swing High Line (Signal),Entry_Active Swing Low Line (Signal),Exit_Active Swing Low Line (Signal),Entry_SH Valid,Exit_SH Valid,Entry_SL Valid,Exit_SL Valid,"Entry_ATR (Signal, EMA)","Exit_ATR (Signal, EMA)",Entry_Dow Trend (Weekly),Exit_Dow Trend (Weekly)
-709,585,1039,102.874,103.156,103.156,102.404,-201.919,1.981,-0.003,2021-01-04 02:46:00-05:00,2021-01-04 10:20:00-05:00,0 days 07:34:00,,103.899,103.899,102.874,102.874,1.000,1.000,1.000,0.000,0.188,0.219,-1.000,-1.000
-934,18305,21024,103.526,103.740,103.740,103.168,-202.502,2.626,-0.002,2021-01-20 10:18:00-05:00,2021-01-22 07:39:00-05:00,1 days 21:21:00,,104.399,104.399,103.526,103.526,1.000,1.000,1.000,0.000,0.143,0.157,-1.000,-1.000
-533,103434,108207,109.001,108.376,109.001,108.376,331.553,1.572,0.006,2021-04-13 19:07:00-04:00,2021-04-19 03:43:00-04:00,5 days 08:36:00,,110.965,110.965,109.001,109.001,1.000,1.000,1.000,0.000,0.250,0.185,0.000,0.000
435,133282,135656,109.698,109.239,109.239,110.463,-200.957,1.292,-0.004,2021-05-12 16:55:00-04:00,2021-05-14 08:31:00-04:00,1 days 15:36:00,,109.698,109.698,108.338,108.338,1.000,0.000,1.000,1.000,0.306,0.245,0.000,0.000
-772,145289,145348,108.572,108.831,108.831,108.140,-202.225,2.277,-0.002,2021-05-25 03:11:00-04:00,2021-05-25 04:10:00-04:00,0 days 00:59:00,,109.787,109.787,108.572,108.572,1.000,1.000,1.000,1.000,0.173,0.173,0.000,0.000
749,148686,150152,109.787,109.787,109.787,110.232,-2.230,2.230,-0.000,2021-05-27 11:50:00-04:00,2021-05-28 12:17:00-04:00,1 days 00:27:00,,109.787,109.787,108.572,108.560,1.000,0.000,0.000,1.000,0.178,0.214,0.000,0.000
699,155764,157060,110.200,109.914,109.914,110.678,-202.001,2.087,-0.003,2021-06-03 10:53:00-04:00,2021-06-04 08:30:00-04:00,0 days 21:37:00,,110.200,110.200,108.560,108.560,1.000,0.000,1.000,1.000,0.191,0.181,0.000,0.000
884,168786,168943,110.331,110.709,110.331,110.709,331.502,2.650,0.003,2021-06-16 14:04:00-04:00,2021-06-16 16:41:00-04:00,0 days 02:37:00,,110.331,110.331,109.191,109.191,1.000,1.000,1.000,1.000,0.151,0.151,0.000,0.000
621,174948,178469,110.824,110.502,110.502,111.362,-201.826,1.864,-0.003,2021-06-22 21:51:00-04:00,2021-06-25 08:34:00-04:00,2 days 10:43:00,,110.824,110.824,109.191,109.717,1.000,0.000,1.000,1.000,0.215,0.177,0.000,0.000
621,183055,184910,111.117,111.655,111.117,111.655,332.222,1.876,0.005,2021-06-30 14:03:00-04:00,2021-07-01 21:00:00-04:00,1 days 06:57:00,,111.117,111.117,109.717,109.717,1.000,0.000,1.000,1.000,0.215,0.193,1.000,1.000
840,224172,225804,110.595,110.357,110.357,110.993,-202.437,2.517,-0.002,2021-08-10 09:49:00-04:00,2021-08-11 13:02:00-04:00,1 days 03:13:00,,110.595,110.595,108.723,108.723,1.000,0.000,1.000,1.000,0.159,0.174,1.000,1.000
687,241312,242205,110.228,109.937,109.937,110.713,-201.968,2.051,-0.003,2021-08-26 09:41:00-04:00,2021-08-27 00:35:00-04:00,0 days 14:54:00,,110.228,110.228,109.114,109.114,1.000,0.000,1.000,1.000,0.194,0.192,1.000,1.000
970,253684,253764,110.420,110.214,110.214,110.762,-202.723,2.903,-0.002,2021-09-08 02:02:00-04:00,2021-09-08 03:22:00-04:00,0 days 01:20:00,,110.420,110.420,109.588,109.588,1.000,1.000,1.000,1.000,0.137,0.137,1.000,1.000
680,269804,271221,110.081,110.571,110.081,110.571,331.165,2.035,0.004,2021-09-23 08:53:00-04:00,2021-09-24 08:31:00-04:00,0 days 23:38:00,,110.081,110.081,109.113,109.113,1.000,0.000,1.000,1.000,0.196,0.199,1.000,1.000
591,285664,286312,112.079,112.641,112.079,112.641,330.341,1.801,0.005,2021-10-08 11:24:00-04:00,2021-10-10 23:13:00-04:00,2 days 11:49:00,,112.079,112.079,110.822,110.822,1.000,0.000,1.000,1.000,0.225,0.244,1.000,1.000
512,307864,309176,114.311,113.921,113.921,114.961,-201.265,1.585,-0.003,2021-11-01 01:40:00-04:00,2021-11-01 23:33:00-04:00,0 days 21:53:00,,114.311,114.311,110.822,110.822,1.000,0.000,1.000,1.000,0.260,0.232,1.000,1.000
647,324134,324702,114.443,114.958,114.443,114.958,331.192,2.013,0.004,2021-11-16 09:01:00-05:00,2021-11-16 18:30:00-05:00,0 days 09:29:00,,114.443,114.443,112.728,112.728,1.000,0.000,1.000,1.000,0.206,0.217,1.000,1.000
493,330622,330936,114.970,114.565,114.565,115.645,-201.200,1.535,-0.004,2021-11-22 21:14:00-05:00,2021-11-23 02:28:00-05:00,0 days 05:14:00,,114.970,114.970,112.728,112.728,1.000,0.000,1.000,1.000,0.270,0.274,1.000,1.000
754,354601,354746,113.955,113.955,113.955,114.397,-2.330,2.330,-0.000,2021-12-15 13:10:00-05:00,2021-12-15 15:35:00-05:00,0 days 02:25:00,,113.955,113.955,113.224,113.224,1.000,1.000,1.000,1.000,0.177,0.177,1.000,1.000
632,361211,365952,114.267,114.795,114.267,114.795,331.732,1.964,0.005,2021-12-22 03:25:00-05:00,2021-12-27 10:29:00-05:00,5 days 07:04:00,,114.267,114.267,113.224,113.142,1.000,0.000,0.000,1.000,0.211,0.146,1.000,1.000
531,398680,402088,115.058,115.058,115.058,115.686,-1.658,1.658,-0.000,2022-01-27 04:20:00-05:00,2022-01-31 13:10:00-05:00,4 days 08:50:00,,115.058,115.058,113.484,113.472,1.000,0.000,0.000,1.000,0.251,0.267,1.000,1.000
611,411011,411228,115.685,115.358,115.358,116.230,-201.712,1.915,-0.003,2022-02-08 18:00:00-05:00,2022-02-08 21:37:00-05:00,0 days 03:37:00,,115.685,115.685,114.162,114.162,1.000,0.000,1.000,1.000,0.218,0.226,1.000,1.000
546,434582,435287,115.784,115.418,115.418,116.394,-201.548,1.712,-0.003,2022-03-03 03:15:00-05:00,2022-03-03 15:00:00-05:00,0 days 11:45:00,,115.784,115.784,114.410,114.410,1.000,0.000,1.000,1.000,0.244,0.221,1.000,1.000
569,439859,442942,115.806,116.391,115.806,116.391,331.073,1.792,0.005,2022-03-08 19:16:00-05:00,2022-03-10 22:41:00-05:00,2 days 03:25:00,,115.806,115.806,114.410,114.652,1.000,0.000,1.000,1.000,0.234,0.225,1.000,1.000
386,473072,474909,125.102,125.102,125.102,125.964,-1.310,1.310,-0.000,2022-04-11 02:16:00-04:00,2022-04-12 08:54:00-04:00,1 days 06:38:00,,125.102,125.102,121.269,121.269,1.000,0.000,1.000,1.000,0.345,0.369,1.000,1.000
244,491471,491809,129.406,130.768,129.406,130.768,331.467,0.861,0.010,2022-04-27 23:13:00-04:00,2022-04-28 04:51:00-04:00,0 days 05:38:00,,129.406,129.406,121.269,121.269,1.000,0.000,1.000,1.000,0.545,0.623,1.000,1.000
291,501643,501984,131.252,130.565,130.565,132.397,-200.950,1.033,-0.005,2022-05-09 02:53:00-04:00,2022-05-09 08:34:00-04:00,0 days 05:41:00,,131.252,131.252,126.941,126.941,1.000,0.000,1.000,1.000,0.458,0.447,1.000,1.000
322,526363,529333,129.781,130.816,129.781,130.816,332.132,1.138,0.008,2022-06-01 10:11:00-04:00,2022-06-03 11:43:00-04:00,2 days 01:32:00,,129.781,129.781,126.361,126.361,1.000,0.000,1.000,1.000,0.414,0.375,1.000,1.000
243,546129,548509,135.597,135.597,135.597,136.965,-0.894,0.894,-0.000,2022-06-21 06:56:00-04:00,2022-06-22 22:38:00-04:00,1 days 15:42:00,,135.597,135.597,126.361,131.494,1.000,0.000,1.000,1.000,0.547,0.487,1.000,1.000
308,554842,555922,136.718,136.070,136.070,137.798,-200.723,1.139,-0.005,2022-06-29 09:15:00-04:00,2022-06-30 03:16:00-04:00,0 days 18:01:00,,136.718,136.718,134.266,134.266,1.000,0.000,1.000,1.000,0.432,0.395,1.000,1.000
276,565534,567466,137.008,137.008,137.008,138.213,-1.026,1.026,-0.000,2022-07-10 21:40:00-04:00,2022-07-12 05:53:00-04:00,1 days 08:13:00,,137.008,137.008,134.744,134.744,1.000,0.000,1.000,1.000,0.482,0.454,1.000,1.000
247,606437,607526,135.582,136.927,135.582,136.927,331.302,0.913,0.010,2022-08-18 12:59:00-04:00,2022-08-19 07:09:00-04:00,0 days 18:10:00,,135.582,135.582,131.733,131.733,1.000,0.000,1.000,1.000,0.538,0.534,1.000,1.000
255,615252,617705,137.739,139.012,137.739,139.012,323.658,0.957,0.009,2022-08-28 18:01:00-04:00,2022-08-30 10:55:00-04:00,1 days 16:54:00,,137.710,137.710,131.733,131.733,1.000,0.000,1.000,1.000,0.507,0.465,1.000,1.000
249,641263,641267,144.964,144.162,144.162,146.302,-200.675,0.977,-0.006,2022-09-21 22:52:00-04:00,2022-09-21 22:56:00-04:00,0 days 00:04:00,,144.964,144.964,141.504,141.504,1.000,1.000,1.000,1.000,0.535,0.535,1.000,1.000
348,651286,651953,144.904,144.330,144.330,145.862,-201.117,1.365,-0.004,2022-10-03 00:02:00-04:00,2022-10-03 11:09:00-04:00,0 days 11:07:00,,144.904,144.904,140.354,140.354,1.000,0.000,1.000,1.000,0.383,0.414,1.000,1.000
397,657571,661059,145.322,146.160,145.322,146.160,331.116,1.570,0.006,2022-10-07 08:51:00-04:00,2022-10-11 20:02:00-04:00,4 days 11:11:00,,145.322,145.322,140.354,143.527,1.000,0.000,1.000,1.000,0.335,0.305,1.000,1.000
225,724143,724925,137.858,136.972,136.972,139.336,-200.189,0.839,-0.006,2022-12-12 19:28:00-05:00,2022-12-13 08:30:00-05:00,0 days 13:02:00,,137.858,137.858,133.620,133.620,1.000,0.000,1.000,1.000,0.591,0.550,1.000,1.000
169,749627,749894,134.499,133.317,133.317,136.469,-200.372,0.614,-0.009,2023-01-06 04:21:00-05:00,2023-01-06 08:48:00-05:00,0 days 04:27:00,,134.499,134.499,129.513,129.513,1.000,0.000,1.000,1.000,0.788,0.799,1.000,1.000
-206,755658,755701,129.513,130.481,130.481,127.901,-200.135,0.727,-0.008,2023-01-12 08:59:00-05:00,2023-01-12 09:42:00-05:00,0 days 00:43:00,,134.774,134.774,129.513,129.513,1.000,1.000,1.000,0.000,0.645,0.761,0.000,0.000
-272,776147,776935,129.026,129.026,129.026,127.801,-0.952,0.952,-0.000,2023-02-01 14:42:00-05:00,2023-02-02 03:51:00-05:00,0 days 13:09:00,,131.118,131.118,129.026,129.026,1.000,1.000,1.000,0.000,0.490,0.564,0.000,0.000
206,778749,780191,131.118,132.736,131.118,132.736,332.571,0.737,0.012,2023-02-03 10:06:00-05:00,2023-02-06 10:09:00-05:00,3 days 00:03:00,,131.118,131.118,129.026,129.026,1.000,0.000,0.000,0.000,0.647,0.712,0.000,0.000
199,787446,788217,132.901,131.900,131.900,134.569,-199.914,0.715,-0.008,2023-02-13 11:09:00-05:00,2023-02-14 00:01:00-05:00,0 days 12:52:00,,132.901,132.901,128.086,128.086,1.000,0.000,1.000,1.000,0.667,0.596,0.000,0.000
291,810655,811741,137.099,137.099,137.099,138.241,-1.082,1.082,-0.000,2023-03-07 14:15:00-05:00,2023-03-08 08:22:00-05:00,0 days 18:07:00,,137.099,137.099,134.058,134.058,1.000,0.000,1.000,1.000,0.457,0.449,0.000,0.000
-165,815137,816792,133.921,133.921,133.921,132.040,-0.600,0.600,-0.000,2023-03-12 18:01:00-04:00,2023-03-13 21:43:00-04:00,1 days 03:42:00,,137.099,137.912,134.058,134.058,0.000,1.000,1.000,0.000,0.771,0.876,0.000,0.000
234,844657,847418,133.756,132.904,132.904,135.176,-200.215,0.847,-0.006,2023-04-10 10:28:00-04:00,2023-04-12 08:31:00-04:00,1 days 22:03:00,,133.756,133.756,129.644,130.632,1.000,0.000,1.000,1.000,0.568,0.443,0.000,0.000
247,864188,864675,135.135,136.483,135.135,136.483,332.046,0.910,0.010,2023-04-28 02:18:00-04:00,2023-04-28 10:25:00-04:00,0 days 08:07:00,,135.135,135.135,132.023,132.023,1.000,0.000,1.000,1.000,0.539,0.622,0.000,0.000
352,884251,884932,137.774,138.719,137.774,138.719,331.320,1.320,0.007,2023-05-18 03:55:00-04:00,2023-05-18 15:16:00-04:00,0 days 11:21:00,,137.774,137.774,133.746,133.746,1.000,0.000,1.000,1.000,0.378,0.440,0.000,0.000
284,912376,913113,140.453,140.453,140.453,141.623,-1.082,1.082,-0.000,2023-06-14 21:01:00-04:00,2023-06-15 09:18:00-04:00,0 days 12:17:00,,140.453,140.453,138.762,138.762,1.000,0.000,1.000,1.000,0.468,0.520,1.000,1.000
139,958344,964478,141.954,141.954,141.954,144.346,-0.536,0.536,-0.000,2023-07-31 02:48:00-04:00,2023-08-04 09:06:00-04:00,4 days 06:18:00,,141.954,141.954,137.242,138.066,1.000,0.000,1.000,1.000,0.957,0.560,1.000,1.000
348,969630,970138,143.891,143.317,143.317,144.849,-201.107,1.355,-0.004,2023-08-10 00:02:00-04:00,2023-08-10 08:30:00-04:00,0 days 08:28:00,,143.891,143.891,141.516,141.516,1.000,0.000,1.000,1.000,0.383,0.380,1.000,1.000
353,985981,988759,146.561,146.561,146.561,147.503,-1.404,1.404,-0.000,2023-08-25 10:44:00-04:00,2023-08-29 10:04:00-04:00,3 days 23:20:00,,146.561,146.561,141.516,144.542,1.000,0.000,1.000,1.000,0.377,0.358,1.000,1.000
390,995774,999402,147.376,146.864,146.864,148.228,-201.237,1.557,-0.004,2023-09-05 08:04:00-04:00,2023-09-07 20:35:00-04:00,2 days 12:31:00,,147.376,147.376,144.542,144.443,1.000,0.000,0.000,1.000,0.341,0.358,1.000,1.000
417,1007131,1012842,147.873,147.873,147.873,148.671,-1.672,1.672,-0.000,2023-09-15 06:29:00-04:00,2023-09-21 06:44:00-04:00,6 days 00:15:00,,147.873,147.873,145.904,145.904,1.000,0.000,1.000,1.000,0.319,0.295,1.000,1.000
873,1047457,1048008,149.992,150.374,149.992,150.374,329.929,3.557,0.003,2023-10-25 13:04:00-04:00,2023-10-25 22:16:00-04:00,0 days 09:12:00,,149.992,149.992,148.781,148.781,1.000,0.000,1.000,1.000,0.153,0.186,1.000,1.000
332,1052884,1054733,150.778,150.778,150.778,151.780,-1.358,1.358,-0.000,2023-10-31 08:35:00-04:00,2023-11-01 15:25:00-04:00,1 days 06:50:00,,150.778,150.778,149.325,149.325,1.000,0.000,0.000,0.000,0.401,0.449,1.000,1.000
625,1065304,1065923,151.736,151.416,151.416,152.268,-202.570,2.570,-0.002,2023-11-12 23:44:00-05:00,2023-11-13 10:03:00-05:00,0 days 10:19:00,,151.736,151.736,149.200,149.200,1.000,0.000,1.000,1.000,0.213,0.204,1.000,1.000
274,1119076,1119567,144.956,144.956,144.956,146.171,-1.078,1.078,-0.000,2024-01-05 01:19:00-05:00,2024-01-05 09:30:00-05:00,0 days 08:11:00,,144.956,144.956,140.254,140.254,1.000,0.000,1.000,1.000,0.486,0.549,1.000,1.000
291,1125262,1125740,145.979,145.293,145.293,147.121,-200.775,1.149,-0.005,2024-01-11 08:31:00-05:00,2024-01-11 16:29:00-05:00,0 days 07:58:00,,145.979,145.979,140.254,140.254,1.000,0.000,1.000,1.000,0.457,0.536,1.000,1.000
218,1148948,1151415,148.806,147.891,147.891,150.331,-200.347,0.877,-0.006,2024-02-04 19:37:00-05:00,2024-02-06 12:45:00-05:00,1 days 17:08:00,,148.806,148.806,146.652,146.652,1.000,0.000,0.000,0.000,0.610,0.426,1.000,1.000
319,1194398,1196024,150.844,150.844,150.844,151.886,-1.306,1.306,-0.000,2024-03-19 11:38:00-04:00,2024-03-20 14:45:00-04:00,1 days 03:07:00,,150.844,150.844,146.484,146.484,1.000,0.000,1.000,1.000,0.417,0.379,1.000,1.000
847,1217054,1217056,151.953,152.345,151.953,152.345,328.528,3.496,0.003,2024-04-10 08:30:00-04:00,2024-04-10 08:32:00-04:00,0 days 00:02:00,,151.953,151.953,150.812,150.812,1.000,1.000,1.000,1.000,0.157,0.157,1.000,1.000
555,1228629,1231309,154.787,154.787,154.787,155.387,-2.330,2.330,-0.000,2024-04-22 11:33:00-04:00,2024-04-24 08:15:00-04:00,1 days 20:42:00,,154.787,154.787,150.812,153.591,1.000,0.000,1.000,1.000,0.240,0.186,1.000,1.000
459,1260344,1267135,156.784,157.509,156.784,157.509,330.818,1.957,0.005,2024-05-22 16:44:00-04:00,2024-05-29 11:00:00-04:00,6 days 18:16:00,,156.784,157.196,153.600,153.600,1.000,0.000,1.000,1.000,0.290,0.256,1.000,1.000
291,1283587,1283963,157.709,157.022,157.022,158.854,-201.159,1.242,-0.004,2024-06-13 23:24:00-04:00,2024-06-14 05:40:00-04:00,0 days 06:16:00,,157.709,157.709,154.548,154.548,1.000,0.000,1.000,1.000,0.458,0.579,1.000,1.000
516,1289543,1290096,158.257,158.902,158.257,158.902,330.600,2.220,0.004,2024-06-20 03:44:00-04:00,2024-06-20 12:57:00-04:00,0 days 09:13:00,,158.257,158.257,155.721,155.721,1.000,0.000,1.000,1.000,0.258,0.277,1.000,1.000
-226,1367520,1369740,143.446,143.446,143.446,141.974,-0.880,0.880,-0.000,2024-09-04 19:29:00-04:00,2024-09-06 08:30:00-04:00,1 days 13:01:00,,149.400,147.210,143.446,143.446,1.000,1.000,1.000,0.000,0.589,0.629,0.000,0.000
-205,1451204,1452393,153.280,151.660,153.280,151.660,331.252,0.848,0.011,2024-11-26 07:15:00-05:00,2024-11-27 03:05:00-05:00,0 days 19:50:00,,155.887,155.887,153.280,153.280,1.000,1.000,1.000,0.000,0.648,0.638,-1.000,-1.000
408,1482071,1483608,157.929,157.440,157.440,158.744,-201.257,1.745,-0.003,2024-12-26 09:41:00-05:00,2024-12-27 11:19:00-05:00,1 days 01:38:00,,157.929,157.929,148.646,148.646,1.000,0.000,1.000,1.000,0.326,0.297,1.000,1.000
223,1491291,1497591,158.085,157.191,157.191,159.575,-200.315,0.953,-0.006,2025-01-06 19:28:00-05:00,2025-01-13 04:32:00-05:00,6 days 09:04:00,,158.085,158.085,156.023,156.242,1.000,0.000,1.000,1.000,0.596,0.556,1.000,1.000
-177,1549509,1550097,148.562,149.686,149.686,146.690,-199.664,0.716,-0.008,2025-03-04 06:32:00-05:00,2025-03-04 16:20:00-05:00,0 days 09:48:00,,154.800,154.800,148.562,148.562,1.000,1.000,1.000,0.000,0.749,0.765,0.000,0.000
244,1562839,1565047,149.197,149.197,149.197,150.562,-0.988,0.988,-0.000,2025-03-17 14:51:00-04:00,2025-03-19 03:41:00-04:00,1 days 12:50:00,,149.197,149.197,146.545,146.545,1.000,0.000,1.000,1.000,0.546,0.474,0.000,0.000
-210,1580196,1580846,148.178,146.593,148.178,146.593,332.010,0.840,0.011,2025-04-02 18:21:00-04:00,2025-04-03 05:11:00-04:00,0 days 10:50:00,,151.212,151.212,148.178,148.178,1.000,1.000,1.000,0.000,0.634,0.784,0.000,0.000
260,1609104,1609669,144.032,145.312,144.032,145.312,331.780,1.020,0.009,2025-05-01 01:23:00-04:00,2025-05-01 10:48:00-04:00,0 days 09:25:00,,144.032,144.032,139.888,139.888,1.000,0.000,1.000,1.000,0.512,0.560,0.000,0.000
186,1616973,1618222,145.926,144.856,144.856,147.708,-199.753,0.733,-0.007,2025-05-08 13:37:00-04:00,2025-05-09 10:27:00-04:00,0 days 20:50:00,,145.926,145.926,141.972,141.972,1.000,0.000,1.000,1.000,0.713,0.632,0.000,0.000
-245,1633120,1634753,142.354,143.170,143.170,140.994,-200.869,0.949,-0.006,2025-05-25 21:56:00-04:00,2025-05-27 01:10:00-04:00,1 days 03:14:00,,148.653,148.653,142.354,142.354,1.000,1.000,1.000,0.000,0.544,0.490,0.000,0.000
286,1659315,1661625,145.469,146.631,145.469,146.631,331.199,1.133,0.008,2025-06-19 05:54:00-04:00,2025-06-22 21:26:00-04:00,3 days 15:32:00,,145.469,145.469,142.796,142.796,1.000,0.000,1.000,1.000,0.465,0.420,0.000,0.000
-258,1670815,1671029,142.796,143.570,143.570,141.506,-200.694,1.002,-0.005,2025-07-01 07:42:00-04:00,2025-07-01 11:16:00-04:00,0 days 03:34:00,,148.032,148.032,142.796,142.796,1.000,1.000,1.000,0.000,0.516,0.513,0.000,0.000
367,1685141,1685313,148.032,148.940,148.032,148.940,331.758,1.478,0.006,2025-07-15 08:38:00-04:00,2025-07-15 11:30:00-04:00,0 days 02:52:00,,148.032,148.032,142.683,142.683,1.000,0.000,1.000,1.000,0.363,0.382,0.000,0.000
290,1701220,1702320,149.187,150.335,149.187,150.335,331.742,1.178,0.008,2025-07-30 14:48:00-04:00,2025-07-31 09:09:00-04:00,0 days 18:21:00,,149.187,149.187,145.854,145.854,1.000,0.000,1.000,1.000,0.459,0.585,1.000,1.000
356,1724451,1725215,148.520,147.959,147.959,149.455,-201.147,1.431,-0.004,2025-08-21 21:16:00-04:00,2025-08-22 10:00:00-04:00,0 days 12:44:00,,148.520,148.520,146.215,146.215,1.000,0.000,1.000,1.000,0.374,0.347,1.000,1.000
364,1734815,1734849,148.777,148.228,148.228,149.692,-201.303,1.467,-0.004,2025-09-02 04:07:00-04:00,2025-09-02 04:41:00-04:00,0 days 00:34:00,,148.777,148.777,146.573,146.573,1.000,1.000,1.000,1.000,0.366,0.366,1.000,1.000
292,1752296,1753142,148.189,147.505,147.505,149.329,-200.899,1.171,-0.005,2025-09-18 09:40:00-04:00,2025-09-18 23:47:00-04:00,0 days 14:07:00,,148.189,148.189,146.309,146.309,1.000,0.000,0.000,0.000,0.456,0.409,1.000,1.000
220,1768765,1771053,149.960,151.472,149.960,151.472,331.741,0.899,0.010,2025-10-05 23:21:00-04:00,2025-10-07 13:30:00-04:00,1 days 14:09:00,,149.960,149.960,145.485,146.588,1.000,0.000,1.000,1.000,0.605,0.517,1.000,1.000
242,1794686,1800039,153.276,153.276,153.276,154.654,-1.006,1.006,-0.000,2025-10-30 02:40:00-04:00,2025-11-04 19:57:00-05:00,5 days 18:17:00,,153.276,153.276,149.377,151.540,1.000,0.000,1.000,1.000,0.551,0.345,1.000,1.000
367,1805826,1806542,154.484,153.940,153.940,155.392,-201.183,1.535,-0.004,2025-11-10 20:28:00-05:00,2025-11-11 08:24:00-05:00,0 days 11:56:00,,154.484,154.484,151.540,151.540,1.000,0.000,1.000,1.000,0.363,0.367,1.000,1.000
360,1846579,1848259,156.955,156.955,156.955,157.880,-1.532,1.532,-0.000,2025-12-19 04:09:00-05:00,2025-12-22 08:10:00-05:00,3 days 04:01:00,,156.955,156.955,154.344,154.398,1.000,0.000,1.000,1.000,0.370,0.433,1.000,1.000
