variant,mode,year,R,n
base,fixed,2021,-33.578,152
base,fixed,2022,26.0148,126
base,fixed,2023,-23.7484,155
base,fixed,2024,27.25,168
base,fixed,2025,15.5453,172
base,trail,2021,-4.7875,154
base,trail,2022,23.59,126
base,trail,2023,-36.1442,157
base,trail,2024,11.4939,169
base,trail,2025,-10.5906,175
dow_n3,fixed,2021,2.08,166
dow_n3,fixed,2022,2.7527,201
dow_n3,fixed,2023,-2.374,182
dow_n3,fixed,2024,22.4892,245
dow_n3,fixed,2025,9.6051,199
dow_n3,trail,2021,11.0045,181
dow_n3,trail,2022,42.455,205
dow_n3,trail,2023,5.8639,187
dow_n3,trail,2024,4.7146,253
dow_n3,trail,2025,-1.4931,207
dow_n5,fixed,2021,18.4222,127
dow_n5,fixed,2022,3.1866,130
dow_n5,fixed,2023,-3.6997,126
dow_n5,fixed,2024,16.9658,164
dow_n5,fixed,2025,-12.0594,127
dow_n5,trail,2021,20.7232,138
dow_n5,trail,2022,30.5695,135
dow_n5,trail,2023,-15.2771,132
dow_n5,trail,2024,22.7053,164
dow_n5,trail,2025,-17.3241,133
