key,direction,stage,bars
spec,1,トレンド,4911
spec,1,左縁の候補なし,0
spec,1,ATR,0
spec,1,事前上昇,47
spec,1,カップの底,0
spec,1,ハンドル長,1537
spec,1,カップ長,67
spec,1,左縁が最高値,48
spec,1,深さ,201
spec,1,底の位置,318
spec,1,丸み,292
spec,1,右縁(下限),121
spec,1,右縁(上限),0
spec,1,押し幅,192
spec,1,押し/深さ,5
spec,1,ハンドル位置,8
spec,1,ATR収縮,63
spec,1,ハンドル中の終値,0
spec,1,成立,0
spec,-1,トレンド,5356
spec,-1,左縁の候補なし,0
spec,-1,ATR,0
spec,-1,事前上昇,14
spec,-1,カップの底,0
spec,-1,ハンドル長,1250
spec,-1,カップ長,54
spec,-1,左縁が最高値,118
spec,-1,深さ,121
spec,-1,底の位置,226
spec,-1,丸み,187
spec,-1,右縁(下限),42
spec,-1,右縁(上限),0
spec,-1,押し幅,401
spec,-1,押し/深さ,15
spec,-1,ハンドル位置,0
spec,-1,ATR収縮,26
spec,-1,ハンドル中の終値,0
spec,-1,成立,0
d1_nocontr,1,トレンド,4911
d1_nocontr,1,左縁の候補なし,0
d1_nocontr,1,ATR,0
d1_nocontr,1,事前上昇,47
d1_nocontr,1,カップの底,0
d1_nocontr,1,ハンドル長,1537
d1_nocontr,1,カップ長,67
d1_nocontr,1,左縁が最高値,48
d1_nocontr,1,深さ,201
d1_nocontr,1,底の位置,318
d1_nocontr,1,丸み,292
d1_nocontr,1,右縁(下限),121
d1_nocontr,1,右縁(上限),0
d1_nocontr,1,押し幅,192
d1_nocontr,1,押し/深さ,5
d1_nocontr,1,ハンドル位置,8
d1_nocontr,1,ATR収縮,0
d1_nocontr,1,ハンドル中の終値,0
d1_nocontr,1,成立,63
d1_nocontr,-1,トレンド,5356
d1_nocontr,-1,左縁の候補なし,0
d1_nocontr,-1,ATR,0
d1_nocontr,-1,事前上昇,14
d1_nocontr,-1,カップの底,0
d1_nocontr,-1,ハンドル長,1250
d1_nocontr,-1,カップ長,54
d1_nocontr,-1,左縁が最高値,118
d1_nocontr,-1,深さ,121
d1_nocontr,-1,底の位置,226
d1_nocontr,-1,丸み,187
d1_nocontr,-1,右縁(下限),42
d1_nocontr,-1,右縁(上限),0
d1_nocontr,-1,押し幅,401
d1_nocontr,-1,押し/深さ,15
d1_nocontr,-1,ハンドル位置,0
d1_nocontr,-1,ATR収縮,0
d1_nocontr,-1,ハンドル中の終値,0
d1_nocontr,-1,成立,26
h4_nocontr,1,トレンド,27686
h4_nocontr,1,左縁の候補なし,0
h4_nocontr,1,ATR,0
h4_nocontr,1,事前上昇,140
h4_nocontr,1,カップの底,0
h4_nocontr,1,ハンドル長,10014
h4_nocontr,1,カップ長,233
h4_nocontr,1,左縁が最高値,549
h4_nocontr,1,深さ,1141
h4_nocontr,1,底の位置,2754
h4_nocontr,1,丸み,1718
h4_nocontr,1,右縁(下限),322
h4_nocontr,1,右縁(上限),0
h4_nocontr,1,押し幅,1848
h4_nocontr,1,押し/深さ,88
h4_nocontr,1,ハンドル位置,24
h4_nocontr,1,ATR収縮,0
h4_nocontr,1,ハンドル中の終値,0
h4_nocontr,1,成立,223
h4_nocontr,-1,トレンド,29403
h4_nocontr,-1,左縁の候補なし,0
h4_nocontr,-1,ATR,0
h4_nocontr,-1,事前上昇,191
h4_nocontr,-1,カップの底,0
h4_nocontr,-1,ハンドル長,8816
h4_nocontr,-1,カップ長,240
h4_nocontr,-1,左縁が最高値,349
h4_nocontr,-1,深さ,853
h4_nocontr,-1,底の位置,2093
h4_nocontr,-1,丸み,2041
h4_nocontr,-1,右縁(下限),442
h4_nocontr,-1,右縁(上限),0
h4_nocontr,-1,押し幅,1993
h4_nocontr,-1,押し/深さ,104
h4_nocontr,-1,ハンドル位置,11
h4_nocontr,-1,ATR収縮,0
h4_nocontr,-1,ハンドル中の終値,0
h4_nocontr,-1,成立,204
