config,AUDUSD,EURUSD,GBPUSD,SP500,USDCHF,USDJPY
n2_sw0.5_tp2,1.885,-12.07,4.911,-1.199,-6.339,4.97
n2_sw0.5_tp3,-6.104,-7.059,0.926,-3.196,-7.318,2.976
n2_sw0.5_trail,-7.765,-8.571,1.78,-1.601,-9.093,-1.84
n2_sw1.0_tp2,1.885,-12.07,3.906,-1.199,-6.339,4.97
n2_sw1.0_tp3,-6.104,-7.059,0.926,-3.196,-7.318,2.976
n2_sw1.0_trail,-7.765,-8.571,0.467,-1.601,-9.299,0.115
n3_sw0.5_tp2,-3.064,-3.04,1.912,1.807,-1.244,3.975
n3_sw0.5_tp3,-1.064,0.963,0.926,-0.192,-0.244,-1.024
n3_sw0.5_trail,-4.473,-4.953,1.836,0.391,-1.635,7.251
n3_sw1.0_tp2,-3.064,-3.04,1.912,1.807,-1.244,3.975
n3_sw1.0_tp3,-1.064,0.963,0.926,-0.192,-0.244,-1.024
n3_sw1.0_trail,-4.473,-4.953,0.827,0.391,-1.635,7.251
