config,トレード数,勝率 [%],合計R,平均R,平均勝ちR,平均負けR,プロフィットファクター,ペイオフレシオ,最大連敗,最大DD [R],IS_n,IS_R,IS_PF,OOS_n,OOS_R,OOS_PF,plus_pairs,long_R,short_R,pass,picked
n2_sw0.5_trail,105,27.619,-27.0903,-0.258,0.9345,-0.713,0.5001,1.3106,9,27.0903,64,-11.2356,0.6439,41,-15.8547,0.2995,1,-17.6568,-9.4335,False,False
n2_sw0.5_tp2,91,30.7692,-7.8411,-0.0862,1.9941,-1.0107,0.8769,1.9729,6,14.3751,55,4.6135,1.1307,36,-12.4546,0.5612,3,-12.5134,4.6723,False,False
n2_sw0.5_tp3,79,18.9873,-19.7748,-0.2503,2.9941,-1.0107,0.6943,2.9623,26,27.4732,45,-1.325,0.9614,34,-18.4499,0.3932,2,-14.4676,-5.3073,False,False
n2_sw1.0_trail,106,28.3019,-26.6552,-0.2515,0.9154,-0.7121,0.5075,1.2856,10,26.6552,65,-10.5936,0.6635,41,-16.0615,0.2904,2,-16.1103,-10.5449,False,False
n2_sw1.0_tp2,92,30.4348,-8.8462,-0.0962,1.9941,-1.0106,0.8632,1.9731,6,14.3751,56,3.6084,1.0994,36,-12.4546,0.5612,3,-13.5185,4.6723,False,False
n2_sw1.0_tp3,79,18.9873,-19.7748,-0.2503,2.9941,-1.0107,0.6943,2.9623,26,27.4732,45,-1.325,0.9614,34,-18.4499,0.3932,2,-14.4676,-5.3073,False,False
n3_sw0.5_trail,74,31.0811,-1.5836,-0.0214,1.6509,-0.7756,0.96,2.1286,6,17.3618,47,-0.6567,0.9746,27,-0.927,0.9324,3,-4.056,2.4724,False,False
n3_sw0.5_tp2,68,33.8235,0.347,0.0051,1.9934,-1.0111,1.0076,1.9714,12,13.2863,43,4.7,1.1728,25,-4.353,0.7622,3,-6.4027,6.7496,False,False
n3_sw0.5_tp3,64,25.0,-0.6343,-0.0099,2.9926,-1.0108,0.9869,2.9608,20,20.3144,40,3.7166,1.1272,24,-4.3509,0.7746,2,-1.3929,0.7586,False,False
n3_sw1.0_trail,75,30.6667,-2.5929,-0.0346,1.6509,-0.7801,0.9361,2.1164,7,18.3711,48,-1.666,0.9379,27,-0.927,0.9324,3,-4.056,1.4631,False,False
n3_sw1.0_tp2,68,33.8235,0.347,0.0051,1.9934,-1.0111,1.0076,1.9714,12,13.2863,43,4.7,1.1728,25,-4.353,0.7622,3,-6.4027,6.7496,False,True
n3_sw1.0_tp3,64,25.0,-0.6343,-0.0099,2.9926,-1.0108,0.9869,2.9608,20,20.3144,40,3.7166,1.1272,24,-4.3509,0.7746,2,-1.3929,0.7586,False,False
