mode,filter,pair,R,n,avgR
fixed,d1_roc20,AUDUSD,0.47239819999992827,101,0.004677209900989389
fixed,d1_roc20,EURUSD,25.7304882999999,93,0.2766719172043
fixed,d1_roc20,GBPUSD,5.645610749999867,88,0.06415466761363485
fixed,d1_roc20,SP500,2.882650000000055,33,0.08735303030303197
fixed,d1_roc20,USDCHF,2.470246799999625,91,0.027145569230765113
fixed,d1_roc20,USDJPY,7.040639999999919,83,0.08482698795180625
fixed,d1roc_h4ma,AUDUSD,3.969131399999939,95,0.04178033052631515
fixed,d1roc_h4ma,EURUSD,26.09396264999989,90,0.2899329183333321
fixed,d1roc_h4ma,GBPUSD,6.671664049999866,87,0.07668579367815938
fixed,d1roc_h4ma,SP500,1.403750000000054,32,0.04386718750000169
fixed,d1roc_h4ma,USDCHF,2.4043250999996726,86,0.027957268604647357
fixed,d1roc_h4ma,USDJPY,10.062809999999894,80,0.12578512499999867
fixed,w1_dow_nocounter,AUDUSD,-20.93380545000013,119,-0.17591433151260613
fixed,w1_dow_nocounter,EURUSD,4.020948299999911,93,0.043236003225805494
fixed,w1_dow_nocounter,GBPUSD,-12.213238700000096,95,-0.12856040736842206
fixed,w1_dow_nocounter,SP500,8.310300000000023,45,0.18467333333333386
fixed,w1_dow_nocounter,USDCHF,0.7815850499997421,100,0.007815850499997421
fixed,w1_dow_nocounter,USDJPY,11.244254999999917,84,0.1338601785714276
trail,d1roc_h4ma,AUDUSD,5.150119799999984,96,0.05364708124999983
trail,d1roc_h4ma,EURUSD,20.050756949999933,92,0.21794301032608623
trail,d1roc_h4ma,GBPUSD,9.771326099999776,88,0.11103779659090654
trail,d1roc_h4ma,SP500,5.208200000000042,32,0.16275625000000132
trail,d1roc_h4ma,USDCHF,0.37538749999993914,86,0.004364970930231851
trail,d1roc_h4ma,USDJPY,2.5799149999999402,82,0.03146237804877976
trail,h4_ma_aligned,AUDUSD,12.646098999999953,62,0.20396933870967668
trail,h4_ma_aligned,EURUSD,14.513723499999777,63,0.23037656349205995
trail,h4_ma_aligned,GBPUSD,3.7381919499998117,59,0.06335918559321715
trail,h4_ma_aligned,SP500,-2.0542499999999597,18,-0.11412499999999776
trail,h4_ma_aligned,USDCHF,0.23996839999991515,51,0.004705262745096375
trail,h4_ma_aligned,USDJPY,3.06138500000006,59,0.05188788135593322
trail,w1_dow_strict,AUDUSD,2.1942242500000426,21,0.10448686904762108
trail,w1_dow_strict,EURUSD,7.189883349999885,57,0.1261383043859629
trail,w1_dow_strict,GBPUSD,8.990149000000015,39,0.2305166410256414
trail,w1_dow_strict,SP500,2.8193,7,0.40275714285714287
trail,w1_dow_strict,USDCHF,-0.2517893999999511,45,-0.005595319999998913
trail,w1_dow_strict,USDJPY,-0.7712899999999875,61,-0.012644098360655533
fixed,d1_adx_lt25,AUDUSD,0.6480718000000179,111,0.005838484684684846
fixed,d1_adx_lt25,EURUSD,7.8410460999998435,97,0.0808355268041221
fixed,d1_adx_lt25,GBPUSD,-0.5011067000002045,94,-0.005330922340427708
fixed,d1_adx_lt25,SP500,-1.7364000000000104,37,-0.04692972972973001
fixed,d1_adx_lt25,USDCHF,13.330054599999803,88,0.15147789318181595
fixed,d1_adx_lt25,USDJPY,-8.280060000000137,76,-0.10894815789473865
fixed,w1_dow_strict,AUDUSD,-8.183363250000001,21,-0.38968396428571433
fixed,w1_dow_strict,EURUSD,1.557741949999735,56,0.027816820535709552
fixed,w1_dow_strict,GBPUSD,2.674668550000152,39,0.06858124487179877
fixed,w1_dow_strict,SP500,2.824799999999996,7,0.4035428571428566
fixed,w1_dow_strict,USDCHF,-2.3303621500001253,45,-0.051785825555558336
fixed,w1_dow_strict,USDJPY,8.166909999999865,58,0.14080879310344593
trail,none,AUDUSD,-6.834970449999993,153,-0.04467300947712414
trail,none,EURUSD,-5.773742650000185,151,-0.038236706291391954
trail,none,GBPUSD,-4.174275400000303,143,-0.02919073706293918
trail,none,SP500,8.743500000000031,51,0.17144117647058885
trail,none,USDCHF,-2.81249345000014,145,-0.019396506551725104
trail,none,USDJPY,-5.586305000000031,138,-0.04048047101449298
fixed,h4_ma_aligned,AUDUSD,1.4305188000000257,61,0.02345112786885288
fixed,h4_ma_aligned,EURUSD,26.007164649999893,61,0.42634696147540807
fixed,h4_ma_aligned,GBPUSD,3.4175013999998445,59,0.05792375254237025
fixed,h4_ma_aligned,SP500,-4.516099999999936,18,-0.25089444444444087
fixed,h4_ma_aligned,USDCHF,-0.7700705500002323,51,-0.015099422549024162
fixed,h4_ma_aligned,USDJPY,13.513974999999887,58,0.2329995689655153
trail,d1_adx_lt25,AUDUSD,-6.61707714999995,112,-0.059081045982142415
trail,d1_adx_lt25,EURUSD,12.803756199999773,98,0.13065057346938544
trail,d1_adx_lt25,GBPUSD,7.138788199999847,95,0.07514513894736681
trail,d1_adx_lt25,SP500,-1.8055000000000145,38,-0.04751315789473722
trail,d1_adx_lt25,USDCHF,12.97210769999997,88,0.14741031477272692
trail,d1_adx_lt25,USDJPY,3.7180600000001363,78,0.047667435897437646
trail,w1_dow_nocounter,AUDUSD,-13.013626249999959,120,-0.10844688541666632
trail,w1_dow_nocounter,EURUSD,2.750739699999915,95,0.028955154736841213
trail,w1_dow_nocounter,GBPUSD,-7.5455329000003255,96,-0.07859930104167005
trail,w1_dow_nocounter,SP500,4.949450000000025,46,0.10759673913043534
trail,w1_dow_nocounter,USDCHF,1.3762612499999578,100,0.013762612499999579
trail,w1_dow_nocounter,USDJPY,-4.539319999999912,87,-0.05217609195402198
fixed,d1_er20_dir,AUDUSD,0.47239819999992827,101,0.004677209900989389
fixed,d1_er20_dir,EURUSD,25.7304882999999,93,0.2766719172043
fixed,d1_er20_dir,GBPUSD,5.645610749999867,88,0.06415466761363485
fixed,d1_er20_dir,SP500,2.882650000000055,33,0.08735303030303197
fixed,d1_er20_dir,USDCHF,2.470246799999625,91,0.027145569230765113
fixed,d1_er20_dir,USDJPY,7.040639999999919,83,0.08482698795180625
fixed,none,AUDUSD,-9.39568300000007,152,-0.061813703947368875
fixed,none,EURUSD,8.519298049999858,149,0.057176496979864815
fixed,none,GBPUSD,-7.0872142000000835,142,-0.04990995915493016
fixed,none,SP500,10.897300000000016,50,0.2179460000000003
fixed,none,USDCHF,1.229136649999571,145,0.008476804482755663
fixed,none,USDJPY,7.320759999999741,135,0.05422785185184993
trail,d1_er20_dir,AUDUSD,2.7887395999999747,102,0.02734058431372524
trail,d1_er20_dir,EURUSD,19.921344249999947,95,0.20969836052631524
trail,d1_er20_dir,GBPUSD,8.74527279999978,89,0.09826149213482899
trail,d1_er20_dir,SP500,6.93530000000004,33,0.21016060606060727
trail,d1_er20_dir,USDCHF,1.3133294999999392,91,0.01443219230769164
trail,d1_er20_dir,USDJPY,0.595099999999968,85,0.007001176470587859
trail,h4_ma_nocounter,AUDUSD,-5.2904109499999805,132,-0.04007887083333318
trail,h4_ma_nocounter,EURUSD,3.8296007499996527,130,0.029458467307689636
trail,h4_ma_nocounter,GBPUSD,6.867810849999739,122,0.056293531557374904
trail,h4_ma_nocounter,SP500,2.710550000000082,40,0.06776375000000205
trail,h4_ma_nocounter,USDCHF,-1.370657950000155,121,-0.011327751652893844
trail,h4_ma_nocounter,USDJPY,4.256320000000025,116,0.036692413793103666
fixed,h4_ma_nocounter,AUDUSD,-6.508034500000036,131,-0.049679652671756
fixed,h4_ma_nocounter,EURUSD,14.144314399999658,128,0.11050245624999733
fixed,h4_ma_nocounter,GBPUSD,-4.2258981000002125,121,-0.03492477768595217
fixed,h4_ma_nocounter,SP500,1.2759500000000568,40,0.03189875000000142
fixed,h4_ma_nocounter,USDCHF,2.518108149999575,121,0.020810811157021283
fixed,h4_ma_nocounter,USDJPY,16.211519999999858,114,0.14220631578947243
fixed,h4_er18_dir20,AUDUSD,-4.878812799999997,75,-0.06505083733333329
fixed,h4_er18_dir20,EURUSD,-0.07379745000020277,76,-0.0009710190789500364
fixed,h4_er18_dir20,GBPUSD,-4.154531249999911,69,-0.06021059782608566
fixed,h4_er18_dir20,SP500,3.9819500000000745,24,0.16591458333333645
fixed,h4_er18_dir20,USDCHF,-6.747939200000195,82,-0.082291941463417
fixed,h4_er18_dir20,USDJPY,-8.043630000000173,82,-0.09809304878048991
fixed,w1_er13_abs30,AUDUSD,-8.819605699999874,37,-0.23836772162161823
fixed,w1_er13_abs30,EURUSD,5.070759249999982,66,0.07682968560606034
fixed,w1_er13_abs30,GBPUSD,2.313266350000087,55,0.042059388181819764
fixed,w1_er13_abs30,SP500,4.36254999999996,21,0.20774047619047428
fixed,w1_er13_abs30,USDCHF,3.6755685499998014,57,0.06448365877192634
fixed,w1_er13_abs30,USDJPY,6.871304999999754,73,0.09412746575342129
trail,h4_er18_dir20,AUDUSD,1.5722048500000647,75,0.020962731333334195
trail,h4_er18_dir20,EURUSD,-8.124737450000337,76,-0.10690444013158339
trail,h4_er18_dir20,GBPUSD,-10.57593005000018,69,-0.15327434855072725
trail,h4_er18_dir20,SP500,-1.2895499999998967,24,-0.0537312499999957
trail,h4_er18_dir20,USDCHF,-9.620880699999999,82,-0.11732781341463414
trail,h4_er18_dir20,USDJPY,-12.815484999999823,82,-0.15628640243902223
trail,w1_er13_abs30,AUDUSD,0.8102281500001018,37,0.021898058108110862
trail,w1_er13_abs30,EURUSD,-1.6093260500000635,67,-0.024019791791045724
trail,w1_er13_abs30,GBPUSD,-0.031348450000041495,55,-0.0005699718181825726
trail,w1_er13_abs30,SP500,7.792449999999944,21,0.3710690476190449
trail,w1_er13_abs30,USDCHF,-8.662966850000156,57,-0.15198187456140624
trail,w1_er13_abs30,USDJPY,-9.684355000000174,74,-0.1308696621621645
trail,d1_roc20,AUDUSD,2.7887395999999747,102,0.02734058431372524
trail,d1_roc20,EURUSD,19.921344249999947,95,0.20969836052631524
trail,d1_roc20,GBPUSD,8.74527279999978,89,0.09826149213482899
trail,d1_roc20,SP500,6.93530000000004,33,0.21016060606060727
trail,d1_roc20,USDCHF,1.3133294999999392,91,0.01443219230769164
trail,d1_roc20,USDJPY,0.595099999999968,85,0.007001176470587859
trail,d1_er20_abs20,AUDUSD,-0.775013400000101,48,-0.016146112500002103
trail,d1_er20_abs20,EURUSD,-3.069272449999854,70,-0.0438467492857122
trail,d1_er20_abs20,GBPUSD,1.8728238499999472,66,0.02837611893939314
trail,d1_er20_abs20,SP500,1.3463000000000305,25,0.05385200000000122
trail,d1_er20_abs20,USDCHF,-6.89211740000003,69,-0.0998857594202903
trail,d1_er20_abs20,USDJPY,1.2293749999998191,65,0.018913461538458756
fixed,d1_er20_abs20,AUDUSD,1.5001813999999962,48,0.031253779166666586
fixed,d1_er20_abs20,EURUSD,9.682356050000099,69,0.1403240007246391
fixed,d1_er20_abs20,GBPUSD,-3.7450295999999845,66,-0.05674287272727249
fixed,d1_er20_abs20,SP500,1.4995500000000326,25,0.059982000000001305
fixed,d1_er20_abs20,USDCHF,-0.9780721000003727,69,-0.014174957971019895
fixed,d1_er20_abs20,USDJPY,9.536994999999866,64,0.1490155468749979
fixed,d1_adx_ge20,AUDUSD,-10.479161050000126,62,-0.16901872661290526
fixed,d1_adx_ge20,EURUSD,-4.464647849999961,86,-0.05191450988372048
fixed,d1_adx_ge20,GBPUSD,-17.042860299999965,79,-0.21573240886075906
fixed,d1_adx_ge20,SP500,8.233399999999978,37,0.22252432432432373
fixed,d1_adx_ge20,USDCHF,-15.771842800000371,83,-0.19002220240964302
fixed,d1_adx_ge20,USDJPY,12.118849999999878,80,0.15148562499999846
trail,d1_adx_ge20,AUDUSD,-9.781393650000025,62,-0.1577644137096778
trail,d1_adx_ge20,EURUSD,-17.847223950000014,87,-0.20514050517241395
trail,d1_adx_ge20,GBPUSD,-17.59953380000017,79,-0.22277890886076165
trail,d1_adx_ge20,SP500,9.335549999999973,37,0.25231216216216146
trail,d1_adx_ge20,USDCHF,-13.811551850000168,83,-0.16640423915662853
trail,d1_adx_ge20,USDJPY,-5.2893500000002085,81,-0.06530061728395319
