Pair,Size,EntryBar,ExitBar,EntryPrice,ExitPrice,SL,TP,PnL,Commission,ReturnPct,EntryTime,ExitTime,Duration,Tag,R
GBPUSD,32786,12707,13642,1.37044,1.36434,1.36434,1.38062,-204.59634999999983,4.60175,-0.00455354277797161,2021-01-14 12:56:00-05:00,2021-01-15 04:32:00-05:00,0 days 15:36:00,,-1.0229817499999991
GBPUSD,44444,18032,18157,1.37102,1.36652,1.36652,1.37852,-206.2423299999977,6.24433,-0.0033847054236906065,2021-01-20 05:45:00-05:00,2021-01-20 07:50:00-05:00,0 days 02:05:00,,-1.0312116499999886
GBPUSD,37174,24598,25394,1.3746,1.36922,1.36922,1.38358,-205.23099999999778,5.23488,-0.004016310929672202,2021-01-26 19:16:00-05:00,2021-01-27 08:32:00-05:00,0 days 13:16:00,,-1.0261549999999888
GBPUSD,-40650,33453,33991,1.36098,1.3659,1.3659,1.35278,-205.6870399999924,5.68904,-0.0037178737259311555,2021-02-03 22:57:00-05:00,2021-02-04 07:55:00-05:00,0 days 08:58:00,,-1.0284351999999621
GBPUSD,39447,37619,39488,1.37592,1.38437,1.37085,1.38437,327.7388400000027,5.58831,0.006038384290940246,2021-02-08 20:26:00-05:00,2021-02-10 03:36:00-05:00,1 days 07:10:00,,1.6386942000000135
GBPUSD,-35842,81152,82363,1.3809,1.3716,1.38648,1.3716,328.2673300000031,5.06327,0.006632437981472755,2021-03-23 04:29:00-04:00,2021-03-24 00:41:00-04:00,0 days 20:12:00,,1.6413366500000155
GBPUSD,39447,92295,96722,1.38468,1.37961,1.37961,1.39313,-205.59269999999637,5.5964100000000006,-0.0037639538559223022,2021-04-01 23:20:00-04:00,2021-04-07 02:10:00-04:00,5 days 02:50:00,,-1.0279634999999818
GBPUSD,-39682,100915,101036,1.36701,1.37205,1.37205,1.35861,-205.57564999999735,5.57837,-0.0037897139273633555,2021-04-12 01:06:00-04:00,2021-04-12 03:07:00-04:00,0 days 02:01:00,,-1.0278782499999868
GBPUSD,36764,108402,112814,1.39185,1.38641,1.38641,1.40093,-205.2382900000041,5.2421299999999995,-0.004010912579446563,2021-04-19 06:58:00-04:00,2021-04-22 08:33:00-04:00,3 days 01:35:00,,-1.0261914500000204
GBPUSD,-39840,121542,122667,1.38237,1.38739,1.38739,1.37399,-205.66014999999214,5.663349999999999,-0.0037342769008568482,2021-04-30 11:07:00-04:00,2021-05-03 06:53:00-04:00,2 days 19:46:00,,-1.0283007499999608
GBPUSD,37243,128653,129541,1.39766,1.40661,1.39229,1.40661,327.9647000000005,5.36015,0.006300585485484461,2021-05-07 10:43:00-04:00,2021-05-10 02:32:00-04:00,2 days 15:49:00,,1.6398235000000025
GBPUSD,41322,137814,140250,1.41664,1.4118,1.4118,1.42471,-205.99694999999815,5.99847,-0.0035190055887501324,2021-05-17 21:31:00-04:00,2021-05-19 14:08:00-04:00,1 days 16:37:00,,-1.0299847499999908
GBPUSD,41928,152065,152493,1.42339,1.41862,1.41862,1.43134,-206.11219999999753,6.11564,-0.003453628677172741,2021-05-31 21:12:00-04:00,2021-06-01 04:20:00-04:00,0 days 07:08:00,,-1.0305609999999876
GBPUSD,-37453,155942,157047,1.40918,1.41452,1.41452,1.40028,-205.42673999999627,5.42772,-0.0038922783704793866,2021-06-03 13:51:00-04:00,2021-06-04 08:17:00-04:00,0 days 18:26:00,,-1.0271336999999814
GBPUSD,-48899,162453,162760,1.40827,1.41236,1.41236,1.40145,-207.07569000000728,7.07878,-0.0030070677409820786,2021-06-10 03:27:00-04:00,2021-06-10 08:34:00-04:00,0 days 05:07:00,,-1.0353784500000365
GBPUSD,-43478,183948,185930,1.37863,1.38323,1.38323,1.37095,-206.1616799999973,6.1628799999999995,-0.003439463155801375,2021-07-01 04:57:00-04:00,2021-07-02 14:00:00-04:00,1 days 09:03:00,,-1.0308083999999864
GBPUSD,34188,193192,194110,1.38986,1.38401,1.38401,1.39961,-204.86692000000454,4.86712,-0.004311487057950783,2021-07-09 16:07:00-04:00,2021-07-12 08:26:00-04:00,2 days 16:19:00,,-1.0243346000000226
GBPUSD,-37950,200919,202334,1.37418,1.3654,1.37945,1.3654,327.8651000000004,5.3359000000000005,0.006286946815147936,2021-07-19 03:00:00-04:00,2021-07-20 02:36:00-04:00,0 days 23:36:00,,1.639325500000002
GBPUSD,37878,212066,221854,1.39121,1.38593,1.38593,1.40001,-205.39463999999816,5.3988,-0.003897708674212088,2021-07-28 21:55:00-04:00,2021-08-08 19:10:00-04:00,10 days 21:15:00,,-1.0269731999999907
GBPUSD,48899,259772,259900,1.38916,1.38507,1.38507,1.39598,-206.95923999999644,6.96233,-0.003046720210990495,2021-09-14 08:34:00-04:00,2021-09-14 10:42:00-04:00,0 days 02:08:00,,-1.0347961999999822
GBPUSD,-41152,264592,265733,1.37268,1.36458,1.37754,1.36458,327.54998999999987,5.78121,0.005798522378049083,2021-09-17 16:57:00-04:00,2021-09-20 12:59:00-04:00,2 days 20:02:00,,1.6377499499999992
GBPUSD,-39525,273941,274136,1.36096,1.35254,1.36602,1.35254,327.29605999999495,5.50444,0.006084480977300112,2021-09-28 06:53:00-04:00,2021-09-28 10:08:00-04:00,0 days 03:15:00,,1.6364802999999748
GBPUSD,39682,292540,307061,1.37505,1.37001,1.37001,1.38345,-205.58787000000615,5.590590000000001,-0.0037677791964169796,2021-10-15 07:05:00-04:00,2021-10-29 11:16:00-04:00,14 days 04:11:00,,-1.0279393500000307
GBPUSD,-41493,312562,312766,1.35688,1.34885,1.3617,1.34885,327.42680999999925,5.76198,0.005815645956311433,2021-11-04 08:01:00-04:00,2021-11-04 11:25:00-04:00,0 days 03:24:00,,1.6371340499999962
GBPUSD,-31152,318624,325612,1.34245,1.34887,1.34887,1.33175,-204.2987600000029,4.30292,-0.004885192450395588,2021-11-10 13:07:00-05:00,2021-11-17 09:41:00-05:00,6 days 20:34:00,,-1.0214938000000144
GBPUSD,-45662,331223,335289,1.33532,1.32802,1.3397,1.32802,327.0910300000038,6.241569999999999,0.00536448889875129,2021-11-23 07:16:00-05:00,2021-11-26 03:05:00-05:00,2 days 19:49:00,,1.635455150000019
GBPUSD,-44150,346993,347352,1.31945,1.32398,1.32398,1.3119,-205.9892799999966,5.98978,-0.0035360709812210446,2021-12-08 06:17:00-05:00,2021-12-08 12:16:00-05:00,0 days 05:59:00,,-1.029946399999983
GBPUSD,36900,355753,355893,1.33709,1.33167,1.33167,1.34611,-205.05214999999927,5.05415,-0.004156017047983588,2021-12-16 08:23:00-05:00,2021-12-16 10:43:00-05:00,0 days 02:20:00,,-1.0252607499999964
GBPUSD,47619,362641,366275,1.3375,1.3445,1.3333,1.3445,326.7783300000056,6.55467,0.005130730312038786,2021-12-23 03:16:00-05:00,2021-12-27 15:52:00-05:00,4 days 12:36:00,,1.633891650000028
GBPUSD,-42016,398431,402901,1.34311,1.34787,1.34787,1.33519,-205.79895999999476,5.8027999999999995,-0.003646841503449651,2022-01-27 00:17:00-05:00,2022-02-01 02:50:00-05:00,5 days 02:33:00,,-1.0289947999999738
GBPUSD,43572,413476,413660,1.36281,1.35822,1.35822,1.37046,-206.0803700000041,6.08489,-0.0034705141447607377,2022-02-10 11:12:00-05:00,2022-02-10 14:16:00-05:00,0 days 03:04:00,,-1.0304018500000205
GBPUSD,-37593,417718,418157,1.34904,1.35436,1.35436,1.34016,-205.21065999999968,5.2158999999999995,-0.004046393416918839,2022-02-15 09:57:00-05:00,2022-02-15 17:17:00-05:00,0 days 07:20:00,,-1.0260532999999983
GBPUSD,-40816,427341,427560,1.34863,1.34045,1.35353,1.34045,328.2418000000031,5.63308,0.005963079892859783,2022-02-24 02:27:00-05:00,2022-02-24 06:06:00-05:00,0 days 03:39:00,,1.6412090000000155
GBPUSD,-32840,433091,433365,1.32727,1.33336,1.33336,1.31712,-204.47995000000495,4.48435,-0.004691247042148309,2022-03-02 02:21:00-05:00,2022-03-02 06:55:00-05:00,0 days 04:34:00,,-1.0223997500000248
GBPUSD,-45248,468811,468969,1.30509,1.30951,1.30951,1.29771,-206.06794999999406,6.07179,-0.0034895594445067285,2022-04-06 02:09:00-04:00,2022-04-06 04:47:00-04:00,0 days 02:38:00,,-1.0303397499999702
GBPUSD,-41493,485997,486111,1.29728,1.28925,1.3021,1.28925,327.6806499999992,5.50814,0.006087545744635001,2022-04-22 02:47:00-04:00,2022-04-22 04:41:00-04:00,0 days 01:54:00,,1.638403249999996
GBPUSD,-21786,499121,505262,1.24113,1.22583,1.25031,1.22583,330.567430000002,2.75837,0.012225462244541576,2022-05-05 07:40:00-04:00,2022-05-11 15:05:00-04:00,6 days 07:25:00,,1.6528371500000099
GBPUSD,29112,521373,524825,1.26395,1.25708,1.25708,1.2754,-203.766149999998,3.76671,-0.005537708652069356,2022-05-26 21:49:00-04:00,2022-05-31 08:23:00-04:00,4 days 10:34:00,,-1.01883074999999
GBPUSD,-36036,531573,531702,1.24588,1.25143,1.25143,1.23663,-204.61851999999797,4.61872,-0.004557557395711953,2022-06-07 01:56:00-04:00,2022-06-07 04:05:00-04:00,0 days 02:09:00,,-1.0230925999999898
GBPUSD,-35650,536228,536416,1.24306,1.23371,1.24867,1.23371,328.7958399999989,4.5316600000000005,0.0074195008386421174,2022-06-10 07:34:00-04:00,2022-06-10 10:42:00-04:00,0 days 03:08:00,,1.6439791999999946
GBPUSD,-32894,554659,557593,1.21609,1.20597,1.22217,1.20597,328.79830999999695,4.08897,0.008219533527545321,2022-06-29 05:59:00-04:00,2022-07-01 06:55:00-04:00,2 days 00:56:00,,1.6439915499999846
GBPUSD,-24783,566312,569221,1.1876,1.19567,1.19567,1.17415,-203.03018000000054,3.03137,-0.006898211946179822,2022-07-11 10:20:00-04:00,2022-07-13 10:51:00-04:00,2 days 00:31:00,,-1.0151509000000027
GBPUSD,-31545,605848,606037,1.20034,1.20668,1.20668,1.18976,-203.89223000000038,3.8969300000000002,-0.005384753973112858,2022-08-18 02:47:00-04:00,2022-08-18 05:56:00-04:00,0 days 03:09:00,,-1.019461150000002
GBPUSD,-26809,615280,619709,1.17177,1.15935,1.17923,1.15935,329.76034999999666,3.20743,0.010497247713925711,2022-08-28 18:09:00-04:00,2022-08-31 20:01:00-04:00,3 days 01:52:00,,1.6488017499999834
GBPUSD,-31201,635876,640754,1.14052,1.12984,1.14693,1.12984,329.5910800000007,3.6356,0.009261984089407338,2022-09-16 03:39:00-04:00,2022-09-21 14:00:00-04:00,5 days 10:21:00,,1.6479554000000036
GBPUSD,20161,674720,675881,1.14397,1.1605,1.13405,1.1605,330.8768400000031,2.38449,0.014346291941989232,2022-10-25 09:35:00-04:00,2022-10-26 04:57:00-04:00,0 days 19:22:00,,1.6543842000000155
GBPUSD,21052,691878,693564,1.16458,1.1804,1.15508,1.1804,330.5089999999989,2.53364,0.013480953210131336,2022-11-10 08:48:00-05:00,2022-11-11 12:55:00-05:00,1 days 04:07:00,,1.6525449999999944
GBPUSD,27777,704893,706375,1.20292,1.21492,1.19572,1.21492,329.8771300000003,3.4468699999999997,0.009872567756341027,2022-11-23 09:52:00-05:00,2022-11-24 10:35:00-05:00,1 days 00:43:00,,1.6493856500000015
GBPUSD,20366,713237,715596,1.21535,1.23173,1.20553,1.23173,331.03728000000126,2.5578000000000003,0.013374261182050328,2022-12-01 05:02:00-05:00,2022-12-04 20:25:00-05:00,3 days 15:23:00,,1.6551864000000063
GBPUSD,28169,724955,727930,1.23447,1.22737,1.22737,1.24629,-203.55902999999674,3.5591299999999997,-0.005853807041219711,2022-12-13 08:30:00-05:00,2022-12-15 10:07:00-05:00,2 days 01:37:00,,-1.0177951499999838
GBPUSD,-22909,731673,731871,1.21064,1.21937,1.21937,1.19609,-202.8526800000029,2.8571099999999996,-0.007314078185051718,2022-12-20 00:33:00-05:00,2022-12-20 03:51:00-05:00,0 days 03:18:00,,-1.0142634000000144
GBPUSD,-39920,745205,745264,1.19925,1.1909,1.20426,1.1909,328.4350299999943,4.89697,0.006860396423449212,2023-01-03 03:05:00-05:00,2023-01-03 04:04:00-05:00,0 days 00:59:00,,1.6421751499999715
GBPUSD,19531,750477,760009,1.21257,1.22965,1.20233,1.22965,331.1414199999997,2.44806,0.013982415632597679,2023-01-08 19:02:00-05:00,2023-01-17 10:01:00-05:00,8 days 14:59:00,,1.6557070999999985
GBPUSD,-26246,777281,778636,1.22635,1.21365,1.23397,1.21365,330.0374600000041,3.28674,0.010253819688300051,2023-02-02 10:05:00-05:00,2023-02-03 08:41:00-05:00,0 days 22:36:00,,1.6501873000000205
GBPUSD,-25839,792232,793361,1.19616,1.2039,1.2039,1.18326,-203.17666000000207,3.1828000000000003,-0.0065736842408783734,2023-02-16 19:27:00-05:00,2023-02-17 14:16:00-05:00,0 days 18:49:00,,-1.0158833000000103
GBPUSD,-35971,810377,810600,1.19229,1.18301,1.19785,1.18301,329.42575000000636,4.38513,0.007681094893167311,2023-03-07 10:04:00-05:00,2023-03-07 13:47:00-05:00,0 days 03:43:00,,1.6471287500000318
GBPUSD,30165,814668,816159,1.20656,1.21761,1.19993,1.21761,329.57025000000016,3.753,0.009055152074015957,2023-03-10 09:38:00-05:00,2023-03-13 11:30:00-04:00,3 days 00:52:00,,1.6478512500000009
GBPUSD,29895,822247,826363,1.22042,1.23157,1.21373,1.23157,329.5671599999998,3.7620899999999997,0.009033084141457655,2023-03-19 18:03:00-04:00,2023-03-22 14:41:00-04:00,2 days 20:38:00,,1.6478357999999989
GBPUSD,35650,831867,836624,1.23435,1.22874,1.22874,1.2437,-204.5031300000041,4.5066299999999995,-0.004647314929907146,2023-03-28 11:29:00-04:00,2023-04-02 19:50:00-04:00,5 days 08:21:00,,-1.0225156500000205
GBPUSD,43290,848695,850279,1.25255,1.24793,1.24793,1.26025,-205.55530000000297,5.5555,-0.0037909322408944015,2023-04-13 06:09:00-04:00,2023-04-14 08:34:00-04:00,1 days 02:25:00,,-1.027776500000015
GBPUSD,37735,864686,866099,1.25469,1.24939,1.24939,1.26351,-204.84509000000313,4.84959,-0.00432658029205075,2023-04-28 10:51:00-04:00,2023-05-01 11:25:00-04:00,3 days 00:34:00,,-1.0242254500000156
GBPUSD,35971,869134,875964,1.25842,1.2677,1.25286,1.2677,329.1473099999984,4.66357,0.007271302069406221,2023-05-03 14:02:00-04:00,2023-05-10 08:57:00-04:00,6 days 18:55:00,,1.645736549999992
GBPUSD,-44444,882773,883107,1.24361,1.24811,1.24811,1.23611,-205.6816099999977,5.68361,-0.0037213294391530475,2023-05-17 03:31:00-04:00,2023-05-17 09:05:00-04:00,0 days 05:34:00,,-1.0284080499999886
GBPUSD,42016,906095,908929,1.25449,1.24973,1.24973,1.26241,-205.3962300000041,5.4000699999999995,-0.003896821922584835,2023-06-08 11:29:00-04:00,2023-06-12 11:45:00-04:00,4 days 00:16:00,,-1.0269811500000205
GBPUSD,-47846,925834,926019,1.26854,1.26156,1.27272,1.26156,327.7521599999993,6.21292,0.005400024876428403,2023-06-28 07:42:00-04:00,2023-06-28 10:47:00-04:00,0 days 03:05:00,,1.6387607999999967
GBPUSD,37593,936148,937182,1.28422,1.2789,1.2789,1.2931,-204.94000999999966,4.94525,-0.004245025849569369,2023-07-07 12:43:00-04:00,2023-07-10 06:58:00-04:00,2 days 18:15:00,,-1.0247000499999983
GBPUSD,-27100,956252,957224,1.27978,1.28716,1.28716,1.26748,-203.56824000000447,3.57024,-0.005869558184556735,2023-07-27 15:01:00-04:00,2023-07-28 07:14:00-04:00,0 days 16:13:00,,-1.0178412000000223
GBPUSD,-34904,973026,973115,1.26204,1.26777,1.26777,1.25249,-204.53177000000045,4.53185,-0.004643147249243256,2023-08-14 09:47:00-04:00,2023-08-14 11:16:00-04:00,0 days 01:29:00,,-1.0226588500000022
GBPUSD,-38535,982940,983037,1.26168,1.26687,1.26687,1.25303,-204.99745000000107,5.0008,-0.0042164201173805396,2023-08-23 08:08:00-04:00,2023-08-23 09:45:00-04:00,0 days 01:37:00,,-1.0249872500000052
GBPUSD,-50505,995534,996841,1.2548,1.25876,1.25876,1.2482,-206.51512000000938,6.51532,-0.003258689404688927,2023-09-05 04:11:00-04:00,2023-09-06 01:59:00-04:00,0 days 21:48:00,,-1.0325756000000468
GBPUSD,-48543,1004037,1004372,1.24456,1.24868,1.24868,1.23769,-206.20874999999523,6.21159,-0.003413222802468259,2023-09-13 03:00:00-04:00,2023-09-13 08:35:00-04:00,0 days 05:35:00,,-1.0310437499999763
GBPUSD,32258,1031244,1034522,1.22716,1.22096,1.22096,1.23748,-204.0526499999995,4.05305,-0.005154702566323484,2023-10-10 04:46:00-04:00,2023-10-12 11:26:00-04:00,2 days 06:40:00,,-1.0202632499999975
GBPUSD,-40322,1041067,1041693,1.21225,1.21721,1.21721,1.20398,-205.02475999999407,5.02764,-0.004194421338417518,2023-10-19 01:36:00-04:00,2023-10-19 12:02:00-04:00,0 days 10:26:00,,-1.0251237999999703
GBPUSD,-41666,1047921,1048988,1.20904,1.21384,1.21384,1.20104,-205.17795000000572,5.181150000000001,-0.00407294182954539,2023-10-25 20:55:00-04:00,2023-10-26 14:42:00-04:00,0 days 17:47:00,,-1.0258897500000286
GBPUSD,37878,1057201,1057420,1.22888,1.23768,1.2236,1.23768,328.5313699999969,4.795030000000001,0.007057978464047113,2023-11-03 08:41:00-04:00,2023-11-03 12:20:00-04:00,0 days 03:39:00,,1.6426568499999845
GBPUSD,36101,1067307,1073734,1.24288,1.2521,1.23734,1.2521,328.22849000000025,4.622730000000001,0.007315227604020658,2023-11-14 09:15:00-05:00,2023-11-20 20:27:00-05:00,6 days 11:12:00,,1.6411424500000011
GBPUSD,-38167,1097757,1097811,1.25026,1.2555,1.2555,1.24154,-204.9034800000051,4.9084,-0.004293989445107362,2023-12-13 13:06:00-05:00,2023-12-13 14:00:00-05:00,0 days 00:54:00,,-1.0245174000000254
GBPUSD,28328,1098951,1101648,1.27333,1.26627,1.26627,1.28511,-203.68795000000188,3.6922699999999997,-0.005646878614611166,2023-12-14 09:01:00-05:00,2023-12-18 06:01:00-05:00,3 days 21:00:00,,-1.0184397500000093
GBPUSD,48661,1111031,1112340,1.27939,1.27528,1.27528,1.28624,-206.37682000000282,6.38011,-0.003314949637964825,2023-12-27 11:05:00-05:00,2023-12-28 08:55:00-05:00,0 days 21:50:00,,-1.031884100000014
GBPUSD,-30864,1115383,1117676,1.26123,1.26771,1.26771,1.25043,-204.00464999999443,4.00593,-0.00524075145903182,2024-01-02 11:40:00-05:00,2024-01-04 01:55:00-05:00,1 days 14:15:00,,-1.0200232499999722
GBPUSD,50000,1124848,1125266,1.27711,1.27311,1.27311,1.28379,-206.54425000000018,6.54425,-0.0032345569293170235,2024-01-11 01:32:00-05:00,2024-01-11 08:30:00-05:00,0 days 06:58:00,,-1.032721250000001
GBPUSD,-40485,1130527,1130694,1.26108,1.26602,1.26602,1.25286,-205.24673999999777,5.25084,-0.004020124343274939,2024-01-17 00:15:00-05:00,2024-01-17 03:02:00-05:00,0 days 02:47:00,,-1.0262336999999888
GBPUSD,-34965,1149519,1156590,1.25965,1.26537,1.26537,1.25013,-204.53097000000594,4.5311699999999995,-0.0046438229600219575,2024-02-05 05:01:00-05:00,2024-02-12 02:57:00-05:00,6 days 21:56:00,,-1.0226548500000296
GBPUSD,55710,1168115,1168435,1.26835,1.26476,1.26476,1.27433,-207.241579999999,7.24268,-0.0029329497544349345,2024-02-22 03:10:00-05:00,2024-02-22 08:30:00-05:00,0 days 05:20:00,,-1.036207899999995
GBPUSD,68965,1180037,1181589,1.27096,1.27579,1.26806,1.27579,324.0867499999924,9.014199999999999,0.003697435890742695,2024-03-05 10:00:00-05:00,2024-03-06 11:53:00-05:00,1 days 01:53:00,,1.620433749999962
GBPUSD,-39682,1198271,1200023,1.25988,1.26492,1.26492,1.25148,-205.13928999999735,5.14201,-0.004103232382682108,2024-03-22 04:07:00-04:00,2024-03-25 10:20:00-04:00,3 days 06:13:00,,-1.0256964499999868
GBPUSD,-66225,1207148,1210017,1.25755,1.26057,1.26057,1.25253,-208.5582500000015,8.55875,-0.0025042642026907366,2024-04-01 10:10:00-04:00,2024-04-03 10:01:00-04:00,1 days 23:51:00,,-1.0427912500000074
GBPUSD,-42194,1217255,1219952,1.25396,1.24606,1.2587,1.24606,327.9187500000007,5.41385,0.006197718805002748,2024-04-10 11:44:00-04:00,2024-04-12 08:43:00-04:00,1 days 20:59:00,,1.6395937500000037
GBPUSD,47281,1241344,1244420,1.257,1.25277,1.25277,1.26405,-206.0888499999979,6.09022,-0.0034676285086251923,2024-05-03 08:30:00-04:00,2024-05-07 12:48:00-04:00,4 days 04:18:00,,-1.0304442499999895
GBPUSD,59347,1252736,1253315,1.26349,1.26911,1.26012,1.26911,325.81617999999753,7.71396,0.0043451229353292644,2024-05-15 08:30:00-04:00,2024-05-15 18:10:00-04:00,0 days 09:40:00,,1.6290808999999877
GBPUSD,68728,1264180,1267071,1.27611,1.2732,1.2732,1.28096,-208.99072999999782,8.99225,-0.002382896640470243,2024-05-27 09:22:00-04:00,2024-05-29 09:35:00-04:00,2 days 00:13:00,,-1.0449536499999892
GBPUSD,42462,1271713,1272563,1.28007,1.27536,1.27536,1.28792,-205.56500999999963,5.568989999999999,-0.003781943428430623,2024-06-03 16:00:00-04:00,2024-06-04 06:11:00-04:00,0 days 14:11:00,,-1.0278250499999981
GBPUSD,59701,1281276,1282196,1.28176,1.27841,1.27841,1.28734,-207.84279999999785,7.84445,-0.0027161056839921593,2024-06-12 08:30:00-04:00,2024-06-12 23:51:00-04:00,0 days 15:21:00,,-1.0392139999999892
GBPUSD,-45248,1284142,1288090,1.26881,1.27323,1.27323,1.26143,-205.8994500000041,5.90329,-0.0035864039642911536,2024-06-14 08:18:00-04:00,2024-06-19 03:09:00-04:00,4 days 18:51:00,,-1.0294972500000206
GBPUSD,-63492,1290336,1292748,1.26571,1.26886,1.26886,1.26046,-208.25895000001321,8.25915,-0.0025914954788869814,2024-06-20 16:36:00-04:00,2024-06-24 09:50:00-04:00,3 days 17:14:00,,-1.041294750000066
GBPUSD,56980,1302754,1305559,1.27403,1.27988,1.27052,1.27988,325.8643899999949,7.46861,0.004488847015710473,2024-07-03 09:43:00-04:00,2024-07-05 08:30:00-04:00,1 days 22:47:00,,1.6293219499999745
GBPUSD,47846,1351331,1352960,1.30448,1.31146,1.3003,1.31146,327.5413799999993,6.4237,0.005247870548267801,2024-08-20 10:54:00-04:00,2024-08-21 14:04:00-04:00,1 days 03:10:00,,1.6377068999999966
GBPUSD,-40650,1370908,1374153,1.3088,1.3006,1.31372,1.3006,327.8860599999994,5.44394,0.006162956705972947,2024-09-09 04:25:00-04:00,2024-09-11 10:32:00-04:00,2 days 06:07:00,,1.639430299999997
GBPUSD,46948,1381209,1381353,1.32388,1.31962,1.31962,1.33098,-206.36802999999674,6.36955,-0.0033202952277476593,2024-09-18 09:13:00-04:00,2024-09-18 11:37:00-04:00,0 days 02:24:00,,-1.0318401499999836
GBPUSD,-53475,1409316,1412209,1.30216,1.3059,1.3059,1.29594,-207.15432000000408,7.15782,-0.0029749443819789586,2024-10-16 02:00:00-04:00,2024-10-18 02:15:00-04:00,2 days 00:15:00,,-1.0357716000000203
GBPUSD,-53333,1415247,1417175,1.29737,1.29112,1.30112,1.29112,326.2460099999929,7.08524,0.004715039595252844,2024-10-22 05:55:00-04:00,2024-10-23 14:04:00-04:00,1 days 08:09:00,,1.6312300499999646
GBPUSD,-36496,1425510,1426854,1.29073,1.29621,1.29621,1.28161,-204.84364000000554,4.84556,-0.004348523408140055,2024-10-31 10:05:00-04:00,2024-11-01 08:30:00-04:00,0 days 22:25:00,,-1.0242182000000277
GBPUSD,38535,1430241,1430382,1.30431,1.29912,1.29912,1.31296,-205.14554000000106,5.14889,-0.004081557247561501,2024-11-05 16:59:00-05:00,2024-11-05 19:21:00-05:00,0 days 02:22:00,,-1.0257277000000053
GBPUSD,-26246,1431113,1432029,1.28442,1.29204,1.29204,1.27172,-203.46507000000477,3.4705500000000002,-0.006035589276206645,2024-11-06 07:32:00-05:00,2024-11-06 22:49:00-05:00,0 days 15:17:00,,-1.0173253500000239
GBPUSD,-38759,1436474,1437106,1.28345,1.27485,1.28861,1.27485,328.23834999999775,5.08905,0.006598387294295089,2024-11-12 00:57:00-05:00,2024-11-12 11:29:00-05:00,0 days 10:32:00,,1.6411917499999888
GBPUSD,-46728,1447163,1448175,1.25976,1.25264,1.26404,1.25264,326.67807000000073,6.02529,0.005549514282059358,2024-11-21 11:18:00-05:00,2024-11-22 04:11:00-05:00,0 days 16:53:00,,1.6333903500000035
GBPUSD,43956,1455048,1457032,1.2715,1.26695,1.26695,1.27908,-205.72643000000238,5.72663,-0.003680913065498241,2024-11-28 22:49:00-05:00,2024-12-02 07:54:00-05:00,3 days 09:05:00,,-1.028632150000012
GBPUSD,38167,1461387,1468685,1.27497,1.26973,1.26973,1.28369,-204.9797499999966,4.9846699999999995,-0.004212335636758819,2024-12-05 08:32:00-05:00,2024-12-12 10:15:00-05:00,7 days 01:43:00,,-1.024898749999983
GBPUSD,-40000,1470144,1471223,1.26173,1.26673,1.26673,1.2534,-205.19072999999574,5.19073,-0.004065662423814861,2024-12-13 10:35:00-05:00,2024-12-16 04:35:00-05:00,2 days 18:00:00,,-1.0259536499999786
GBPUSD,-43956,1474712,1475506,1.26084,1.26539,1.26539,1.25326,-205.69886000000238,5.699059999999999,-0.0037115365507549665,2024-12-18 14:46:00-05:00,2024-12-19 04:01:00-05:00,0 days 13:15:00,,-1.028494300000012
GBPUSD,-48543,1487486,1487744,1.25016,1.24329,1.25428,1.24329,327.2782899999967,6.2121200000000005,0.005392932513282093,2025-01-02 03:23:00-05:00,2025-01-02 07:41:00-05:00,0 days 04:18:00,,1.6363914499999834
GBPUSD,-36900,1493430,1494642,1.23528,1.22626,1.2407,1.22626,328.176290000001,4.661709999999999,0.0071997169837315685,2025-01-08 06:31:00-05:00,2025-01-09 02:44:00-05:00,0 days 20:13:00,,1.640881450000005
GBPUSD,29761,1522075,1523467,1.25232,1.2456,1.2456,1.26352,-203.80930000000177,3.81538,-0.005468411161125161,2025-02-05 04:16:00-05:00,2025-02-06 03:29:00-05:00,0 days 23:13:00,,-1.0190465000000088
GBPUSD,28169,1531372,1538537,1.25498,1.2668,1.24788,1.2668,329.3117899999984,3.64579,0.009315347169107941,2025-02-13 15:19:00-05:00,2025-02-20 14:49:00-05:00,6 days 23:30:00,,1.646558949999992
GBPUSD,-43010,1547087,1547454,1.25635,1.261,1.261,1.2486,-205.5533099999923,5.5568100000000005,-0.0038040339821439327,2025-02-28 13:25:00-05:00,2025-03-02 19:33:00-05:00,2 days 06:08:00,,-1.0277665499999615
GBPUSD,51546,1562675,1566632,1.29904,1.29516,1.29516,1.30552,-206.86142999999402,6.86295,-0.0030893138332006532,2025-03-17 11:24:00-04:00,2025-03-20 05:24:00-04:00,2 days 18:00:00,,-1.03430714999997
GBPUSD,-51020,1568459,1569329,1.29115,1.29507,1.29507,1.28463,-206.7704199999961,6.7720199999999995,-0.0031388550159633707,2025-03-21 11:52:00-04:00,2025-03-24 03:23:00-04:00,2 days 15:31:00,,-1.0338520999999805
GBPUSD,41666,1580112,1580553,1.29919,1.30719,1.29439,1.30719,327.7544500000003,5.57355,0.006054720756565624,2025-04-02 16:13:00-04:00,2025-04-02 23:36:00-04:00,0 days 07:23:00,,1.6387722500000015
GBPUSD,-19782,1582803,1584165,1.28795,1.2711,1.29806,1.2711,330.7285700000006,2.5981300000000003,0.012980831487924383,2025-04-04 13:07:00-04:00,2025-04-07 12:50:00-04:00,2 days 23:43:00,,1.653642850000003
GBPUSD,21299,1591968,1597542,1.32074,1.33639,1.31135,1.33639,330.4247599999988,2.90459,0.01174616341585253,2025-04-15 00:26:00-04:00,2025-04-20 22:27:00-04:00,5 days 22:01:00,,1.652123799999994
GBPUSD,33167,1605581,1607929,1.34242,1.33639,1.33639,1.35247,-204.55695999999932,4.559950000000001,-0.004594303234378218,2025-04-28 13:31:00-04:00,2025-04-30 04:41:00-04:00,1 days 15:10:00,,-1.0227847999999966
GBPUSD,-27932,1616631,1616653,1.3259,1.33306,1.33306,1.31398,-203.80487999999534,3.81176,-0.005503028661603357,2025-05-08 07:01:00-04:00,2025-05-08 07:23:00-04:00,0 days 00:22:00,,-1.0190243999999766
GBPUSD,35587,1626577,1626904,1.34028,1.33466,1.33466,1.34966,-204.88453999999854,4.8856,-0.0042955845701018935,2025-05-19 06:54:00-04:00,2025-05-19 12:21:00-04:00,0 days 05:27:00,,-1.0244226999999926
GBPUSD,42643,1645260,1646340,1.35931,1.35462,1.35462,1.36713,-205.93529000000353,5.93962,-0.0035527488980187506,2025-06-05 08:30:00-04:00,2025-06-06 02:31:00-04:00,0 days 18:01:00,,-1.0296764500000177
GBPUSD,33726,1652408,1653162,1.36165,1.35572,1.35572,1.37153,-204.6987299999997,4.70355,-0.004457432980995966,2025-06-12 08:43:00-04:00,2025-06-12 21:18:00-04:00,0 days 12:35:00,,-1.0234936499999985
GBPUSD,-31007,1656967,1662656,1.34567,1.35212,1.35212,1.33492,-204.28834000000208,4.29319,-0.004896043409694997,2025-06-17 13:45:00-04:00,2025-06-23 13:38:00-04:00,5 days 23:53:00,,-1.0214417000000104
GBPUSD,30257,1663900,1666399,1.36328,1.3743,1.35667,1.3743,329.1810100000009,4.25113,0.007980385019526977,2025-06-24 10:23:00-04:00,2025-06-26 04:04:00-04:00,1 days 17:41:00,,1.6459050500000045
GBPUSD,-36429,1678097,1679542,1.35628,1.36177,1.36177,1.34713,-205.07699999999983,5.08179,-0.004150690474303683,2025-07-08 09:10:00-04:00,2025-07-09 09:16:00-04:00,1 days 00:06:00,,-1.025384999999999
GBPUSD,-40650,1698334,1700985,1.33655,1.32835,1.34147,1.32835,327.7702699999994,5.55973,0.006032867662483753,2025-07-28 13:42:00-04:00,2025-07-30 09:55:00-04:00,1 days 20:13:00,,1.638851349999997
GBPUSD,44742,1715920,1716660,1.3589,1.35443,1.35443,1.36635,-206.22733999999883,6.2306,-0.003391902406266605,2025-08-13 21:01:00-04:00,2025-08-14 09:21:00-04:00,0 days 12:20:00,,-1.0311366999999942
GBPUSD,49504,1733741,1734815,1.3544,1.35036,1.35036,1.36112,-206.86813000000217,6.87197,-0.0030853635995835853,2025-09-01 09:14:00-04:00,2025-09-02 03:09:00-04:00,0 days 17:55:00,,-1.0343406500000107
GBPUSD,-58479,1734871,1734906,1.33902,1.34244,1.34244,1.33332,-208.04609999999875,8.047920000000001,-0.002656883903413008,2025-09-02 04:05:00-04:00,2025-09-02 04:40:00-04:00,0 days 00:35:00,,-1.0402304999999936
GBPUSD,38910,1739545,1739964,1.35502,1.34988,1.34988,1.36359,-205.399029999997,5.40163,-0.0038957533436465948,2025-09-05 10:02:00-04:00,2025-09-07 18:02:00-04:00,2 days 08:00:00,,-1.026995149999985
GBPUSD,52083,1747674,1749460,1.35906,1.36546,1.35522,1.36546,326.048409999998,7.28279,0.004606249567410542,2025-09-15 03:37:00-04:00,2025-09-16 09:24:00-04:00,1 days 05:47:00,,1.63024204999999
GBPUSD,-38910,1753397,1759419,1.34941,1.34084,1.35455,1.34084,328.0863299999987,5.37237,0.00624860368314138,2025-09-19 03:04:00-04:00,2025-09-25 08:30:00-04:00,6 days 05:26:00,,1.6404316499999936
GBPUSD,-37664,1773842,1779551,1.33241,1.33772,1.33772,1.32356,-205.1572799999972,5.161440000000001,-0.004088110328211891,2025-10-09 11:03:00-04:00,2025-10-15 11:16:00-04:00,6 days 00:13:00,,-1.025786399999986
GBPUSD,-40160,1792291,1794024,1.32488,1.31658,1.32986,1.31658,327.883599999999,5.4444,0.006162393779750867,2025-10-28 09:45:00-04:00,2025-10-29 14:39:00-04:00,1 days 04:54:00,,1.639417999999995
GBPUSD,37950,1809608,1810075,1.31913,1.31386,1.31386,1.32791,-205.12479999999567,5.128299999999999,-0.004097498404121347,2025-11-13 10:34:00-05:00,2025-11-13 18:22:00-05:00,0 days 07:48:00,,-1.0256239999999783
GBPUSD,-44444,1815369,1820761,1.30844,1.31294,1.31294,1.30094,-205.9773699999977,5.979369999999999,-0.003542032626923337,2025-11-19 10:39:00-05:00,2025-11-25 04:35:00-05:00,5 days 17:56:00,,-1.0298868499999885
GBPUSD,40322,1822427,1829541,1.3216,1.32987,1.31664,1.32987,327.97587,5.48707,0.006154599503956743,2025-11-26 08:22:00-05:00,2025-12-03 07:01:00-05:00,6 days 22:39:00,,1.63987935
GBPUSD,56657,1837228,1839887,1.33852,1.33499,1.33499,1.3444,-207.77326000000187,7.77405,-0.0027397517590245575,2025-12-10 15:13:00-05:00,2025-12-12 11:34:00-05:00,1 days 20:21:00,,-1.0388663000000093
GBPUSD,47058,1848395,1850495,1.34558,1.35266,1.34133,1.35266,326.65395999999885,6.51668,0.005158755426334592,2025-12-22 09:35:00-05:00,2025-12-23 20:37:00-05:00,1 days 11:02:00,,1.6332697999999943
