Size,EntryBar,ExitBar,EntryPrice,ExitPrice,SL,TP,PnL,Commission,ReturnPct,EntryTime,ExitTime,Duration,Tag,Entry_Active Swing High Line (Signal),Exit_Active Swing High Line (Signal),Entry_Active Swing Low Line (Signal),Exit_Active Swing Low Line (Signal),Entry_SH Valid,Exit_SH Valid,Entry_SL Valid,Exit_SL Valid,"Entry_ATR (Signal, EMA)","Exit_ATR (Signal, EMA)"
-10000,15139,15984,1.20588,1.20877,1.20877,1.20010,-29.48496,0.58496,-0.00245,2021-01-18 05:30:00-05:00,2021-01-18 19:36:00-05:00,0 days 14:06:00,,1.23494,1.23494,1.20588,1.20588,1.00000,1.00000,1.00000,0.00000,0.00289,0.00253
-10000,30135,30458,1.20586,1.20864,1.20864,1.20030,-28.38492,0.58492,-0.00235,2021-02-01 15:36:00-05:00,2021-02-01 21:00:00-05:00,0 days 05:24:00,,1.21897,1.21897,1.20586,1.20586,1.00000,1.00000,1.00000,0.00000,0.00278,0.00273
10000,51973,52585,1.21696,1.21434,1.21434,1.22220,-26.78899,0.58899,-0.00220,2021-02-22 19:50:00-05:00,2021-02-23 06:02:00-05:00,0 days 10:12:00,,1.21696,1.21696,1.20235,1.20235,1.00000,0.00000,1.00000,1.00000,0.00262,0.00255
-10000,59288,60073,1.20235,1.20568,1.20568,1.19569,-33.88335,0.58335,-0.00282,2021-03-01 21:50:00-05:00,2021-03-02 10:55:00-05:00,0 days 13:05:00,,1.21696,1.21696,1.20235,1.20235,0.00000,0.00000,1.00000,0.00000,0.00333,0.00322
-10000,82458,84438,1.18356,1.17872,1.18598,1.17872,47.82773,0.57227,0.00404,2021-03-24 02:16:00-04:00,2021-03-25 11:17:00-04:00,1 days 09:01:00,,1.19889,1.19889,1.18356,1.18356,1.00000,1.00000,1.00000,0.00000,0.00242,0.00237
10000,104981,105558,1.19889,1.19675,1.19675,1.20317,-21.98035,0.58035,-0.00183,2021-04-14 20:55:00-04:00,2021-04-15 06:32:00-04:00,0 days 09:37:00,,1.19889,1.19889,1.17041,1.17041,1.00000,0.00000,1.00000,1.00000,0.00214,0.00203
10000,114533,118882,1.20799,1.21333,1.20532,1.21333,52.81343,0.58657,0.00437,2021-04-23 13:13:00-04:00,2021-04-28 14:45:00-04:00,5 days 01:32:00,,1.20799,1.20799,1.19426,1.19938,1.00000,0.00000,1.00000,1.00000,0.00267,0.00240
-10000,125301,125527,1.19938,1.20157,1.20157,1.19500,-22.48163,0.58163,-0.00187,2021-05-05 02:49:00-04:00,2021-05-05 06:35:00-04:00,0 days 03:46:00,,1.21500,1.21500,1.19938,1.19938,1.00000,1.00000,1.00000,0.00000,0.00219,0.00234
10000,128645,132256,1.21500,1.21205,1.21205,1.22090,-30.08796,0.58796,-0.00248,2021-05-07 10:35:00-04:00,2021-05-11 23:49:00-04:00,4 days 13:14:00,,1.21500,1.21500,1.19938,1.19860,1.00000,0.00000,0.00000,1.00000,0.00295,0.00258
10000,138106,138483,1.21817,1.22259,1.21596,1.22259,43.60872,0.59128,0.00358,2021-05-18 02:23:00-04:00,2021-05-18 08:40:00-04:00,0 days 06:17:00,,1.21817,1.21817,1.19860,1.20514,1.00000,0.00000,1.00000,1.00000,0.00221,0.00257
10000,145261,147017,1.22454,1.22231,1.22231,1.22900,-22.89276,0.59276,-0.00187,2021-05-25 02:43:00-04:00,2021-05-26 08:00:00-04:00,1 days 05:17:00,,1.22454,1.22454,1.20514,1.20514,1.00000,0.00000,1.00000,1.00000,0.00223,0.00233
-10000,155727,157062,1.21327,1.21572,1.21572,1.20837,-25.08843,0.58843,-0.00207,2021-06-03 10:16:00-04:00,2021-06-04 08:32:00-04:00,0 days 22:16:00,,1.22666,1.22666,1.21327,1.21327,1.00000,1.00000,1.00000,0.00000,0.00245,0.00228
-10000,164324,165617,1.21040,1.21276,1.21276,1.20568,-24.18701,0.58701,-0.00200,2021-06-11 10:39:00-04:00,2021-06-14 09:13:00-04:00,2 days 22:34:00,,1.22545,1.22545,1.21040,1.21040,1.00000,1.00000,1.00000,0.00000,0.00236,0.00218
-10000,182914,184072,1.18475,1.18683,1.18683,1.18059,-21.37452,0.57452,-0.00180,2021-06-30 11:42:00-04:00,2021-07-01 07:01:00-04:00,0 days 19:19:00,,1.22181,1.19756,1.18475,1.18475,1.00000,1.00000,1.00000,0.00000,0.00208,0.00199
-10000,189896,191087,1.18067,1.18275,1.18275,1.17651,-21.37254,0.57254,-0.00181,2021-07-07 09:09:00-04:00,2021-07-08 05:01:00-04:00,0 days 19:52:00,,1.19756,1.19756,1.18067,1.18067,1.00000,1.00000,1.00000,0.00000,0.00208,0.00224
-10000,195965,196967,1.17816,1.18069,1.18069,1.17310,-25.87143,0.57143,-0.00220,2021-07-13 15:22:00-04:00,2021-07-14 08:05:00-04:00,0 days 16:43:00,,1.18951,1.18951,1.17816,1.17816,1.00000,1.00000,1.00000,0.00000,0.00253,0.00225
-10000,201022,201290,1.17719,1.17911,1.17911,1.17335,-19.77082,0.57082,-0.00168,2021-07-19 04:43:00-04:00,2021-07-19 09:11:00-04:00,0 days 04:28:00,,1.18812,1.18812,1.17719,1.17719,1.00000,1.00000,1.00000,0.00000,0.00192,0.00220
10000,212703,214285,1.18812,1.18536,1.18536,1.19364,-28.17498,0.57498,-0.00237,2021-07-29 08:32:00-04:00,2021-07-30 10:55:00-04:00,1 days 02:23:00,,1.18812,1.18812,1.17521,1.17521,1.00000,0.00000,1.00000,1.00000,0.00276,0.00232
-10000,221835,224189,1.17521,1.17107,1.17728,1.17107,40.83161,0.56839,0.00347,2021-08-08 18:51:00-04:00,2021-08-10 10:06:00-04:00,1 days 15:15:00,,1.19086,1.18998,1.17521,1.17521,1.00000,1.00000,1.00000,0.00000,0.00207,0.00170
-10000,231737,232356,1.17061,1.17258,1.17258,1.16667,-20.26764,0.56764,-0.00173,2021-08-17 16:59:00-04:00,2021-08-18 03:19:00-04:00,0 days 10:20:00,,1.18998,1.18998,1.17061,1.17061,1.00000,1.00000,1.00000,0.00000,0.00197,0.00177
10000,243362,247072,1.18048,1.18492,1.17826,1.18492,43.82698,0.57302,0.00371,2021-08-29 20:53:00-04:00,2021-09-01 10:45:00-04:00,2 days 13:52:00,,1.18048,1.18048,1.16641,1.16641,1.00000,0.00000,1.00000,1.00000,0.00222,0.00192
-10000,273674,275403,1.16835,1.16473,1.17016,1.16473,35.63480,0.56520,0.00305,2021-09-28 02:26:00-04:00,2021-09-29 07:16:00-04:00,1 days 04:50:00,,1.17557,1.17557,1.16835,1.16835,1.00000,1.00000,1.00000,0.00000,0.00181,0.00195
-10000,282335,285490,1.15627,1.15814,1.15814,1.15253,-19.26067,0.56067,-0.00167,2021-10-06 03:53:00-04:00,2021-10-08 08:30:00-04:00,2 days 04:37:00,,1.17557,1.17557,1.15627,1.15627,1.00000,1.00000,1.00000,0.00000,0.00187,0.00170
-10000,288572,289089,1.15293,1.15482,1.15482,1.14915,-19.45906,0.55906,-0.00169,2021-10-12 12:54:00-04:00,2021-10-12 21:32:00-04:00,0 days 08:38:00,,1.17557,1.17557,1.15293,1.15293,1.00000,1.00000,1.00000,0.00000,0.00189,0.00182
10000,305552,306882,1.16694,1.16433,1.16433,1.17216,-26.66475,0.56475,-0.00229,2021-10-28 10:06:00-04:00,2021-10-29 08:17:00-04:00,0 days 22:11:00,,1.16694,1.16694,1.15245,1.15245,1.00000,0.00000,1.00000,1.00000,0.00261,0.00267
-10000,312766,313712,1.15351,1.15584,1.15584,1.14885,-23.85944,0.55944,-0.00207,2021-11-04 11:25:00-04:00,2021-11-05 03:12:00-04:00,0 days 15:47:00,,1.16922,1.16922,1.15351,1.15351,1.00000,1.00000,1.00000,0.00000,0.00233,0.00223
-10000,318486,319453,1.15133,1.14647,1.15376,1.14647,48.04335,0.55665,0.00417,2021-11-10 10:49:00-05:00,2021-11-11 02:57:00-05:00,0 days 16:08:00,,1.16166,1.16166,1.15133,1.15133,1.00000,1.00000,1.00000,0.00000,0.00243,0.00278
-10000,354653,354663,1.12275,1.12503,1.12503,1.11819,-23.34453,0.54453,-0.00208,2021-12-15 14:01:00-05:00,2021-12-15 14:11:00-05:00,0 days 00:10:00,,1.13549,1.13549,1.12275,1.12275,1.00000,1.00000,1.00000,1.00000,0.00228,0.00228
-10000,354678,354692,1.12275,1.12503,1.12503,1.11819,-23.34453,0.54453,-0.00208,2021-12-15 14:26:00-05:00,2021-12-15 14:40:00-05:00,0 days 00:14:00,,1.13549,1.13549,1.12275,1.12275,1.00000,1.00000,1.00000,1.00000,0.00228,0.00228
10000,355788,355837,1.13549,1.13286,1.13286,1.14075,-26.84952,0.54952,-0.00236,2021-12-16 08:57:00-05:00,2021-12-16 09:46:00-05:00,0 days 00:49:00,,1.13549,1.13549,1.12275,1.12275,1.00000,0.00000,0.00000,0.00000,0.00263,0.00308
10000,368790,369720,1.13438,1.13219,1.13219,1.13876,-22.44909,0.54909,-0.00198,2021-12-29 09:48:00-05:00,2021-12-30 01:19:00-05:00,0 days 15:31:00,,1.13438,1.13438,1.12220,1.12220,1.00000,0.00000,1.00000,1.00000,0.00219,0.00236
-10000,374401,374577,1.12739,1.13004,1.13004,1.12209,-27.04686,0.54686,-0.00240,2022-01-04 07:24:00-05:00,2022-01-04 10:20:00-05:00,0 days 02:56:00,,1.13438,1.13438,1.12739,1.12739,0.00000,0.00000,1.00000,0.00000,0.00265,0.00273
10000,383106,383307,1.13863,1.14315,1.13637,1.14315,44.64723,0.55277,0.00392,2022-01-12 08:35:00-05:00,2022-01-12 11:56:00-05:00,0 days 03:21:00,,1.13863,1.13863,1.12722,1.12722,1.00000,0.00000,1.00000,1.00000,0.00226,0.00266
-10000,395943,396338,1.12722,1.12945,1.12945,1.12276,-22.84668,0.54668,-0.00203,2022-01-25 06:45:00-05:00,2022-01-25 13:20:00-05:00,0 days 06:35:00,,1.14829,1.14829,1.12722,1.12722,1.00000,1.00000,1.00000,0.00000,0.00223,0.00229
10000,407468,407560,1.14829,1.14505,1.14505,1.15477,-32.95557,0.55557,-0.00287,2022-02-04 06:58:00-05:00,2022-02-04 08:30:00-05:00,0 days 01:32:00,,1.14829,1.14829,1.11213,1.11213,1.00000,1.00000,1.00000,1.00000,0.00324,0.00324
10000,413478,413572,1.14837,1.14568,1.14568,1.15375,-27.45574,0.55574,-0.00239,2022-02-10 11:12:00-05:00,2022-02-10 12:46:00-05:00,0 days 01:34:00,,1.14837,1.14837,1.11213,1.11213,1.00000,1.00000,1.00000,1.00000,0.00269,0.00269
-10000,426952,427148,1.12804,1.12246,1.13083,1.12246,55.25481,0.54519,0.00490,2022-02-23 19:56:00-05:00,2022-02-23 23:12:00-05:00,0 days 03:16:00,,1.14950,1.14950,1.12804,1.12804,1.00000,1.00000,1.00000,0.00000,0.00279,0.00288
10000,449496,450369,1.11212,1.10757,1.10757,1.12122,-46.03772,0.53772,-0.00414,2022-03-17 12:56:00-04:00,2022-03-18 03:30:00-04:00,0 days 14:34:00,,1.11212,1.11212,1.09008,1.09008,1.00000,0.00000,1.00000,1.00000,0.00455,0.00456
-10000,458515,458961,1.09609,1.09879,1.09879,1.09069,-27.53171,0.53171,-0.00251,2022-03-27 21:22:00-04:00,2022-03-28 04:48:00-04:00,0 days 07:26:00,,1.11375,1.11375,1.09609,1.09609,1.00000,1.00000,1.00000,0.00000,0.00270,0.00267
10000,461828,463381,1.11375,1.10981,1.10981,1.12163,-39.93866,0.53866,-0.00359,2022-03-30 04:37:00-04:00,2022-03-31 06:31:00-04:00,1 days 01:54:00,,1.11375,1.11375,1.09609,1.09449,1.00000,0.00000,0.00000,1.00000,0.00394,0.00393
-10000,467866,468507,1.09449,1.08933,1.09707,1.08933,51.07097,0.52903,0.00467,2022-04-05 10:19:00-04:00,2022-04-05 21:01:00-04:00,0 days 10:42:00,,1.11848,1.11848,1.09449,1.09449,1.00000,1.00000,1.00000,0.00000,0.00258,0.00273
-10000,487346,488857,1.07576,1.06840,1.07944,1.06840,73.08057,0.51943,0.00679,2022-04-25 02:13:00-04:00,2022-04-26 03:25:00-04:00,1 days 01:12:00,,1.11848,1.11848,1.07576,1.07576,1.00000,1.00000,1.00000,0.00000,0.00368,0.00347
-10000,505992,506254,1.04827,1.04131,1.05175,1.04131,69.09379,0.50621,0.00659,2022-05-12 03:12:00-04:00,2022-05-12 07:34:00-04:00,0 days 04:22:00,,1.06419,1.06419,1.04827,1.04827,1.00000,1.00000,1.00000,0.00000,0.00348,0.00396
10000,516049,517372,1.06419,1.07087,1.06085,1.07087,66.28278,0.51722,0.00623,2022-05-23 04:56:00-04:00,2022-05-24 03:00:00-04:00,0 days 22:04:00,,1.06419,1.06419,1.03497,1.03497,1.00000,0.00000,1.00000,1.00000,0.00334,0.00335
10000,534846,534873,1.07646,1.07361,1.07361,1.08216,-29.02085,0.52085,-0.00270,2022-06-09 08:26:00-04:00,2022-06-09 08:53:00-04:00,0 days 00:27:00,,1.07646,1.07646,1.06273,1.06273,1.00000,1.00000,1.00000,1.00000,0.00285,0.00285
-10000,535139,536291,1.06273,1.05451,1.06684,1.05451,81.68709,0.51291,0.00769,2022-06-09 13:19:00-04:00,2022-06-10 08:32:00-04:00,0 days 19:13:00,,1.07646,1.07646,1.06273,1.06273,0.00000,0.00000,1.00000,0.00000,0.00411,0.00361
10000,547822,548071,1.06015,1.05653,1.05653,1.06739,-36.71277,0.51277,-0.00346,2022-06-22 10:51:00-04:00,2022-06-22 15:00:00-04:00,0 days 04:09:00,,1.06015,1.06015,1.03595,1.03595,1.00000,0.00000,1.00000,1.00000,0.00362,0.00403
-10000,560248,560303,1.03595,1.03027,1.03879,1.03027,56.29945,0.50055,0.00543,2022-07-05 04:06:00-04:00,2022-07-05 05:01:00-04:00,0 days 00:55:00,,1.06149,1.06149,1.03595,1.03595,1.00000,1.00000,1.00000,0.00000,0.00284,0.00405
10000,588339,588731,1.02794,1.02357,1.02357,1.03668,-44.19698,0.49698,-0.00430,2022-08-01 20:38:00-04:00,2022-08-02 03:10:00-04:00,0 days 06:32:00,,1.02794,1.02794,1.00966,1.00966,1.00000,0.00000,1.00000,1.00000,0.00437,0.00413
10000,597625,597638,1.02940,1.03456,1.02682,1.03456,51.10001,0.49999,0.00496,2022-08-10 08:30:00-04:00,2022-08-10 08:43:00-04:00,0 days 00:13:00,,1.02940,1.02940,1.01228,1.01228,1.00000,1.00000,1.00000,1.00000,0.00258,0.00258
-10000,603262,603355,1.01228,1.01538,1.01538,1.00608,-31.49121,0.49121,-0.00311,2022-08-16 07:31:00-04:00,2022-08-16 09:04:00-04:00,0 days 01:33:00,,1.03698,1.03698,1.01228,1.01228,1.00000,1.00000,1.00000,0.00000,0.00310,0.00303
-10000,622841,623155,0.98995,0.99409,0.99409,0.98167,-41.88064,0.48064,-0.00423,2022-09-05 01:04:00-04:00,2022-09-05 06:18:00-04:00,0 days 05:14:00,,1.00900,1.00900,0.98995,0.98995,1.00000,1.00000,1.00000,0.00000,0.00414,0.00434
10000,628723,628986,1.00900,1.00468,1.00468,1.01764,-43.68782,0.48782,-0.00433,2022-09-09 03:11:00-04:00,2022-09-09 07:34:00-04:00,0 days 04:23:00,,1.00900,1.00900,0.98995,0.98995,1.00000,0.00000,0.00000,0.00000,0.00432,0.00444
-10000,640764,640809,0.98641,0.99033,0.99033,0.97857,-39.67887,0.47887,-0.00402,2022-09-21 14:00:00-04:00,2022-09-21 14:45:00-04:00,0 days 00:45:00,,1.01980,1.01980,0.98641,0.98641,1.00000,1.00000,1.00000,1.00000,0.00392,0.00392
-10000,640834,641646,0.98641,0.99033,0.99033,0.97857,-39.67887,0.47887,-0.00402,2022-09-21 15:10:00-04:00,2022-09-22 04:43:00-04:00,0 days 13:33:00,,1.01980,1.01980,0.98641,0.98641,1.00000,1.00000,1.00000,0.00000,0.00392,0.00435
10000,672360,672684,0.98847,0.98270,0.98270,0.99734,-58.17752,0.47752,-0.00589,2022-10-23 18:01:00-04:00,2022-10-23 23:25:00-04:00,0 days 05:24:00,,0.98758,0.98758,0.96322,0.96322,1.00000,0.00000,1.00000,1.00000,0.00484,0.00506
10000,689194,690175,1.00937,1.00539,1.00539,1.01733,-40.28808,0.48808,-0.00399,2022-11-08 11:47:00-05:00,2022-11-09 04:09:00-05:00,0 days 16:22:00,,1.00937,1.00937,0.97301,0.97301,1.00000,0.00000,1.00000,1.00000,0.00398,0.00414
10000,708995,709196,1.04825,1.04376,1.04376,1.05723,-45.40679,0.50679,-0.00433,2022-11-28 06:02:00-05:00,2022-11-28 09:23:00-05:00,0 days 03:21:00,,1.04825,1.04825,1.02227,1.02227,1.00000,0.00000,1.00000,1.00000,0.00449,0.00463
10000,724972,725021,1.05948,1.06626,1.05609,1.06626,67.28504,0.51496,0.00635,2022-12-13 08:30:00-05:00,2022-12-13 09:19:00-05:00,0 days 00:49:00,,1.05948,1.05948,1.02903,1.02903,1.00000,0.00000,1.00000,1.00000,0.00339,0.00445
-10000,735403,736099,1.05759,1.06124,1.06124,1.05029,-37.01329,0.51329,-0.00350,2022-12-22 14:28:00-05:00,2022-12-23 02:05:00-05:00,0 days 11:37:00,,1.07365,1.07365,1.05759,1.05759,1.00000,1.00000,1.00000,0.00000,0.00365,0.00314
-10000,745258,746663,1.05733,1.06021,1.06021,1.05157,-29.31298,0.51298,-0.00277,2023-01-03 03:18:00-05:00,2023-01-04 02:44:00-05:00,0 days 23:26:00,,1.07365,1.07365,1.05733,1.05733,1.00000,1.00000,1.00000,0.00000,0.00288,0.00374
10000,751321,755641,1.07134,1.07970,1.06716,1.07970,83.07891,0.52109,0.00775,2023-01-09 08:25:00-05:00,2023-01-12 08:28:00-05:00,3 days 00:03:00,,1.07134,1.07134,1.05733,1.04830,1.00000,0.00000,0.00000,1.00000,0.00418,0.00303
10000,776157,776165,1.09296,1.09858,1.09015,1.09858,55.66910,0.53090,0.00509,2023-02-01 14:38:00-05:00,2023-02-01 14:46:00-05:00,0 days 00:08:00,,1.09296,1.09296,1.07660,1.07660,1.00000,1.00000,1.00000,1.00000,0.00281,0.00281
-10000,779048,781221,1.08022,1.07084,1.08491,1.07084,93.27890,0.52110,0.00864,2023-02-03 14:51:00-05:00,2023-02-07 03:06:00-05:00,3 days 12:15:00,,1.09296,1.10327,1.08022,1.08022,0.00000,1.00000,1.00000,0.00000,0.00469,0.00343
-10000,791711,791815,1.06555,1.06880,1.06880,1.05905,-33.01705,0.51705,-0.00310,2023-02-16 10:03:00-05:00,2023-02-16 11:47:00-05:00,0 days 01:44:00,,1.10327,1.10327,1.06555,1.06555,1.00000,1.00000,1.00000,1.00000,0.00325,0.00325
-10000,797719,800252,1.06129,1.05577,1.06405,1.05577,54.68714,0.51286,0.00515,2023-02-22 14:15:00-05:00,2023-02-24 08:30:00-05:00,1 days 18:15:00,,1.08048,1.08048,1.06129,1.06129,1.00000,1.00000,1.00000,0.00000,0.00276,0.00257
10000,809091,810068,1.06917,1.06637,1.06637,1.07477,-28.51734,0.51734,-0.00267,2023-03-06 11:55:00-05:00,2023-03-07 04:13:00-05:00,0 days 16:18:00,,1.06917,1.06917,1.05330,1.05330,1.00000,0.00000,1.00000,1.00000,0.00280,0.00252
-10000,811132,811878,1.05330,1.05639,1.05639,1.04712,-31.41107,0.51107,-0.00298,2023-03-07 21:58:00-05:00,2023-03-08 10:24:00-05:00,0 days 12:26:00,,1.06917,1.06917,1.05330,1.05330,0.00000,0.00000,1.00000,0.00000,0.00309,0.00274
10000,814765,814810,1.06947,1.06659,1.06659,1.07523,-29.31746,0.51746,-0.00274,2023-03-10 10:33:00-05:00,2023-03-10 11:18:00-05:00,0 days 00:45:00,,1.06947,1.06947,1.05330,1.05330,1.00000,1.00000,0.00000,0.00000,0.00288,0.00288
-10000,818958,819256,1.05247,1.05747,1.05747,1.04247,-50.51113,0.51113,-0.00480,2023-03-15 09:29:00-04:00,2023-03-15 14:27:00-04:00,0 days 04:58:00,,1.06947,1.06947,1.05247,1.05247,0.00000,0.00000,1.00000,0.00000,0.00500,0.00499
10000,824502,826364,1.07600,1.08252,1.07274,1.08252,64.67710,0.52290,0.00601,2023-03-21 06:57:00-04:00,2023-03-22 14:00:00-04:00,1 days 07:03:00,,1.07600,1.07600,1.05162,1.05162,1.00000,0.00000,1.00000,1.00000,0.00326,0.00273
10000,838587,838834,1.09300,1.08988,1.08988,1.09924,-31.72881,0.52881,-0.00290,2023-04-04 03:52:00-04:00,2023-04-04 07:59:00-04:00,0 days 04:07:00,,1.09300,1.09300,1.07131,1.07131,1.00000,0.00000,1.00000,1.00000,0.00312,0.00338
10000,847440,848611,1.09733,1.10195,1.09502,1.10195,45.66722,0.53278,0.00416,2023-04-12 08:31:00-04:00,2023-04-13 04:03:00-04:00,0 days 19:32:00,,1.09733,1.09733,1.07882,1.07882,1.00000,0.00000,1.00000,1.00000,0.00231,0.00260
10000,861763,861852,1.10760,1.10471,1.10471,1.11338,-29.43594,0.53594,-0.00266,2023-04-26 09:24:00-04:00,2023-04-26 10:53:00-04:00,0 days 01:29:00,,1.10760,1.10760,1.09092,1.09092,1.00000,1.00000,1.00000,1.00000,0.00289,0.00289
-10000,874587,874901,1.09423,1.09716,1.09716,1.08837,-29.83087,0.53087,-0.00273,2023-05-09 09:17:00-04:00,2023-05-09 14:31:00-04:00,0 days 05:14:00,,1.10917,1.10917,1.09423,1.09423,1.00000,1.00000,1.00000,0.00000,0.00293,0.00286
-10000,890108,890220,1.07600,1.07819,1.07819,1.07162,-22.42185,0.52185,-0.00208,2023-05-24 06:09:00-04:00,2023-05-24 08:01:00-04:00,0 days 01:52:00,,1.10917,1.10917,1.07600,1.07600,1.00000,1.00000,1.00000,1.00000,0.00219,0.00219
10000,906138,907523,1.07790,1.07543,1.07543,1.08284,-25.22165,0.52165,-0.00234,2023-06-08 11:30:00-04:00,2023-06-09 10:36:00-04:00,0 days 23:06:00,,1.07790,1.07790,1.06352,1.06671,1.00000,0.00000,1.00000,1.00000,0.00247,0.00227
10000,919050,920138,1.09707,1.10117,1.09502,1.10117,40.46747,0.53253,0.00369,2023-06-21 12:51:00-04:00,2023-06-22 07:00:00-04:00,0 days 18:09:00,,1.09707,1.09707,1.06671,1.06671,1.00000,0.00000,1.00000,1.00000,0.00205,0.00219
-10000,928557,928784,1.08445,1.08711,1.08711,1.07913,-27.12606,0.52606,-0.00250,2023-06-30 04:25:00-04:00,2023-06-30 08:12:00-04:00,0 days 03:47:00,,1.10126,1.10126,1.08445,1.08445,1.00000,1.00000,1.00000,0.00000,0.00266,0.00280
-10000,933993,934108,1.08354,1.08581,1.08581,1.07900,-23.22553,0.52553,-0.00214,2023-07-06 00:05:00-04:00,2023-07-06 02:00:00-04:00,0 days 01:55:00,,1.10126,1.10126,1.08354,1.08354,1.00000,1.00000,1.00000,0.00000,0.00227,0.00224
10000,938096,938713,1.10126,1.09859,1.09859,1.10660,-27.23292,0.53292,-0.00247,2023-07-10 21:31:00-04:00,2023-07-11 07:48:00-04:00,0 days 10:17:00,,1.10126,1.10126,1.08354,1.08354,1.00000,0.00000,0.00000,0.00000,0.00267,0.00254
-10000,961698,964477,1.09437,1.09730,1.09730,1.08851,-29.83093,0.53093,-0.00273,2023-08-02 10:09:00-04:00,2023-08-04 08:30:00-04:00,1 days 22:21:00,,1.11498,1.11498,1.09437,1.09437,1.00000,1.00000,1.00000,0.00000,0.00293,0.00256
10000,970173,970184,1.10420,1.10167,1.10167,1.10926,-25.83438,0.53438,-0.00234,2023-08-10 08:30:00-04:00,2023-08-10 08:41:00-04:00,0 days 00:11:00,,1.10420,1.10420,1.09123,1.09123,1.00000,1.00000,1.00000,1.00000,0.00253,0.00253
10000,970197,970227,1.10420,1.10167,1.10167,1.10926,-25.83438,0.53438,-0.00234,2023-08-10 08:54:00-04:00,2023-08-10 09:24:00-04:00,0 days 00:30:00,,1.10420,1.10420,1.09123,1.09123,1.00000,0.00000,1.00000,1.00000,0.00253,0.00285
-10000,973004,974262,1.09123,1.09374,1.09374,1.08621,-25.62931,0.52931,-0.00235,2023-08-14 08:43:00-04:00,2023-08-15 05:42:00-04:00,0 days 20:59:00,,1.10420,1.10420,1.09123,1.09123,0.00000,0.00000,1.00000,0.00000,0.00251,0.00280
10000,990202,991255,1.09303,1.09007,1.09007,1.09895,-30.12886,0.52886,-0.00276,2023-08-30 09:34:00-04:00,2023-08-31 03:08:00-04:00,0 days 17:34:00,,1.09303,1.09303,1.09123,1.07659,1.00000,0.00000,0.00000,1.00000,0.00296,0.00262
-10000,995472,995834,1.07659,1.07211,1.07883,1.07211,44.27947,0.52053,0.00411,2023-09-05 02:28:00-04:00,2023-09-05 08:30:00-04:00,0 days 06:02:00,,1.09453,1.09453,1.07659,1.07659,1.00000,1.00000,1.00000,0.00000,0.00224,0.00255
-10000,1005847,1006154,1.06861,1.06389,1.07097,1.06389,46.68340,0.51660,0.00437,2023-09-14 08:30:00-04:00,2023-09-14 13:37:00-04:00,0 days 05:07:00,,1.09453,1.09453,1.06861,1.06861,1.00000,1.00000,1.00000,0.00000,0.00236,0.00331
-10000,1012281,1012717,1.06320,1.06605,1.06605,1.05750,-29.01581,0.51581,-0.00273,2023-09-20 20:49:00-04:00,2023-09-21 04:05:00-04:00,0 days 07:16:00,,1.07689,1.07689,1.06320,1.06320,1.00000,1.00000,1.00000,0.00000,0.00285,0.00287
10000,1031715,1032948,1.06172,1.05828,1.05828,1.06860,-34.91357,0.51357,-0.00329,2023-10-10 11:56:00-04:00,2023-10-11 08:30:00-04:00,0 days 20:34:00,,1.06172,1.06172,1.04483,1.04483,1.00000,0.00000,1.00000,1.00000,0.00344,0.00298
10000,1044524,1045457,1.06398,1.06910,1.06142,1.06910,50.68326,0.51674,0.00476,2023-10-23 11:34:00-04:00,2023-10-24 03:08:00-04:00,0 days 15:34:00,,1.06398,1.06398,1.04956,1.04956,1.00000,0.00000,1.00000,1.00000,0.00256,0.00263
-10000,1054414,1054443,1.05219,1.05491,1.05491,1.04675,-27.71045,0.51045,-0.00263,2023-11-01 09:31:00-04:00,2023-11-01 10:00:00-04:00,0 days 00:29:00,,1.06955,1.06955,1.05219,1.05219,1.00000,1.00000,1.00000,1.00000,0.00272,0.00272
10000,1057232,1058373,1.06955,1.07513,1.06676,1.07513,55.28045,0.51955,0.00517,2023-11-03 08:31:00-04:00,2023-11-06 03:33:00-05:00,2 days 20:02:00,,1.06955,1.06955,1.05219,1.05219,1.00000,0.00000,0.00000,0.00000,0.00279,0.00303
10000,1067304,1067317,1.07564,1.07960,1.07366,1.07960,39.07788,0.52212,0.00363,2023-11-14 08:30:00-05:00,2023-11-14 08:43:00-05:00,0 days 00:13:00,,1.07564,1.07564,1.05168,1.05168,1.00000,1.00000,1.00000,1.00000,0.00198,0.00198
10000,1081707,1081898,1.09652,1.10032,1.09462,1.10032,37.46781,0.53219,0.00342,2023-11-28 08:43:00-05:00,2023-11-28 11:54:00-05:00,0 days 03:11:00,,1.09652,1.09652,1.08525,1.08525,1.00000,0.00000,1.00000,1.00000,0.00190,0.00200
-10000,1086085,1086206,1.08525,1.08800,1.08800,1.07975,-28.02647,0.52647,-0.00258,2023-12-01 09:44:00-05:00,2023-12-01 11:45:00-05:00,0 days 02:01:00,,1.09652,1.09652,1.08525,1.08525,0.00000,0.00000,1.00000,1.00000,0.00275,0.00275
10000,1106648,1110918,1.10092,1.10618,1.09829,1.10618,52.06533,0.53467,0.00473,2023-12-21 16:41:00-05:00,2023-12-27 07:25:00-05:00,5 days 14:44:00,,1.10092,1.10092,1.07237,1.07237,1.00000,0.00000,1.00000,1.00000,0.00263,0.00180
-10000,1129544,1131831,1.08770,1.09009,1.09009,1.08292,-24.42758,0.52758,-0.00225,2024-01-16 06:04:00-05:00,2024-01-17 20:13:00-05:00,1 days 14:09:00,,1.09985,1.09909,1.08770,1.08770,1.00000,1.00000,1.00000,0.00000,0.00239,0.00246
-10000,1136998,1137912,1.08446,1.08663,1.08663,1.08012,-22.22595,0.52595,-0.00205,2024-01-23 10:23:00-05:00,2024-01-24 01:38:00-05:00,0 days 15:15:00,,1.09909,1.09909,1.08446,1.08446,1.00000,1.00000,1.00000,0.00000,0.00217,0.00227
-10000,1158480,1160990,1.07226,1.07409,1.07409,1.06860,-18.81996,0.51996,-0.00176,2024-02-13 08:40:00-05:00,2024-02-15 02:32:00-05:00,1 days 17:52:00,,1.08976,1.08976,1.07226,1.07226,1.00000,1.00000,1.00000,0.00000,0.00183,0.00186
10000,1165491,1168159,1.08056,1.08420,1.07874,1.08420,35.87558,0.52442,0.00332,2024-02-20 05:36:00-05:00,2024-02-22 02:06:00-05:00,1 days 20:30:00,,1.08056,1.08056,1.06948,1.06948,1.00000,0.00000,1.00000,1.00000,0.00182,0.00184
10000,1181570,1182941,1.08892,1.08719,1.08719,1.09238,-17.82716,0.52716,-0.00164,2024-03-06 09:46:00-05:00,2024-03-07 08:38:00-05:00,0 days 22:52:00,,1.08892,1.08892,1.07958,1.07958,1.00000,0.00000,1.00000,1.00000,0.00173,0.00172
-10000,1204041,1204369,1.08018,1.08177,1.08177,1.07700,-16.42374,0.52374,-0.00152,2024-03-28 03:33:00-04:00,2024-03-28 09:01:00-04:00,0 days 05:28:00,,1.09424,1.09424,1.08018,1.08018,1.00000,1.00000,1.00000,0.00000,0.00159,0.00198
-10000,1218593,1218648,1.07247,1.07477,1.07477,1.06787,-23.52018,0.52018,-0.00219,2024-04-11 08:15:00-04:00,2024-04-11 09:10:00-04:00,0 days 00:55:00,,1.09424,1.09424,1.07247,1.07247,1.00000,1.00000,1.00000,0.00000,0.00230,0.00239
10000,1241448,1241452,1.07530,1.07970,1.07310,1.07970,43.47795,0.52205,0.00404,2024-05-03 08:26:00-04:00,2024-05-03 08:30:00-04:00,0 days 00:04:00,,1.07530,1.07530,1.06012,1.06012,1.00000,1.00000,1.00000,1.00000,0.00220,0.00220
10000,1251443,1252844,1.08126,1.08468,1.07955,1.08468,33.67529,0.52471,0.00311,2024-05-14 09:08:00-04:00,2024-05-15 08:30:00-04:00,0 days 23:22:00,,1.08126,1.08126,1.07239,1.07239,1.00000,0.00000,1.00000,1.00000,0.00171,0.00154
-10000,1267506,1268557,1.08047,1.08250,1.08250,1.07641,-20.82399,0.52399,-0.00193,2024-05-29 15:02:00-04:00,2024-05-30 08:34:00-04:00,0 days 17:32:00,,1.08950,1.08950,1.08047,1.08047,1.00000,1.00000,1.00000,0.00000,0.00203,0.00198
10000,1271557,1272666,1.08890,1.08679,1.08679,1.09312,-21.62707,0.52707,-0.00199,2024-06-03 11:36:00-04:00,2024-06-04 06:06:00-04:00,0 days 18:30:00,,1.08890,1.08890,1.08047,1.07882,1.00000,0.00000,0.00000,1.00000,0.00211,0.00231
-10000,1277637,1278365,1.07744,1.07384,1.08131,1.07384,35.47885,0.52115,0.00329,2024-06-09 18:01:00-04:00,2024-06-10 06:09:00-04:00,0 days 12:08:00,,1.09160,1.09160,1.07882,1.07882,1.00000,1.00000,1.00000,0.00000,0.00230,0.00248
-10000,1295703,1295777,1.06710,1.06892,1.06892,1.06346,-18.71746,0.51746,-0.00175,2024-06-26 09:19:00-04:00,2024-06-26 10:33:00-04:00,0 days 01:14:00,,1.08522,1.08522,1.06710,1.06710,1.00000,1.00000,1.00000,1.00000,0.00182,0.00182
10000,1311158,1311363,1.08522,1.08790,1.08388,1.08790,26.27355,0.52645,0.00242,2024-07-11 05:05:00-04:00,2024-07-11 08:30:00-04:00,0 days 03:25:00,,1.08522,1.08522,1.06660,1.06660,1.00000,1.00000,1.00000,1.00000,0.00134,0.00134
-10000,1328404,1331327,1.08257,1.08436,1.08436,1.07899,-18.42495,0.52495,-0.00170,2024-07-29 07:43:00-04:00,2024-07-31 08:28:00-04:00,2 days 00:45:00,,1.09480,1.09480,1.08257,1.08257,1.00000,1.00000,1.00000,0.00000,0.00179,0.00165
10000,1335286,1335604,1.09480,1.10022,1.09209,1.10022,53.66825,0.53175,0.00490,2024-08-05 03:30:00-04:00,2024-08-05 08:48:00-04:00,0 days 05:18:00,,1.09480,1.09480,1.08257,1.08257,1.00000,0.00000,0.00000,0.00000,0.00271,0.00329
10000,1345346,1345721,1.10087,1.10459,1.09901,1.10459,36.66572,0.53428,0.00333,2024-08-14 04:17:00-04:00,2024-08-14 10:32:00-04:00,0 days 06:15:00,,1.10087,1.10087,1.08816,1.08816,1.00000,0.00000,1.00000,1.00000,0.00186,0.00214
-10000,1372779,1373669,1.10263,1.10466,1.10466,1.09857,-20.83472,0.53472,-0.00189,2024-09-10 09:49:00-04:00,2024-09-11 00:40:00-04:00,0 days 14:51:00,,1.12017,1.12017,1.10263,1.10263,1.00000,1.00000,1.00000,0.00000,0.00203,0.00178
10000,1381604,1381665,1.11559,1.11363,1.11363,1.11951,-20.14003,0.54003,-0.00181,2024-09-18 14:00:00-04:00,2024-09-18 15:01:00-04:00,0 days 01:01:00,,1.11559,1.11559,1.10019,1.10019,1.00000,1.00000,1.00000,1.00000,0.00196,0.00196
10000,1387650,1388570,1.11894,1.11615,1.11615,1.12452,-28.44146,0.54146,-0.00254,2024-09-24 19:51:00-04:00,2024-09-25 11:11:00-04:00,0 days 15:20:00,,1.11894,1.11894,1.10685,1.10685,1.00000,0.00000,1.00000,1.00000,0.00279,0.00247
-10000,1394171,1398422,1.10685,1.10013,1.11021,1.10013,66.66535,0.53465,0.00602,2024-10-01 09:36:00-04:00,2024-10-04 08:30:00-04:00,2 days 22:54:00,,1.12141,1.12141,1.10685,1.10685,1.00000,1.00000,1.00000,0.00000,0.00336,0.00201
-10000,1430625,1430872,1.07688,1.07052,1.08006,1.07052,63.07978,0.52022,0.00586,2024-11-05 21:36:00-05:00,2024-11-06 01:43:00-05:00,0 days 04:07:00,,1.12141,1.12141,1.07688,1.07688,1.00000,1.00000,1.00000,0.00000,0.00318,0.00411
-10000,1447274,1448277,1.04966,1.04396,1.05251,1.04396,56.49282,0.50718,0.00538,2024-11-21 11:16:00-05:00,2024-11-22 04:00:00-05:00,0 days 16:44:00,,1.09372,1.09372,1.04966,1.04966,1.00000,1.00000,1.00000,0.00000,0.00285,0.00289
10000,1462937,1462978,1.05972,1.05678,1.05678,1.06560,-29.91273,0.51273,-0.00282,2024-12-06 08:30:00-05:00,2024-12-06 09:11:00-05:00,0 days 00:41:00,,1.05972,1.05972,1.04608,1.04608,1.00000,0.00000,1.00000,1.00000,0.00294,0.00325
-10000,1469493,1469919,1.04608,1.04915,1.04915,1.03994,-31.20758,0.50758,-0.00298,2024-12-12 21:51:00-05:00,2024-12-13 04:57:00-05:00,0 days 07:06:00,,1.06300,1.06300,1.04608,1.04608,1.00000,1.00000,1.00000,0.00000,0.00307,0.00286
-10000,1474779,1474817,1.04532,1.04046,1.04775,1.04046,48.09472,0.50528,0.00460,2024-12-18 14:00:00-05:00,2024-12-18 14:38:00-05:00,0 days 00:38:00,,1.06300,1.06300,1.04532,1.04532,1.00000,1.00000,1.00000,1.00000,0.00243,0.00243
-10000,1487730,1488025,1.03430,1.02944,1.03673,1.02944,48.10006,0.49994,0.00465,2025-01-02 05:32:00-05:00,2025-01-02 10:27:00-05:00,0 days 04:55:00,,1.05342,1.05342,1.03430,1.03430,1.00000,1.00000,1.00000,0.00000,0.00243,0.00266
-10000,1496545,1496556,1.02236,1.02484,1.02484,1.01740,-25.29594,0.49594,-0.00247,2025-01-10 08:33:00-05:00,2025-01-10 08:44:00-05:00,0 days 00:11:00,,1.04370,1.04370,1.02236,1.02236,1.00000,1.00000,1.00000,1.00000,0.00248,0.00248
10000,1507827,1508808,1.04370,1.03979,1.03979,1.05152,-39.60473,0.50473,-0.00379,2025-01-22 04:44:00-05:00,2025-01-22 21:06:00-05:00,0 days 16:22:00,,1.04370,1.04370,1.01780,1.01780,1.00000,0.00000,1.00000,1.00000,0.00391,0.00334
10000,1531249,1531387,1.04439,1.04064,1.04064,1.05189,-38.00511,0.50511,-0.00364,2025-02-13 11:22:00-05:00,2025-02-13 13:40:00-05:00,0 days 02:18:00,,1.04439,1.04439,1.02848,1.02848,1.00000,0.00000,1.00000,1.00000,0.00375,0.00402
10000,1540443,1540805,1.05142,1.04890,1.04890,1.05646,-25.70881,0.50881,-0.00245,2025-02-23 20:43:00-05:00,2025-02-24 02:45:00-05:00,0 days 06:02:00,,1.05142,1.05142,1.02848,1.02848,1.00000,0.00000,1.00000,1.00000,0.00252,0.00277
-10000,1545725,1548135,1.04008,1.04311,1.04311,1.03402,-30.80466,0.50466,-0.00296,2025-02-27 12:48:00-05:00,2025-03-03 05:00:00-05:00,3 days 16:12:00,,1.05142,1.05142,1.04008,1.04008,0.00000,0.00000,1.00000,0.00000,0.00303,0.00297
10000,1549685,1549894,1.05288,1.04970,1.04970,1.05924,-32.30935,0.50935,-0.00307,2025-03-04 06:51:00-05:00,2025-03-04 10:20:00-05:00,0 days 03:29:00,,1.05288,1.05288,1.04008,1.04008,1.00000,0.00000,0.00000,0.00000,0.00318,0.00345
10000,1563798,1564013,1.09474,1.09228,1.09228,1.09966,-25.12981,0.52981,-0.00230,2025-03-18 04:14:00-04:00,2025-03-18 07:49:00-04:00,0 days 03:35:00,,1.09474,1.09474,1.03599,1.03599,1.00000,0.00000,1.00000,1.00000,0.00246,0.00273
10000,1580846,1581004,1.09545,1.10439,1.09098,1.10439,88.86708,0.53292,0.00811,2025-04-03 02:34:00-04:00,2025-04-03 05:12:00-04:00,0 days 02:38:00,,1.09545,1.09545,1.07330,1.07330,1.00000,0.00000,1.00000,1.00000,0.00447,0.00520
10000,1588465,1589058,1.11469,1.12939,1.10734,1.12939,146.45636,0.54364,0.01314,2025-04-10 10:38:00-04:00,2025-04-10 20:32:00-04:00,0 days 09:54:00,,1.11469,1.11469,1.07330,1.07330,1.00000,0.00000,1.00000,1.00000,0.00735,0.00807
10000,1597551,1598004,1.14750,1.15400,1.14425,1.15400,64.44246,0.55754,0.00562,2025-04-20 20:11:00-04:00,2025-04-21 03:44:00-04:00,0 days 07:33:00,,1.14750,1.14750,1.08886,1.08886,1.00000,0.00000,1.00000,1.00000,0.00325,0.00418
-10000,1609100,1611010,1.13082,1.13449,1.13449,1.12348,-37.24877,0.54877,-0.00329,2025-04-30 21:48:00-04:00,2025-05-02 05:39:00-04:00,1 days 07:51:00,,1.15734,1.14249,1.13082,1.13082,1.00000,1.00000,1.00000,0.00000,0.00367,0.00354
-10000,1617066,1619365,1.12660,1.11878,1.13051,1.11878,77.65605,0.54395,0.00689,2025-05-08 11:39:00-04:00,2025-05-12 03:00:00-04:00,3 days 15:21:00,,1.14249,1.13812,1.12660,1.12660,1.00000,1.00000,1.00000,0.00000,0.00391,0.00338
10000,1633174,1635104,1.13812,1.13435,1.13435,1.14566,-38.25051,0.55051,-0.00336,2025-05-25 19:19:00-04:00,2025-05-27 03:30:00-04:00,1 days 08:11:00,,1.13812,1.13812,1.10654,1.10654,1.00000,0.00000,1.00000,1.00000,0.00377,0.00289
10000,1640794,1642519,1.14188,1.13837,1.13837,1.14890,-35.65239,0.55239,-0.00312,2025-06-02 03:24:00-04:00,2025-06-03 08:10:00-04:00,1 days 04:46:00,,1.14188,1.14188,1.10654,1.12104,1.00000,0.00000,1.00000,1.00000,0.00351,0.00340
10000,1651361,1652356,1.14950,1.15600,1.14625,1.15600,64.44149,0.55851,0.00561,2025-06-11 12:38:00-04:00,2025-06-12 05:14:00-04:00,0 days 16:36:00,,1.14950,1.14950,1.12104,1.12104,1.00000,0.00000,1.00000,1.00000,0.00325,0.00331
10000,1664058,1665106,1.16324,1.15952,1.15952,1.17068,-37.76270,0.56270,-0.00325,2025-06-24 10:24:00-04:00,2025-06-25 03:53:00-04:00,0 days 17:29:00,,1.16324,1.16324,1.14464,1.14464,1.00000,0.00000,1.00000,1.00000,0.00372,0.00347
10000,1692628,1694557,1.17218,1.17752,1.16951,1.17752,52.83078,0.56922,0.00451,2025-07-22 10:54:00-04:00,2025-07-23 19:05:00-04:00,1 days 08:11:00,,1.17218,1.17218,1.15569,1.15569,1.00000,0.00000,1.00000,1.00000,0.00267,0.00297
-10000,1699263,1699499,1.15569,1.15886,1.15886,1.14935,-32.26071,0.56071,-0.00279,2025-07-29 02:34:00-04:00,2025-07-29 06:30:00-04:00,0 days 03:56:00,,1.17218,1.17218,1.15569,1.15569,0.00000,0.00000,1.00000,0.00000,0.00317,0.00351
10000,1715007,1716554,1.16988,1.16699,1.16699,1.17566,-29.46612,0.56612,-0.00252,2025-08-13 03:09:00-04:00,2025-08-14 04:57:00-04:00,1 days 01:48:00,,1.16988,1.16988,1.13916,1.13916,1.00000,0.00000,1.00000,1.00000,0.00289,0.00262
-10000,1724828,1725375,1.15900,1.16138,1.16138,1.15424,-24.36212,0.56212,-0.00210,2025-08-21 23:57:00-04:00,2025-08-22 09:04:00-04:00,0 days 09:07:00,,1.17302,1.17302,1.15900,1.15900,1.00000,1.00000,1.00000,0.00000,0.00238,0.00235
10000,1725518,1725970,1.17302,1.17067,1.17067,1.17772,-24.06777,0.56777,-0.00205,2025-08-22 11:27:00-04:00,2025-08-24 20:00:00-04:00,2 days 08:33:00,,1.17302,1.17302,1.15900,1.15900,1.00000,0.00000,0.00000,0.00000,0.00235,0.00344
-10000,1729359,1729814,1.15830,1.16148,1.16148,1.15194,-32.36197,0.56197,-0.00279,2025-08-27 04:31:00-04:00,2025-08-27 12:06:00-04:00,0 days 07:35:00,,1.17302,1.17302,1.15830,1.15830,0.00000,0.00000,1.00000,0.00000,0.00318,0.00325
10000,1739611,1740048,1.17364,1.17132,1.17132,1.17828,-23.76808,0.56808,-0.00203,2025-09-05 08:30:00-04:00,2025-09-05 15:47:00-04:00,0 days 07:17:00,,1.17364,1.17364,1.15740,1.15740,1.00000,0.00000,1.00000,1.00000,0.00232,0.00302
10000,1749025,1749619,1.17801,1.18237,1.17583,1.18237,43.02819,0.57181,0.00365,2025-09-15 23:31:00-04:00,2025-09-16 09:25:00-04:00,0 days 09:54:00,,1.17801,1.17801,1.16084,1.16609,1.00000,0.00000,1.00000,1.00000,0.00218,0.00242
-10000,1759577,1759661,1.17260,1.16842,1.17469,1.16842,41.23288,0.56712,0.00352,2025-09-25 08:30:00-04:00,2025-09-25 09:54:00-04:00,0 days 01:24:00,,1.19188,1.19188,1.17260,1.17260,1.00000,1.00000,1.00000,0.00000,0.00209,0.00257
-10000,1771678,1773920,1.16456,1.15920,1.16724,1.15920,53.03706,0.56294,0.00455,2025-10-07 20:20:00-04:00,2025-10-09 09:43:00-04:00,1 days 13:23:00,,1.17787,1.17787,1.16456,1.16456,1.00000,1.00000,1.00000,0.00000,0.00268,0.00280
-10000,1795250,1797836,1.15769,1.15207,1.16050,1.15207,55.64046,0.55954,0.00481,2025-10-30 08:28:00-04:00,2025-11-03 03:36:00-05:00,3 days 20:08:00,,1.17285,1.16688,1.15769,1.15769,1.00000,1.00000,1.00000,0.00000,0.00281,0.00237
10000,1829593,1832825,1.16560,1.16372,1.16372,1.16936,-19.36428,0.56428,-0.00166,2025-12-03 05:15:00-05:00,2025-12-05 11:09:00-05:00,2 days 05:54:00,,1.16560,1.16560,1.14912,1.14912,1.00000,0.00000,1.00000,1.00000,0.00188,0.00188
10000,1837376,1838357,1.16820,1.17190,1.16635,1.17190,36.43310,0.56690,0.00312,2025-12-10 15:03:00-05:00,2025-12-11 07:25:00-05:00,0 days 16:22:00,,1.16820,1.16820,1.14912,1.14912,1.00000,0.00000,1.00000,1.00000,0.00185,0.00222
10000,1850660,1851055,1.18042,1.17831,1.17831,1.18464,-21.67141,0.57141,-0.00184,2025-12-23 20:37:00-05:00,2025-12-24 03:12:00-05:00,0 days 06:35:00,,1.18042,1.18042,1.16152,1.16152,1.00000,0.00000,1.00000,1.00000,0.00211,0.00208
