,equity_all
2021-01-04 05:00:00,0.9899390313362029
2021-01-04 21:00:00,0.9799450104560078
2021-01-06 05:00:00,0.9700876586220846
2021-01-06 09:00:00,0.9700001018424816
2021-01-06 09:00:00,0.9602463319659108
2021-01-06 09:00:00,0.950164004042813
2021-01-08 05:00:00,0.9507391660135068
2021-01-08 05:00:00,0.9522145642360414
2021-01-11 21:00:00,0.9536939936096634
2021-01-12 01:00:00,0.9440879015472117
2021-01-12 13:00:00,0.9344884567765134
2021-01-12 13:00:00,0.9433855396936549
2021-01-13 05:00:00,0.9339035260907896
2021-01-13 17:00:00,0.9311401054922729
2021-01-14 09:00:00,0.9217799247526152
2021-01-14 09:00:00,0.9124176517807203
2021-01-15 01:00:00,0.903212650175777
2021-01-18 17:00:00,0.9034313820152552
2021-01-19 01:00:00,0.9033464112888585
2021-01-19 09:00:00,0.894265838964702
2021-01-20 01:00:00,0.8859038143828216
2021-01-21 09:00:00,0.8858409098352763
2021-01-22 01:00:00,0.8857370721366552
2021-01-22 01:00:00,0.8767678392892322
2021-01-22 01:00:00,0.8670215224575528
2021-01-24 17:00:00,0.8684902433161181
2021-01-25 09:00:00,0.8662320874832252
2021-01-27 05:00:00,0.8574999890506261
2021-01-27 09:00:00,0.8487346588227669
2021-01-27 13:00:00,0.8508536703072528
2021-01-28 09:00:00,0.8522751480091407
2021-01-28 21:00:00,0.8507859185857148
2021-02-01 01:00:00,0.8422252212025135
2021-02-01 05:00:00,0.8337126826378916
2021-02-02 13:00:00,0.8368037823686114
2021-02-03 13:00:00,0.8351658960644239
2021-02-04 05:00:00,0.826711306342822
2021-02-05 01:00:00,0.834941839752538
2021-02-05 05:00:00,0.8432823019913049
2021-02-05 05:00:00,0.858336197073059
2021-02-05 09:00:00,0.8499260680551457
2021-02-08 09:00:00,0.8484047932337109
2021-02-10 05:00:00,0.8603996621977479
2021-02-11 21:00:00,0.8667337710545492
2021-02-12 01:00:00,0.8890178610961919
2021-02-12 05:00:00,0.8921349501428826
2021-02-12 05:00:00,0.905277818844962
2021-02-16 01:00:00,0.9043639473434777
2021-02-16 01:00:00,0.9207364715873956
2021-02-16 05:00:00,0.9207520047562499
2021-02-16 05:00:00,0.9113086451624958
2021-02-16 05:00:00,0.9021162025654783
2021-02-18 05:00:00,0.9056834407832611
2021-02-18 09:00:00,0.8965143860801038
2021-02-19 09:00:00,0.8964611070869554
2021-02-23 05:00:00,0.8874516127063766
2021-02-23 09:00:00,0.8990364026846664
2021-02-23 21:00:00,0.9292417314952299
2021-02-24 05:00:00,0.9198503614120445
2021-02-24 09:00:00,0.9108224427176665
2021-02-25 01:00:00,0.9126021840718249
2021-02-25 09:00:00,0.9034052467815813
2021-02-25 09:00:00,0.9070888416685814
2021-02-25 13:00:00,0.8979070592177335
2021-02-28 17:00:00,0.9165882424227543
2021-02-28 17:00:00,0.9253504608248156
2021-03-02 09:00:00,0.9282264285633453
2021-03-02 09:00:00,0.9188969644840752
2021-03-02 13:00:00,0.9268097686205227
2021-03-04 13:00:00,0.9175552017238188
2021-03-05 09:00:00,0.9329166716232772
2021-03-05 09:00:00,0.9702957823259515
2021-03-09 01:00:00,0.9605242582191451
2021-03-09 01:00:00,0.9877399175023234
2021-03-09 01:00:00,0.9893813281562464
2021-03-09 01:00:00,0.9909216831490525
2021-03-11 17:00:00,0.9885263409740668
2021-03-12 01:00:00,0.9886489947201653
2021-03-12 01:00:00,0.9885548897575712
2021-03-12 01:00:00,0.9784108333642966
2021-03-12 09:00:00,0.9783344548844357
2021-03-15 05:00:00,0.9768646460858039
2021-03-16 05:00:00,0.9669902390735556
2021-03-17 13:00:00,0.9648416603694451
2021-03-17 13:00:00,0.9550890196606433
2021-03-18 01:00:00,0.9453144719517059
2021-03-18 09:00:00,0.9356694072616498
2021-03-22 05:00:00,0.9262521257025647
2021-03-22 21:00:00,0.9232509895204446
2021-03-23 01:00:00,0.9139304852392472
2021-03-23 01:00:00,0.9044561761982068
2021-03-24 09:00:00,0.9009407887793776
2021-03-25 17:00:00,0.9098123500719961
2021-03-26 01:00:00,0.9251951549768713
2021-03-29 01:00:00,0.9414069776044358
2021-03-29 09:00:00,0.9318830843988908
2021-03-31 01:00:00,0.9545521089920859
2021-03-31 09:00:00,0.977986115898731
2021-04-01 05:00:00,0.9681036657249216
2021-04-01 09:00:00,0.9867351451578159
2021-04-01 13:00:00,0.9896380431719451
2021-04-02 09:00:00,0.9796861071103483
2021-04-02 13:00:00,0.9763861897324487
2021-04-05 05:00:00,0.9665387575813696
2021-04-06 01:00:00,0.9663985369708891
2021-04-06 01:00:00,0.9686793392728087
2021-04-06 01:00:00,0.9589602236057592
2021-04-06 05:00:00,0.949176823131802
2021-04-07 01:00:00,0.9395741717853028
2021-04-07 13:00:00,0.9538521589048534
2021-04-09 01:00:00,0.9442433223980812
2021-04-09 01:00:00,0.9543842489127178
2021-04-09 05:00:00,0.9750177393518208
2021-04-09 09:00:00,0.9777404789382647
2021-04-13 01:00:00,0.967666301406919
2021-04-13 05:00:00,0.9578107321939056
2021-04-15 05:00:00,0.9479549843804639
2021-04-16 01:00:00,0.9382541036783261
2021-04-18 17:00:00,0.9547169031236415
2021-04-20 01:00:00,0.9723681589291437
2021-04-20 05:00:00,0.9733751444361176
2021-04-20 09:00:00,0.9637185785627557
2021-04-20 09:00:00,0.9836137562719793
2021-04-21 01:00:00,0.9912606008752388
2021-04-23 09:00:00,0.981297922523319
2021-04-26 01:00:00,0.9712615663181801
2021-04-26 09:00:00,0.971193921633663
2021-04-26 09:00:00,0.9610662938837067
2021-04-27 01:00:00,0.9609484009151286
2021-04-27 05:00:00,0.9512104468896431
2021-04-27 05:00:00,0.9412825522688409
2021-04-27 13:00:00,0.9316009320512595
2021-04-28 13:00:00,0.9411838095395668
2021-04-29 17:00:00,0.9397454432648453
2021-04-29 17:00:00,0.9431610794502141
2021-04-30 05:00:00,0.933633271146337
2021-05-03 09:00:00,0.9241953828443974
2021-05-03 09:00:00,0.9334252811815493
2021-05-03 09:00:00,0.9238252789076914
2021-05-03 09:00:00,0.9144465925970388
2021-05-04 05:00:00,0.9050345642637737
2021-05-05 05:00:00,0.9065715555857915
2021-05-07 09:00:00,0.9150547996748243
2021-05-10 13:00:00,0.9182836346724771
2021-05-10 13:00:00,0.930084742605471
2021-05-11 01:00:00,0.950505338725775
2021-05-12 05:00:00,0.9764023568229576
2021-05-12 09:00:00,0.9739444929294996
2021-05-14 01:00:00,0.9641511741064349
2021-05-14 01:00:00,0.9714450853662321
2021-05-14 09:00:00,0.9616213040232373
2021-05-17 05:00:00,0.9629021792482726
2021-05-17 09:00:00,0.9530633657475642
2021-05-19 01:00:00,0.9434261399971829
2021-05-19 01:00:00,0.9336199626090078
2021-05-19 13:00:00,0.9240257039549542
2021-05-19 13:00:00,0.9267918954361543
2021-05-20 01:00:00,0.9172838573827853
2021-05-20 09:00:00,0.9079192321949745
2021-05-21 09:00:00,0.8987170418386536
2021-05-25 05:00:00,0.8895975342753428
2021-05-25 09:00:00,0.8804253481110762
2021-05-26 05:00:00,0.871515172551697
2021-05-26 05:00:00,0.8671267426172533
2021-05-27 05:00:00,0.8583305788848694
2021-05-27 13:00:00,0.8580692401688585
2021-05-28 09:00:00,0.8813278260873224
2021-05-28 09:00:00,0.872456837008859
2021-05-28 09:00:00,0.8633908515764163
2021-05-30 21:00:00,0.8544698156507862
2021-06-01 01:00:00,0.8546692776954812
2021-06-01 13:00:00,0.8555855813148245
2021-06-02 01:00:00,0.8469172205143412
2021-06-02 09:00:00,0.838386253014675
2021-06-02 13:00:00,0.8298668891069066
2021-06-03 05:00:00,0.8288144651923427
2021-06-04 05:00:00,0.8296869686928422
2021-06-04 05:00:00,0.8308021660044742
2021-06-04 05:00:00,0.8319257436217559
2021-06-04 05:00:00,0.8233824298804963
2021-06-04 05:00:00,0.8233310285723398
2021-06-08 09:00:00,0.8180614613394943
2021-06-08 13:00:00,0.8141808574789904
2021-06-08 13:00:00,0.8150782093169099
2021-06-09 21:00:00,0.8068522889318185
2021-06-10 01:00:00,0.798381388413378
2021-06-10 09:00:00,0.7901055646731643
2021-06-10 09:00:00,0.7818414790944805
2021-06-11 09:00:00,0.7735633021511511
2021-06-14 09:00:00,0.773503797273025
2021-06-14 13:00:00,0.771222925406833
2021-06-15 05:00:00,0.763440027236201
2021-06-16 01:00:00,0.7556902015444339
2021-06-16 01:00:00,0.7603043737078442
2021-06-16 05:00:00,0.7525503910678728
2021-06-16 21:00:00,0.7449268202239812
2021-06-17 09:00:00,0.7373574254969106
2021-06-21 05:00:00,0.7566880964968463
2021-06-21 05:00:00,0.7767558510098341
2021-06-21 05:00:00,0.7693449383656813
2021-06-21 09:00:00,0.7938848729384387
2021-06-23 09:00:00,0.7938443887609736
2021-06-24 01:00:00,0.7856571806148451
2021-06-24 05:00:00,0.7776325208018614
2021-06-24 09:00:00,0.7776683207966469
2021-06-25 09:00:00,0.7698439643369002
2021-06-27 21:00:00,0.7620058886264032
2021-06-28 01:00:00,0.7542092882521263
2021-06-28 05:00:00,0.7564502970193397
2021-06-28 05:00:00,0.7483900081437572
2021-06-29 09:00:00,0.7406565017846797
2021-07-01 05:00:00,0.7451781932726328
2021-07-01 05:00:00,0.7449268236418117
2021-07-02 05:00:00,0.746644807364746
2021-07-02 09:00:00,0.7391158964736196
2021-07-02 09:00:00,0.7488345550702021
2021-07-02 09:00:00,0.7523803357712473
2021-07-05 01:00:00,0.7521333422732261
2021-07-05 17:00:00,0.7527560637202427
2021-07-06 05:00:00,0.7451174411078338
2021-07-07 01:00:00,0.7458526847482135
2021-07-07 05:00:00,0.7449798121339255
2021-07-08 01:00:00,0.7372872053904624
2021-07-08 05:00:00,0.7297786721011622
2021-07-09 05:00:00,0.7306635295329114
2021-07-09 09:00:00,0.7233307117956608
2021-07-12 05:00:00,0.7232431310739789
2021-07-12 09:00:00,0.719897946974657
2021-07-13 09:00:00,0.712616518259939
2021-07-13 09:00:00,0.7051836122205815
2021-07-13 13:00:00,0.7059236525446115
2021-07-14 01:00:00,0.6986381802989445
2021-07-14 09:00:00,0.6913837070106429
2021-07-15 05:00:00,0.6842578084115306
2021-07-16 01:00:00,0.6861282332191639
2021-07-16 13:00:00,0.6875361793032737
2021-07-18 17:00:00,0.6806383782321784
2021-07-19 09:00:00,0.6737772566122175
2021-07-19 09:00:00,0.6667101313703648
2021-07-19 13:00:00,0.6666758269937192
2021-07-21 09:00:00,0.6810401258226141
2021-07-25 17:00:00,0.6809656458037221
2021-07-26 01:00:00,0.6741170007536158
2021-07-27 01:00:00,0.6673251164621735
2021-07-27 01:00:00,0.6605000378232609
2021-07-27 05:00:00,0.6535505833008417
2021-07-28 01:00:00,0.6559080678292061
2021-07-28 09:00:00,0.6521310524587555
2021-07-28 13:00:00,0.6455270204565398
2021-07-28 13:00:00,0.6453774289292535
2021-07-30 05:00:00,0.644842108951758
2021-07-30 13:00:00,0.6401281927630148
2021-08-04 01:00:00,0.6414313971559947
2021-08-04 09:00:00,0.63493751080442
2021-08-04 09:00:00,0.6402356814073703
2021-08-04 09:00:00,0.6414379713242897
2021-08-04 09:00:00,0.634925906388512
2021-08-05 17:00:00,0.6351922768852118
2021-08-09 13:00:00,0.6376048929467532
2021-08-10 09:00:00,0.6375216141225044
2021-08-11 05:00:00,0.6374662484598244
2021-08-11 05:00:00,0.6686974690106599
2021-08-11 13:00:00,0.6783998851663979
2021-08-12 09:00:00,0.6736660820130468
2021-08-12 09:00:00,0.6667809800140743
2021-08-13 09:00:00,0.6599946916706327
2021-08-16 05:00:00,0.661324250788018
2021-08-17 01:00:00,0.6859077369901819
2021-08-17 09:00:00,0.7039706314943516
2021-08-18 13:00:00,0.708063995307908
2021-08-18 13:00:00,0.7079520231156156
2021-08-18 13:00:00,0.7006583224211808
2021-08-19 09:00:00,0.735881557657513
2021-08-23 01:00:00,0.7463617371119871
2021-08-23 05:00:00,0.7386777847261959
2021-08-23 17:00:00,0.7311679449176725
2021-08-24 17:00:00,0.7335238694318248
2021-08-24 17:00:00,0.7259866652769222
2021-08-24 17:00:00,0.7186291951473662
2021-08-26 05:00:00,0.7113311936991659
2021-08-26 09:00:00,0.7040466805547733
2021-08-26 17:00:00,0.6992871793777635
2021-08-27 05:00:00,0.6921782280594838
2021-08-27 05:00:00,0.6941544940144444
2021-08-27 09:00:00,0.6870580908157483
2021-08-30 01:00:00,0.6800137332048003
2021-08-30 13:00:00,0.6792702710159358
2021-08-30 13:00:00,0.6757212524333465
2021-08-31 05:00:00,0.6684905323382346
2021-08-31 09:00:00,0.6616955218291559
2021-09-01 05:00:00,0.6622991213692571
2021-09-03 09:00:00,0.6857480373805931
2021-09-03 09:00:00,0.6989898397326334
2021-09-06 01:00:00,0.699729654394034
2021-09-06 09:00:00,0.6925193967009081
2021-09-07 05:00:00,0.6893533691737453
2021-09-07 09:00:00,0.682318461627804
2021-09-08 13:00:00,0.6902517177360423
2021-09-09 01:00:00,0.692186295096248
2021-09-09 09:00:00,0.6982171689074836
2021-09-10 01:00:00,0.6913256319550586
2021-09-10 01:00:00,0.6912738526593886
2021-09-10 09:00:00,0.6842745354552113
2021-09-10 13:00:00,0.6809207646089751
2021-09-13 01:00:00,0.673830714225519
2021-09-13 17:00:00,0.6706015155988414
2021-09-14 01:00:00,0.6637962368921863
2021-09-14 05:00:00,0.6613589872691868
2021-09-14 13:00:00,0.6582372778796725
2021-09-15 13:00:00,0.661828972134543
2021-09-17 09:00:00,0.6652838865358833
2021-09-20 21:00:00,0.6751840745718334
2021-09-21 05:00:00,0.6822581815279593
2021-09-22 01:00:00,0.6753939909479048
2021-09-22 13:00:00,0.690444470117046
2021-09-22 13:00:00,0.68347419282676
2021-09-23 01:00:00,0.6765828892034468
2021-09-24 05:00:00,0.6697442538836694
2021-09-24 05:00:00,0.6628988992476434
2021-09-27 09:00:00,0.6560658441365491
2021-09-28 05:00:00,0.6579849998218942
2021-09-29 01:00:00,0.6913944042149814
2021-09-30 09:00:00,0.6929927382617961
2021-09-30 09:00:00,0.6981456270058353
2021-09-30 09:00:00,0.7039599268507306
2021-10-01 05:00:00,0.7185635655261406
2021-10-05 01:00:00,0.7184894337746347
2021-10-05 09:00:00,0.7112443153408432
2021-10-05 09:00:00,0.7060252570367679
2021-10-05 17:00:00,0.6989538221010998
2021-10-06 01:00:00,0.7036535135388816
2021-10-06 13:00:00,0.6965384058560264
2021-10-08 05:00:00,0.6894424526351188
2021-10-08 05:00:00,0.6824384835077211
2021-10-08 13:00:00,0.6813287253743722
2021-10-11 09:00:00,0.6784093933656291
2021-10-11 17:00:00,0.6730824015029931
2021-10-12 17:00:00,0.6730039902563133
2021-10-13 01:00:00,0.6660550827490496
2021-10-13 09:00:00,0.6655735174253983
2021-10-13 09:00:00,0.6588371259354956
2021-10-14 09:00:00,0.6619343759009669
2021-10-17 21:00:00,0.6642873163560116
2021-10-18 05:00:00,0.6575845983191747
2021-10-19 01:00:00,0.6586312578311301
2021-10-20 01:00:00,0.6594824657008929
2021-10-20 01:00:00,0.6527035581624259
2021-10-20 05:00:00,0.6676473677682352
2021-10-20 05:00:00,0.6610303323814163
2021-10-21 01:00:00,0.6701994547363007
2021-10-21 17:00:00,0.6634689407317255
2021-10-22 09:00:00,0.6663075458538171
2021-10-25 05:00:00,0.6596168859953845
2021-10-26 09:00:00,0.6550413256035515
2021-10-26 09:00:00,0.6483910769853041
2021-10-26 21:00:00,0.6461828939878861
2021-10-27 01:00:00,0.6482016292632813
2021-10-27 05:00:00,0.6415743555917774
2021-10-28 01:00:00,0.6350614854012536
2021-10-28 05:00:00,0.6336648553779943
2021-10-29 05:00:00,0.6358609827461342
2021-10-29 09:00:00,0.6294557055767641
2021-10-29 09:00:00,0.6230336994950043
2021-10-29 09:00:00,0.6165173437862194
2021-11-01 09:00:00,0.6103179623851932
2021-11-02 05:00:00,0.6040456260007869
2021-11-03 05:00:00,0.6054576967952381
2021-11-03 17:00:00,0.6053883987320998
2021-11-04 09:00:00,0.5993032609592714
2021-11-05 09:00:00,0.5992584233248011
2021-11-05 09:00:00,0.6036879634988528
2021-11-05 09:00:00,0.5974578473374745
2021-11-09 09:00:00,0.5973928419563276
2021-11-10 05:00:00,0.5912403156768855
2021-11-10 05:00:00,0.5927517125618305
2021-11-10 09:00:00,0.5935897203678646
2021-11-11 21:00:00,0.5966529661042133
2021-11-12 09:00:00,0.5906170878609681
2021-11-14 17:00:00,0.5985720725957837
2021-11-14 17:00:00,0.6020641828654499
2021-11-15 13:00:00,0.5960139385413465
2021-11-16 09:00:00,0.5899764815206058
2021-11-17 01:00:00,0.6297390271767771
2021-11-17 09:00:00,0.635838098210838
2021-11-17 09:00:00,0.6378576998300011
2021-11-18 01:00:00,0.6313932320330463
2021-11-18 13:00:00,0.632055240852114
2021-11-19 01:00:00,0.6320116542891786
2021-11-22 01:00:00,0.6256645257553878
2021-11-22 05:00:00,0.6232673901073227
2021-11-22 05:00:00,0.623678244674816
2021-11-23 13:00:00,0.622761191948541
2021-11-23 17:00:00,0.6223502629649105
2021-11-24 01:00:00,0.6230897068568224
2021-11-25 05:00:00,0.6206629898538478
2021-11-25 17:00:00,0.6223379827970881
2021-11-26 05:00:00,0.6227581330756634
2021-11-26 05:00:00,0.6287516333695572
2021-11-26 05:00:00,0.6366093648852581
2021-11-28 17:00:00,0.6399690027006371
2021-11-28 17:00:00,0.6521929885993352
2021-11-30 05:00:00,0.6455960067665827
2021-11-30 09:00:00,0.6390988948871449
2021-11-30 09:00:00,0.6325520154662251
2021-11-30 09:00:00,0.6323768233800665
2021-11-30 09:00:00,0.6259028594361746
2021-12-01 13:00:00,0.6195867159604929
2021-12-03 09:00:00,0.6133706757391856
2021-12-06 01:00:00,0.6070822451368628
2021-12-06 09:00:00,0.6072762689024847
2021-12-06 13:00:00,0.6053067384079401
2021-12-07 21:00:00,0.6064163568902822
2021-12-08 01:00:00,0.6035452934484296
2021-12-09 01:00:00,0.597486783299737
2021-12-09 05:00:00,0.5913863374561703
2021-12-09 09:00:00,0.5851823374025883
2021-12-09 17:00:00,0.5830544566541954
2021-12-10 05:00:00,0.5769811751717987
2021-12-13 09:00:00,0.5711390869871513
2021-12-14 09:00:00,0.5652570361736787
2021-12-14 09:00:00,0.5595640701095879
2021-12-15 09:00:00,0.553881565826887
2021-12-15 13:00:00,0.5480965012180373
2021-12-15 13:00:00,0.5424621878760139
2021-12-15 17:00:00,0.536865796050775
2021-12-16 09:00:00,0.5387079010609473
2021-12-16 09:00:00,0.5332881716219727
2021-12-16 13:00:00,0.5345849931875524
2021-12-16 21:00:00,0.5291612400415113
2021-12-17 09:00:00,0.5237244583217964
2021-12-17 09:00:00,0.5236961665660754
2021-12-23 21:00:00,0.5258601566174061
2021-12-27 01:00:00,0.5376976534595791
2021-12-28 09:00:00,0.5321244957540674
2021-12-28 09:00:00,0.5267187032720051
2021-12-29 01:00:00,0.5326695917019987
2021-12-29 05:00:00,0.5271374661666329
2021-12-29 09:00:00,0.5424755864555018
2021-12-30 01:00:00,0.5431306097099888
2021-12-30 01:00:00,0.5375316840825773
2021-12-30 21:00:00,0.5354030341188497
2022-01-02 21:00:00,0.5299717611605902
2022-01-02 21:00:00,0.5245836882483437
2022-01-03 05:00:00,0.5259597573552388
2022-01-03 05:00:00,0.5206693656969827
2022-01-03 09:00:00,0.5151441038933934
2022-01-04 09:00:00,0.5150734073458423
2022-01-04 13:00:00,0.5138500758180148
2022-01-05 13:00:00,0.5086415895194739
2022-01-05 17:00:00,0.503480944551323
2022-01-06 01:00:00,0.49830604313096644
2022-01-07 09:00:00,0.4982461052533208
2022-01-10 05:00:00,0.4932295568924011
2022-01-10 09:00:00,0.4881763803586397
2022-01-11 05:00:00,0.4900671666135801
2022-01-11 05:00:00,0.4850921253579673
2022-01-11 13:00:00,0.48896486644935633
2022-01-14 05:00:00,0.4957130298606226
2022-01-14 09:00:00,0.5035506995426089
2022-01-14 09:00:00,0.5034256350445556
2022-01-14 09:00:00,0.5093343251511849
2022-01-17 01:00:00,0.5040917270707922
2022-01-19 01:00:00,0.5041864542730103
2022-01-19 05:00:00,0.5120637952307889
2022-01-19 13:00:00,0.5092180515340539
2022-01-19 17:00:00,0.5109884290064934
2022-01-20 13:00:00,0.5109246345169277
2022-01-21 05:00:00,0.5057779600664416
2022-01-24 05:00:00,0.5067614544665566
2022-01-24 13:00:00,0.5105524240471826
2022-01-24 13:00:00,0.5054459043857688
2022-01-24 17:00:00,0.5075027972501166
2022-01-25 01:00:00,0.5160708520684646
2022-01-26 05:00:00,0.517376594568361
2022-01-28 01:00:00,0.5317785388179089
2022-01-28 05:00:00,0.5502384407798023
2022-01-28 05:00:00,0.5518062442208085
2022-01-28 09:00:00,0.5639471657200488
2022-01-31 01:00:00,0.5747431632329628
2022-01-31 05:00:00,0.5689177018778052
2022-02-03 01:00:00,0.5750493433143627
2022-02-03 05:00:00,0.5922694855993592
2022-02-03 05:00:00,0.5991893894985754
2022-02-04 01:00:00,0.6028964841990844
2022-02-04 05:00:00,0.596826105002606
2022-02-07 01:00:00,0.5907947352482202
2022-02-07 09:00:00,0.5889575389393414
2022-02-09 05:00:00,0.5861844227279654
2022-02-10 05:00:00,0.5863393264495136
2022-02-10 09:00:00,0.5909611076422904
2022-02-10 09:00:00,0.584861340834071
2022-02-10 13:00:00,0.5885308122064882
2022-02-10 13:00:00,0.5826148103897251
2022-02-10 13:00:00,0.5766591230178293
2022-02-15 01:00:00,0.570842900021741
2022-02-15 05:00:00,0.5742525250312848
2022-02-15 05:00:00,0.5704623830850807
2022-02-15 09:00:00,0.5645362592910675
2022-02-16 21:00:00,0.5644801193981032
2022-02-16 21:00:00,0.5588021216094302
2022-02-17 17:00:00,0.5587763158136395
2022-02-18 09:00:00,0.5587042003240252
2022-02-20 21:00:00,0.553060962850972
2022-02-20 21:00:00,0.5474383626602077
2022-02-22 05:00:00,0.5419307127965446
2022-02-22 05:00:00,0.5457280838009841
2022-02-22 05:00:00,0.5402241348984134
2022-02-22 09:00:00,0.5347416373869246
2022-02-23 09:00:00,0.5346822280462561
2022-02-23 09:00:00,0.5292573719451907
2022-02-24 13:00:00,0.5292050201181706
2022-02-24 13:00:00,0.5361789248626246
2022-02-24 13:00:00,0.5503339731340356
2022-02-24 13:00:00,0.5524032972925486
2022-02-28 13:00:00,0.5468573669426543
2022-03-01 05:00:00,0.541255712485607
2022-03-02 13:00:00,0.5373630746624881
2022-03-03 09:00:00,0.5318679183120991
2022-03-03 13:00:00,0.526468382717277
2022-03-06 17:00:00,0.5210790568761613
2022-03-07 05:00:00,0.5344249178597013
2022-03-07 05:00:00,0.5499611493075243
2022-03-07 05:00:00,0.5446726912230833
2022-03-09 01:00:00,0.545295368057206
2022-03-09 01:00:00,0.5519461434565107
2022-03-09 21:00:00,0.5542841087484395
2022-03-10 09:00:00,0.5584440744748608
2022-03-11 05:00:00,0.5556903402463125
2022-03-15 01:00:00,0.5833789885303114
2022-03-15 09:00:00,0.5893967458507483
2022-03-15 09:00:00,0.589419847373538
2022-03-15 13:00:00,0.5835650606038035
2022-03-16 17:00:00,0.6024912780859244
2022-03-17 05:00:00,0.6044433151896434
2022-03-17 05:00:00,0.6044180933597021
2022-03-18 01:00:00,0.5982382676816502
2022-03-18 05:00:00,0.5984763078468207
2022-03-21 09:00:00,0.5989636445321492
2022-03-21 13:00:00,0.5998481407565927
2022-03-21 17:00:00,0.5937853630260287
2022-03-22 09:00:00,0.5877131134870716
2022-03-22 09:00:00,0.6052730282207048
2022-03-22 21:00:00,0.601416982189831
2022-03-24 01:00:00,0.5953052311686915
2022-03-24 01:00:00,0.5891436939445156
2022-03-24 21:00:00,0.5904496712287539
2022-03-25 01:00:00,0.5844763387669966
2022-03-27 17:00:00,0.5784215115277516
2022-03-28 01:00:00,0.5726018653037342
2022-03-28 05:00:00,0.5828748449056782
2022-03-28 09:00:00,0.6163297519229214
2022-03-29 05:00:00,0.6179806234119378
2022-03-29 05:00:00,0.6188197645140615
2022-03-31 01:00:00,0.6127725939306827
2022-03-31 01:00:00,0.6127459389457279
2022-04-01 05:00:00,0.6126741873089212
2022-04-04 01:00:00,0.6126185806106802
2022-04-04 13:00:00,0.6124981799459094
2022-04-05 09:00:00,0.6196445337263525
2022-04-06 05:00:00,0.630600896666214
2022-04-06 13:00:00,0.6319443593575375
2022-04-10 21:00:00,0.6287044204581271
2022-04-11 05:00:00,0.6335525746459607
2022-04-11 09:00:00,0.6383302406730182
2022-04-12 05:00:00,0.6396311863613449
2022-04-12 05:00:00,0.6505910097033482
2022-04-12 13:00:00,0.6439132483732664
2022-04-13 09:00:00,0.6374409073840338
2022-04-13 09:00:00,0.6309829019954596
2022-04-14 05:00:00,0.6246402457541634
2022-04-14 09:00:00,0.6182567519206543
2022-04-14 09:00:00,0.6211099229766932
2022-04-19 01:00:00,0.6216635305011442
2022-04-19 05:00:00,0.6238217199697587
2022-04-19 21:00:00,0.6464538668349387
2022-04-20 13:00:00,0.6401540219030274
2022-04-21 05:00:00,0.6493149521959797
2022-04-21 09:00:00,0.6427796519157903
2022-04-25 01:00:00,0.6363378031994247
2022-04-25 21:00:00,0.6586083712788284
2022-04-26 21:00:00,0.6519694466325437
2022-04-27 09:00:00,0.6455925134148192
2022-04-28 17:00:00,0.6455413874840542
2022-04-28 21:00:00,0.6870384483478095
2022-04-29 01:00:00,0.7086953360403405
2022-04-29 01:00:00,0.7305815371349378
2022-04-29 01:00:00,0.7319632888790633
2022-04-29 09:00:00,0.724589726853526
2022-05-02 09:00:00,0.7172813264947363
2022-05-02 21:00:00,0.7099841020547507
2022-05-03 09:00:00,0.7061623703270671
2022-05-04 13:00:00,0.6989553146667703
2022-05-04 21:00:00,0.6919116061085647
2022-05-05 05:00:00,0.6971107022498001
2022-05-05 05:00:00,0.6900928596104559
2022-05-05 05:00:00,0.6830866615311023
2022-05-06 13:00:00,0.6817951977670513
2022-05-06 13:00:00,0.6817988254359533
2022-05-09 05:00:00,0.6817551332753136
2022-05-09 09:00:00,0.6749201226560785
2022-05-10 09:00:00,0.6748153241830224
2022-05-11 01:00:00,0.6804775385764146
2022-05-11 05:00:00,0.673555755145704
2022-05-11 09:00:00,0.6667673689780463
2022-05-12 17:00:00,0.6758157497005177
2022-05-13 13:00:00,0.6739461120095303
2022-05-16 01:00:00,0.6855666249688613
2022-05-16 13:00:00,0.6788609855982863
2022-05-18 01:00:00,0.6861167577297398
2022-05-18 21:00:00,0.6792046818959195
2022-05-19 17:00:00,0.6823395964501624
2022-05-20 09:00:00,0.7108850425351323
2022-05-20 13:00:00,0.706467390127442
2022-05-20 13:00:00,0.7013912511348063
2022-05-23 21:00:00,0.699691502249757
2022-05-25 01:00:00,0.7034456609547787
2022-05-25 09:00:00,0.6964327991837588
2022-05-25 17:00:00,0.6894129887785726
2022-05-27 05:00:00,0.6824830232966167
2022-05-30 21:00:00,0.6756216766446609
2022-05-31 05:00:00,0.6811418474938096
2022-05-31 05:00:00,0.690406880239104
2022-05-31 09:00:00,0.6834660490907134
2022-06-01 21:00:00,0.6854942333712222
2022-06-02 01:00:00,0.678626693554192
2022-06-02 01:00:00,0.6717268572629767
2022-06-02 01:00:00,0.6647507695727147
2022-06-03 09:00:00,0.6580456290832674
2022-06-06 21:00:00,0.6513981861841233
2022-06-07 09:00:00,0.6546561061154963
2022-06-07 13:00:00,0.6545251616489605
2022-06-08 01:00:00,0.6479192584019318
2022-06-08 09:00:00,0.6412984044595894
2022-06-08 09:00:00,0.703081807036898
2022-06-09 09:00:00,0.6960123801878004
2022-06-13 05:00:00,0.6890372738402517
2022-06-13 21:00:00,0.7246906046445645
2022-06-14 01:00:00,0.7330318644165879
2022-06-14 21:00:00,0.7610353118716546
2022-06-15 01:00:00,0.7636568229157569
2022-06-15 01:00:00,0.7563129181208583
2022-06-15 05:00:00,0.7487188518294745
2022-06-15 13:00:00,0.7488240853866395
2022-06-15 13:00:00,0.7413078423285644
2022-06-16 17:00:00,0.7435097817871825
2022-06-17 01:00:00,0.7454145397117069
2022-06-17 05:00:00,0.737955662058515
2022-06-17 05:00:00,0.7305194890622588
2022-06-20 13:00:00,0.7264471369675872
2022-06-21 17:00:00,0.7191527433374693
2022-06-22 01:00:00,0.7118342505793565
2022-06-22 09:00:00,0.7046834699695999
2022-06-22 09:00:00,0.7013840966343289
2022-06-23 09:00:00,0.7013266729958836
2022-06-27 13:00:00,0.6993240045929947
2022-06-28 09:00:00,0.6922642285747835
2022-06-30 05:00:00,0.7128825930007466
2022-06-30 09:00:00,0.712849188027491
2022-06-30 09:00:00,0.7151835391962018
2022-06-30 09:00:00,0.719458399101179
2022-07-01 13:00:00,0.7193952435921657
2022-07-01 13:00:00,0.7121333349327587
2022-07-04 01:00:00,0.7048032507530724
2022-07-06 21:00:00,0.7114064604821402
2022-07-07 01:00:00,0.7113440901720006
2022-07-08 01:00:00,0.70417100517837
2022-07-08 05:00:00,0.7024551257836119
2022-07-08 05:00:00,0.7216207525842894
2022-07-11 05:00:00,0.7250034925551391
2022-07-12 05:00:00,0.7279577302781175
2022-07-12 09:00:00,0.7271526897647435
2022-07-12 09:00:00,0.7271225108739389
2022-07-13 05:00:00,0.7197849634261241
2022-07-13 09:00:00,0.7124753767168145
2022-07-14 01:00:00,0.7053249533748541
2022-07-14 01:00:00,0.6978963184579541
2022-07-15 05:00:00,0.6908668403508662
2022-07-15 05:00:00,0.6838629788315327
2022-07-15 09:00:00,0.6808711328238227
2022-07-15 09:00:00,0.6905474195955889
2022-07-18 17:00:00,0.690519016556213
2022-07-18 21:00:00,0.6858040379018739
2022-07-19 17:00:00,0.6789265254300403
2022-07-20 05:00:00,0.6776799887457131
2022-07-21 09:00:00,0.6707136962844574
2022-07-21 09:00:00,0.6639148421110476
2022-07-24 17:00:00,0.6756781585048701
2022-07-24 17:00:00,0.684661125186891
2022-07-26 05:00:00,0.6894571201185341
2022-07-27 09:00:00,0.6899166571209056
2022-07-27 17:00:00,0.6830039389501731
2022-07-28 17:00:00,0.6825928582552098
2022-07-29 05:00:00,0.6915581566411799
2022-07-29 05:00:00,0.6957262378446879
2022-08-01 01:00:00,0.6887088837963705
2022-08-01 21:00:00,0.6817638143197009
2022-08-02 05:00:00,0.680173186848744
2022-08-02 05:00:00,0.677216455759806
2022-08-02 09:00:00,0.6748433207614486
2022-08-02 09:00:00,0.6781113455040985
2022-08-03 13:00:00,0.671276326101491
2022-08-04 05:00:00,0.671147445552636
2022-08-04 09:00:00,0.6644070329782781
2022-08-04 13:00:00,0.6589809620850038
2022-08-07 21:00:00,0.6523302480992617
2022-08-08 01:00:00,0.6456855679170804
2022-08-09 09:00:00,0.6431803841094248
2022-08-10 05:00:00,0.6408199529010722
2022-08-10 05:00:00,0.6408008655599341
2022-08-10 05:00:00,0.6342014335295347
2022-08-11 13:00:00,0.6278483196117544
2022-08-12 05:00:00,0.6214496903031094
2022-08-12 05:00:00,0.6189676504141259
2022-08-15 01:00:00,0.6233903919104136
2022-08-16 09:00:00,0.6332169581578737
2022-08-16 09:00:00,0.63315389259904
2022-08-18 05:00:00,0.6340885353456006
2022-08-22 05:00:00,0.6276918911440863
2022-08-23 09:00:00,0.6424111125916875
2022-08-23 09:00:00,0.6526062843432087
2022-08-23 09:00:00,0.679086482762272
2022-08-23 09:00:00,0.6996264185521895
2022-08-24 05:00:00,0.6925693906488473
2022-08-26 05:00:00,0.6894380382627295
2022-08-29 05:00:00,0.682513298206706
2022-08-29 09:00:00,0.6755594702631498
2022-08-29 21:00:00,0.6723617159127929
2022-08-30 01:00:00,0.6731050195058261
2022-08-30 09:00:00,0.666319556796864
2022-08-31 09:00:00,0.6700575250811495
2022-09-02 05:00:00,0.6701910209118355
2022-09-02 05:00:00,0.6634647170925607
2022-09-02 05:00:00,0.6634017903780307
2022-09-05 17:00:00,0.6567397187951178
2022-09-05 17:00:00,0.6500397855229942
2022-09-06 01:00:00,0.6434103623205085
2022-09-07 09:00:00,0.6368531851905798
2022-09-07 13:00:00,0.6376535869396932
2022-09-07 13:00:00,0.6312260026102372
2022-09-07 13:00:00,0.6902970696314847
2022-09-08 09:00:00,0.6833651402772013
2022-09-11 17:00:00,0.6833530990123948
2022-09-12 09:00:00,0.6764943310977852
2022-09-13 05:00:00,0.6826453570855918
2022-09-13 05:00:00,0.6864138897102999
2022-09-13 05:00:00,0.679471498088215
2022-09-14 01:00:00,0.672666878914859
2022-09-14 13:00:00,0.6727000023981379
2022-09-15 05:00:00,0.6658471028065516
2022-09-16 09:00:00,0.6591585378087811
2022-09-18 17:00:00,0.6568875821973625
2022-09-19 17:00:00,0.6587773992086242
2022-09-21 05:00:00,0.6595349087001715
2022-09-21 21:00:00,0.6594124433375171
2022-09-22 01:00:00,0.6633776921360074
2022-09-22 01:00:00,0.6656242790603318
2022-09-22 01:00:00,0.6677468540307434
2022-09-22 09:00:00,0.6677384610033853
2022-09-25 21:00:00,0.6786058830949231
2022-09-25 21:00:00,0.7311775047768844
2022-09-27 05:00:00,0.7323609931965154
2022-09-28 05:00:00,0.7438342218693299
2022-09-28 09:00:00,0.7364879321338448
2022-09-28 13:00:00,0.7322746023012507
2022-09-29 01:00:00,0.72490650229591
2022-09-29 01:00:00,0.7175011599358608
2022-09-30 09:00:00,0.7102382439083816
2022-10-03 09:00:00,0.7030912357697378
2022-10-03 09:00:00,0.6959699591063367
2022-10-04 01:00:00,0.6958841950483954
2022-10-05 09:00:00,0.7038315312696526
2022-10-05 09:00:00,0.7172126874565954
2022-10-05 09:00:00,0.710165022556826
2022-10-05 09:00:00,0.7031877396225221
2022-10-06 05:00:00,0.6961117501081127
2022-10-07 13:00:00,0.6988789178864506
2022-10-07 13:00:00,0.7010585202572853
2022-10-11 09:00:00,0.7042192832986475
2022-10-13 09:00:00,0.7095286701960503
2022-10-13 09:00:00,0.7301550421052921
2022-10-13 09:00:00,0.722806550167073
2022-10-13 09:00:00,0.7153898176324229
2022-10-14 05:00:00,0.7153524066267666
2022-10-14 09:00:00,0.7081546701899792
2022-10-16 17:00:00,0.7037283039118909
2022-10-18 05:00:00,0.6966549487102043
2022-10-18 05:00:00,0.7060612610083792
2022-10-18 13:00:00,0.7075688505396309
2022-10-18 13:00:00,0.707465746626565
2022-10-20 05:00:00,0.7003411531157137
2022-10-20 09:00:00,0.6977414894759848
2022-10-20 09:00:00,0.6976219268457782
2022-10-21 09:00:00,0.6999684790048762
2022-10-21 09:00:00,0.6928705932396589
2022-10-21 09:00:00,0.7151073315993723
2022-10-24 01:00:00,0.7079108859245206
2022-10-24 05:00:00,0.7007326669934765
2022-10-24 05:00:00,0.6934824799005159
2022-10-25 01:00:00,0.6905338580369914
2022-10-26 05:00:00,0.6835249298429782
2022-10-27 05:00:00,0.6810927920276826
2022-10-27 05:00:00,0.6861838179781332
2022-10-27 05:00:00,0.6879194504909669
2022-10-31 05:00:00,0.6899546690930635
2022-10-31 05:00:00,0.6920087426708995
2022-11-01 01:00:00,0.6919030135516723
2022-11-01 05:00:00,0.6918926654841697
2022-11-01 13:00:00,0.6948056540475581
2022-11-02 13:00:00,0.694776457394445
2022-11-04 01:00:00,0.6947289292883415
2022-11-04 05:00:00,0.7041378709026059
2022-11-04 05:00:00,0.7037124309310385
2022-11-04 05:00:00,0.6967532010432571
2022-11-08 05:00:00,0.6983250557568708
2022-11-08 09:00:00,0.6964922213875321
2022-11-08 09:00:00,0.696176069884375
2022-11-09 01:00:00,0.6891717234659974
2022-11-09 05:00:00,0.6821623509761124
2022-11-09 09:00:00,0.6751738545715206
2022-11-10 05:00:00,0.6683763645435775
2022-11-10 05:00:00,0.6615827725368949
2022-11-10 05:00:00,0.6549411566073581
2022-11-10 17:00:00,0.6656977240040813
2022-11-15 09:00:00,0.6656757432239534
2022-11-15 09:00:00,0.6923579869452133
2022-11-15 13:00:00,0.6853956424973126
2022-11-17 01:00:00,0.6963863080413083
2022-11-17 17:00:00,0.6893770718128868
2022-11-18 01:00:00,0.6823901442698125
2022-11-18 09:00:00,0.6832662502352217
2022-11-18 09:00:00,0.6800732751734557
2022-11-22 05:00:00,0.6760846813090277
2022-11-22 05:00:00,0.671200934132295
2022-11-22 05:00:00,0.6674436694084598
2022-11-23 01:00:00,0.660615518373688
2022-11-25 01:00:00,0.6658040269878448
2022-11-25 01:00:00,0.669783430693677
2022-11-27 17:00:00,0.6631176052376693
2022-11-27 17:00:00,0.6699876970522812
2022-11-28 05:00:00,0.6632743702691021
2022-11-28 09:00:00,0.6655023623905897
2022-11-28 21:00:00,0.6587883235291417
2022-11-29 17:00:00,0.6592850609031651
2022-11-30 05:00:00,0.6572914275863554
2022-11-30 13:00:00,0.6507058510952128
2022-11-30 13:00:00,0.6441751297763941
2022-12-02 05:00:00,0.6511450444798734
2022-12-02 05:00:00,0.6596240314425433
2022-12-02 13:00:00,0.6609622943369441
2022-12-05 09:00:00,0.6609153894836386
2022-12-05 09:00:00,0.6542646931450292
2022-12-05 13:00:00,0.647633817963378
2022-12-06 01:00:00,0.6410954356278467
2022-12-06 13:00:00,0.642122998331586
2022-12-07 05:00:00,0.6356910495985768
2022-12-07 09:00:00,0.6292176139224953
2022-12-07 17:00:00,0.6247717311419578
2022-12-07 21:00:00,0.6183688328656344
2022-12-08 09:00:00,0.6163136925501622
2022-12-11 17:00:00,0.6138850608038361
2022-12-11 21:00:00,0.6103940012412458
2022-12-11 21:00:00,0.6069359508894233
2022-12-11 21:00:00,0.6022490214159434
2022-12-13 05:00:00,0.5962152891073835
2022-12-13 21:00:00,0.6034242696954089
2022-12-14 09:00:00,0.6033847050659796
2022-12-14 09:00:00,0.6006543795116833
2022-12-14 09:00:00,0.5995865879619338
2022-12-15 01:00:00,0.5935657833570267
2022-12-16 01:00:00,0.5876209677007672
2022-12-16 13:00:00,0.5863762879079049
2022-12-19 01:00:00,0.580489475175708
2022-12-19 13:00:00,0.5775262546047657
2022-12-19 21:00:00,0.5816572372473129
2022-12-21 01:00:00,0.5785506963462375
2022-12-21 05:00:00,0.5778395737514401
2022-12-21 09:00:00,0.5799265674279388
2022-12-22 05:00:00,0.5740084668243451
2022-12-22 09:00:00,0.5681622102778856
2022-12-22 09:00:00,0.5623350482836327
2022-12-23 13:00:00,0.5640357910215424
2022-12-25 21:00:00,0.5631187178666058
2022-12-27 09:00:00,0.5574539525491561
2022-12-27 21:00:00,0.5551956051951215
2022-12-28 05:00:00,0.5523188472498147
2022-12-28 13:00:00,0.5467407351007461
2022-12-29 01:00:00,0.5489632614216522
2022-12-30 05:00:00,0.5490956202742511
2022-12-30 13:00:00,0.5522222684947466
2023-01-02 13:00:00,0.5516447148484411
2023-01-02 21:00:00,0.5460666916547257
2023-01-03 01:00:00,0.55627789457757
2023-01-03 09:00:00,0.5589382784378542
2023-01-03 09:00:00,0.5532748585152651
2023-01-04 01:00:00,0.5476856981563506
2023-01-04 21:00:00,0.5421703714844276
2023-01-06 05:00:00,0.5366545506890036
2023-01-06 09:00:00,0.5312068904921543
2023-01-06 09:00:00,0.5257397426321438
2023-01-06 09:00:00,0.5290849546953462
2023-01-10 05:00:00,0.5299152573708156
2023-01-11 05:00:00,0.530970584902134
2023-01-11 17:00:00,0.5256511859922349
2023-01-12 05:00:00,0.5255571155046997
2023-01-12 09:00:00,0.5255226690464104
2023-01-12 09:00:00,0.5260346569910777
2023-01-12 09:00:00,0.5207298319146951
2023-01-16 01:00:00,0.5154849406188062
2023-01-16 01:00:00,0.51025492606238
2023-01-16 01:00:00,0.5050076271012408
2023-01-16 01:00:00,0.517772590180543
2023-01-16 21:00:00,0.5146746675280801
2023-01-18 01:00:00,0.5095050109886371
2023-01-18 01:00:00,0.5044029277861987
2023-01-18 09:00:00,0.499313947738736
2023-01-18 13:00:00,0.4983590708066552
2023-01-18 13:00:00,0.5031668552787456
2023-01-19 21:00:00,0.5014099868685399
2023-01-23 05:00:00,0.4963455028357133
2023-01-23 05:00:00,0.4936160158368672
2023-01-23 21:00:00,0.4923170884994645
2023-01-24 13:00:00,0.4896259221380606
2023-01-25 05:00:00,0.4846072919722142
2023-01-25 09:00:00,0.48289648696619347
2023-01-26 09:00:00,0.4779690244282049
2023-01-26 09:00:00,0.47313112205792335
2023-01-26 13:00:00,0.4697341927962287
2023-01-27 09:00:00,0.4696937261642207
2023-01-31 05:00:00,0.4695849825265161
2023-01-31 09:00:00,0.473073346755308
2023-01-31 13:00:00,0.4718929154220567
2023-02-01 01:00:00,0.4671674795258824
2023-02-01 13:00:00,0.46241329763374456
2023-02-02 09:00:00,0.45774795871868856
2023-02-02 09:00:00,0.4531004560560103
2023-02-02 09:00:00,0.4577712678932419
2023-02-03 05:00:00,0.459446459693763
2023-02-06 21:00:00,0.4635788472938298
2023-02-07 09:00:00,0.4745821815698393
2023-02-07 09:00:00,0.4745011444908667
2023-02-07 09:00:00,0.47682684116896573
2023-02-07 13:00:00,0.48269320712334035
2023-02-09 05:00:00,0.48469033789200394
2023-02-09 05:00:00,0.4842068480302288
2023-02-09 09:00:00,0.4793256542225059
2023-02-09 13:00:00,0.4744588802090953
2023-02-09 13:00:00,0.46960803341663226
2023-02-12 17:00:00,0.47110767452601826
2023-02-13 09:00:00,0.4663732259420952
2023-02-13 09:00:00,0.46634837840628945
2023-02-14 05:00:00,0.4662391252413611
2023-02-14 09:00:00,0.46154843819645947
2023-02-14 09:00:00,0.45689033729120004
2023-02-16 09:00:00,0.45716582389209376
2023-02-17 09:00:00,0.4622668098118567
2023-02-17 09:00:00,0.4621637005222997
2023-02-19 21:00:00,0.46434610931756154
2023-02-20 01:00:00,0.45974956916952897
2023-02-23 01:00:00,0.45510562929633575
2023-02-23 17:00:00,0.4546547269517995
2023-02-23 17:00:00,0.4554463318744368
2023-02-23 17:00:00,0.46551399424143797
2023-02-27 05:00:00,0.47038841387460323
2023-02-27 09:00:00,0.4671306229747454
2023-02-27 09:00:00,0.46336205891274207
2023-02-28 09:00:00,0.46367699170373444
2023-02-28 13:00:00,0.45901052435069417
2023-03-02 01:00:00,0.4543952957055155
2023-03-03 01:00:00,0.4497476512501862
2023-03-03 01:00:00,0.44519286406423303
2023-03-03 05:00:00,0.4406072841493391
2023-03-07 05:00:00,0.4405053858966907
2023-03-08 09:00:00,0.44138977543843033
2023-03-09 01:00:00,0.4490011199667147
2023-03-09 05:00:00,0.4600887099380295
2023-03-09 21:00:00,0.455476730611575
2023-03-10 05:00:00,0.4510473982606781
2023-03-12 21:00:00,0.45103977763646896
2023-03-13 17:00:00,0.47917908928947944
2023-03-15 05:00:00,0.4828678727366396
2023-03-15 09:00:00,0.4783209161249107
2023-03-16 01:00:00,0.473519216425932
2023-03-16 01:00:00,0.4767696522807533
2023-03-20 01:00:00,0.4738197120480113
2023-03-20 01:00:00,0.47536051171463595
2023-03-21 01:00:00,0.47060055179925975
2023-03-21 09:00:00,0.47055263280324866
2023-03-22 01:00:00,0.4657996687386945
2023-03-22 09:00:00,0.4658059811143491
2023-03-22 13:00:00,0.46510691675677573
2023-03-22 13:00:00,0.460440582143261
2023-03-23 05:00:00,0.4557918392766403
2023-03-23 21:00:00,0.45737263033388537
2023-03-24 05:00:00,0.45272195118890013
2023-03-27 09:00:00,0.4512613576136432
2023-03-27 17:00:00,0.44674019909577223
2023-03-29 13:00:00,0.44400283084365055
2023-03-30 01:00:00,0.43943292316128685
2023-03-31 01:00:00,0.4349850477032294
2023-03-31 01:00:00,0.43495745070107195
2023-03-31 13:00:00,0.430507547678781
2023-04-02 17:00:00,0.43039821084301294
2023-04-03 01:00:00,0.42604024590165107
2023-04-03 05:00:00,0.4216890469117076
2023-04-03 05:00:00,0.41736069169709394
2023-04-03 09:00:00,0.42058491361287553
2023-04-05 09:00:00,0.42056249449747857
2023-04-05 13:00:00,0.4194225208871503
2023-04-06 05:00:00,0.41922401719779206
2023-04-06 05:00:00,0.4192157299510989
2023-04-06 09:00:00,0.4149628834590329
2023-04-10 21:00:00,0.4107652957611956
2023-04-10 21:00:00,0.4065654912417817
2023-04-11 01:00:00,0.4023896557846265
2023-04-11 01:00:00,0.398130304652654
2023-04-11 09:00:00,0.3969956113879022
2023-04-14 05:00:00,0.4073116799569534
2023-04-14 05:00:00,0.40726140227100377
2023-04-14 05:00:00,0.4215640728329147
2023-04-14 09:00:00,0.4264179607976736
2023-04-14 09:00:00,0.4237855018091338
2023-04-18 01:00:00,0.42411335307451314
2023-04-18 01:00:00,0.4198216013835184
2023-04-18 13:00:00,0.4171225456399539
2023-04-19 05:00:00,0.41366091159486923
2023-04-20 05:00:00,0.41212774217419457
2023-04-20 13:00:00,0.4117790002069031
2023-04-20 21:00:00,0.407607984383215
2023-04-21 09:00:00,0.40351961120456337
2023-04-23 17:00:00,0.39938855682547736
2023-04-24 05:00:00,0.39931507424992807
2023-04-25 05:00:00,0.4014673954028333
2023-04-25 05:00:00,0.39741988974012665
2023-04-25 05:00:00,0.39341509973903693
2023-04-25 09:00:00,0.4003288661293346
2023-04-26 01:00:00,0.39627417283020905
2023-04-27 17:00:00,0.39825516725496873
2023-04-27 21:00:00,0.3942815035659469
2023-04-28 09:00:00,0.3902886645546711
2023-04-28 09:00:00,0.38632308456720843
2023-04-28 09:00:00,0.3846125942098737
2023-05-01 05:00:00,0.38072311442278406
2023-05-01 13:00:00,0.3768652480575435
2023-05-02 09:00:00,0.3730028192394796
2023-05-02 09:00:00,0.3692513654972398
2023-05-03 01:00:00,0.36543592627006205
2023-05-04 01:00:00,0.3654143751791964
2023-05-04 01:00:00,0.36931812010930704
2023-05-05 09:00:00,0.36924880523568376
2023-05-05 09:00:00,0.36553832169669204
2023-05-08 09:00:00,0.36589315624477275
2023-05-09 05:00:00,0.3658495043864642
2023-05-09 09:00:00,0.36957381630704905
2023-05-10 05:00:00,0.3658567407970813
2023-05-10 09:00:00,0.36215463945725
2023-05-10 09:00:00,0.35844897492227695
2023-05-12 01:00:00,0.35478470079575175
2023-05-12 05:00:00,0.3558472159190727
2023-05-12 09:00:00,0.3521787980009825
2023-05-15 05:00:00,0.35675486705072146
2023-05-15 09:00:00,0.35980392573075665
2023-05-15 13:00:00,0.3566308700644768
2023-05-17 05:00:00,0.3530170044124402
2023-05-18 05:00:00,0.3542292424774283
2023-05-18 05:00:00,0.3542658228547685
2023-05-19 05:00:00,0.3506807742724005
2023-05-19 05:00:00,0.34709337848454647
2023-05-19 05:00:00,0.34346141647904843
2023-05-19 09:00:00,0.3510100948553327
2023-05-24 01:00:00,0.34745271290089763
2023-05-24 05:00:00,0.3439167897923215
2023-05-24 09:00:00,0.34308510251301605
2023-05-25 13:00:00,0.3441278031656659
2023-05-26 05:00:00,0.3521043455614683
2023-05-26 05:00:00,0.35208124949783903
2023-05-26 05:00:00,0.3520412007340884
2023-05-26 09:00:00,0.3484207388010055
2023-05-29 13:00:00,0.3471818874497076
2023-05-30 13:00:00,0.3477178316621674
2023-05-31 09:00:00,0.34421649812778365
2023-05-31 13:00:00,0.344173474845995
2023-06-01 05:00:00,0.3406022670767479
2023-06-02 05:00:00,0.34059375773080597
2023-06-02 09:00:00,0.33716826064890926
2023-06-02 09:00:00,0.3371281647426858
2023-06-05 05:00:00,0.3372920309494638
2023-06-05 09:00:00,0.3339126024391236
2023-06-06 05:00:00,0.3305644574857755
2023-06-07 01:00:00,0.33170375713571154
2023-06-07 05:00:00,0.3283755669103428
2023-06-08 05:00:00,0.32500396122140324
2023-06-08 05:00:00,0.32171171452889963
2023-06-09 01:00:00,0.3184861913633124
2023-06-09 09:00:00,0.318463414677022
2023-06-12 09:00:00,0.3232537507034865
2023-06-13 13:00:00,0.32500952542190675
2023-06-14 05:00:00,0.3244320575098397
2023-06-14 13:00:00,0.32492628036355914
2023-06-14 13:00:00,0.32160287982142766
2023-06-14 13:00:00,0.31908594237236965
2023-06-14 13:00:00,0.3158564859205645
2023-06-15 09:00:00,0.3169221366217264
2023-06-16 13:00:00,0.3166346304157289
2023-06-16 13:00:00,0.3150513735394366
2023-06-19 05:00:00,0.3187084840576886
2023-06-19 09:00:00,0.31867257082470873
2023-06-19 13:00:00,0.31895937233938587
2023-06-20 13:00:00,0.3189986082462956
2023-06-21 01:00:00,0.3157674811195143
2023-06-21 09:00:00,0.3156888884175921
2023-06-21 13:00:00,0.31622690073101334
2023-06-22 09:00:00,0.31620449776799203
2023-06-23 05:00:00,0.31302206300858665
2023-06-23 05:00:00,0.30977960090399576
2023-06-26 01:00:00,0.3098733657938534
2023-06-27 09:00:00,0.3094419233266165
2023-06-28 05:00:00,0.30991794715717474
2023-06-28 05:00:00,0.30678155763875004
2023-06-29 05:00:00,0.3036309206821687
2023-06-30 05:00:00,0.3074894672728013
2023-06-30 05:00:00,0.304394910203908
2023-06-30 09:00:00,0.3012798325246678
2023-07-03 09:00:00,0.30231099638855535
2023-07-05 09:00:00,0.30004927428758554
2023-07-06 05:00:00,0.297027796636981
2023-07-06 09:00:00,0.2982924251465159
2023-07-06 09:00:00,0.2952819154145983
2023-07-07 09:00:00,0.2922962489868503
2023-07-09 21:00:00,0.29244305293371475
2023-07-10 05:00:00,0.2894865988157742
2023-07-14 01:00:00,0.30066459323898226
2023-07-14 05:00:00,0.3290616209877505
2023-07-14 09:00:00,0.3385947379154879
2023-07-17 05:00:00,0.3482610113548436
2023-07-18 09:00:00,0.3695860157128808
2023-07-19 09:00:00,0.36909902157553354
2023-07-19 13:00:00,0.37526189789413666
2023-07-19 21:00:00,0.371524094864318
2023-07-20 05:00:00,0.3677141474032777
2023-07-20 05:00:00,0.3665250235061239
2023-07-21 13:00:00,0.36612005745607507
2023-07-24 01:00:00,0.3702480075928177
2023-07-24 05:00:00,0.3721295446182877
2023-07-25 05:00:00,0.36975226034661823
2023-07-25 09:00:00,0.36604975529613076
2023-07-25 09:00:00,0.36223641119886246
2023-07-27 05:00:00,0.3622126746641913
2023-07-27 05:00:00,0.36372653101845825
2023-07-27 05:00:00,0.3666884652574068
2023-07-27 05:00:00,0.3666795093694718
2023-07-27 09:00:00,0.3630207526057645
2023-07-28 01:00:00,0.35938544343566753
2023-07-28 05:00:00,0.355721256657842
2023-07-28 09:00:00,0.35207393428121075
2023-07-28 09:00:00,0.34844896969488287
2023-07-31 01:00:00,0.3496954421109558
2023-08-03 05:00:00,0.34962486324593595
2023-08-03 09:00:00,0.35308023734609767
2023-08-03 09:00:00,0.35399977554006246
2023-08-03 21:00:00,0.355682301965336
2023-08-04 05:00:00,0.35216590207091497
2023-08-07 01:00:00,0.34857242945852934
2023-08-07 13:00:00,0.3458683572821825
2023-08-08 21:00:00,0.34583105328891833
2023-08-08 21:00:00,0.34233166742001453
2023-08-08 21:00:00,0.3437230938095527
2023-08-09 01:00:00,0.34024356142578377
2023-08-09 01:00:00,0.33670433619689183
2023-08-10 09:00:00,0.3366814082257918
2023-08-10 13:00:00,0.3332793356778013
2023-08-10 13:00:00,0.32983054068486634
2023-08-11 05:00:00,0.32649556710181754
2023-08-14 09:00:00,0.3231469092782889
2023-08-14 13:00:00,0.3262081488221284
2023-08-15 01:00:00,0.3229049168555382
2023-08-15 05:00:00,0.3196422490600512
2023-08-17 05:00:00,0.3209814514851166
2023-08-17 05:00:00,0.3177030941077227
2023-08-17 09:00:00,0.32774464196677655
2023-08-17 13:00:00,0.32839419668010167
2023-08-18 01:00:00,0.3283576578586166
2023-08-21 01:00:00,0.3250646139738449
2023-08-21 05:00:00,0.32176035924207025
2023-08-21 09:00:00,0.3196261623289144
2023-08-23 01:00:00,0.31639004006108923
2023-08-23 05:00:00,0.31568936014697596
2023-08-23 09:00:00,0.31251086681177365
2023-08-23 09:00:00,0.30928620331861756
2023-08-24 01:00:00,0.30962240092708543
2023-08-24 05:00:00,0.30649615150297504
2023-08-25 09:00:00,0.3033934320119485
2023-08-25 09:00:00,0.3003080902369574
2023-08-25 09:00:00,0.30022447116441436
2023-08-28 17:00:00,0.30079410339665197
2023-08-29 05:00:00,0.2977482178958053
2023-08-29 09:00:00,0.29474885962380754
2023-08-29 09:00:00,0.29176154789325487
2023-08-30 05:00:00,0.28866185398066524
2023-08-31 01:00:00,0.2857574456931224
2023-08-31 01:00:00,0.2856782074614416
2023-08-31 05:00:00,0.28276247035146257
2023-09-01 05:00:00,0.2799175401074492
2023-09-01 09:00:00,0.28066498069893175
2023-09-04 13:00:00,0.28001604228747334
2023-09-04 13:00:00,0.27944374808483197
2023-09-04 13:00:00,0.2775038680464136
2023-09-04 13:00:00,0.2762811734756668
2023-09-05 09:00:00,0.27348223955541545
2023-09-06 01:00:00,0.2734636317164441
2023-09-07 17:00:00,0.2758847967099471
2023-09-07 21:00:00,0.27585091217654034
2023-09-08 01:00:00,0.2773334574995167
2023-09-08 01:00:00,0.27944678921151167
2023-09-08 09:00:00,0.27871080616201166
2023-09-11 05:00:00,0.27591652600799754
2023-09-12 01:00:00,0.27518913777109916
2023-09-12 01:00:00,0.27240950503383193
2023-09-14 09:00:00,0.2728580985507543
2023-09-14 21:00:00,0.2724333684557232
2023-09-15 09:00:00,0.2724166478052792
2023-09-15 13:00:00,0.2730868704928338
2023-09-18 05:00:00,0.2722930595144178
2023-09-18 17:00:00,0.2720412905174398
2023-09-19 13:00:00,0.2714894704088375
2023-09-20 09:00:00,0.2687320240913409
2023-09-20 09:00:00,0.2660035095282308
2023-09-20 13:00:00,0.26765008861825595
2023-09-20 13:00:00,0.2649525838347421
2023-09-20 13:00:00,0.2621824556946721
2023-09-26 13:00:00,0.2634459222832422
2023-09-27 21:00:00,0.26415254641910724
2023-09-28 01:00:00,0.26682305852875077
2023-09-28 05:00:00,0.2744880777645883
2023-09-29 01:00:00,0.27783677849740335
2023-09-29 09:00:00,0.27780218968838905
2023-09-29 13:00:00,0.27500607841110264
2023-10-02 21:00:00,0.2761936362333652
2023-10-04 01:00:00,0.2764805468707707
2023-10-04 05:00:00,0.27371319153253265
2023-10-04 21:00:00,0.27091986651638583
2023-10-06 01:00:00,0.271203925637931
2023-10-06 05:00:00,0.26847706755336753
2023-10-06 05:00:00,0.26573680348109485
2023-10-09 09:00:00,0.2641762103820697
2023-10-09 13:00:00,0.26404092832490295
2023-10-10 17:00:00,0.2646127860076109
2023-10-11 05:00:00,0.2648262966554816
2023-10-11 05:00:00,0.26517004618225953
2023-10-11 13:00:00,0.26249622357630775
2023-10-12 05:00:00,0.2598559622846203
2023-10-12 09:00:00,0.2571451848246261
2023-10-13 09:00:00,0.254517421677032
2023-10-16 09:00:00,0.2572214662873362
2023-10-16 09:00:00,0.25720689590436896
2023-10-16 09:00:00,0.25989492131413505
2023-10-17 05:00:00,0.2609518635312962
2023-10-17 09:00:00,0.2583101862752872
2023-10-17 17:00:00,0.2577582996426888
2023-10-18 13:00:00,0.25769084358392413
2023-10-19 09:00:00,0.2550806918746572
2023-10-19 17:00:00,0.25393628538108215
2023-10-20 01:00:00,0.25421530628606065
2023-10-23 09:00:00,0.25398231446585623
2023-10-24 05:00:00,0.2514272107032259
2023-10-24 05:00:00,0.2513638402445728
2023-10-24 05:00:00,0.248835020997776
2023-10-24 09:00:00,0.246265273651916
2023-10-25 01:00:00,0.24677238316999742
2023-10-26 01:00:00,0.24849103329585304
2023-10-26 05:00:00,0.24599376356482952
2023-10-26 13:00:00,0.24596211814388827
2023-10-27 09:00:00,0.24601180784606438
2023-10-30 09:00:00,0.24351585474097143
2023-10-30 17:00:00,0.24526937121705877
2023-10-31 09:00:00,0.24319504877328657
2023-10-31 09:00:00,0.24429204064384835
2023-11-01 09:00:00,0.24180559037462307
2023-11-01 09:00:00,0.2457171684440027
2023-11-01 17:00:00,0.24324408422150967
2023-11-01 17:00:00,0.25206496528271505
2023-11-03 05:00:00,0.24947822289009566
2023-11-06 09:00:00,0.24793605243366323
2023-11-06 13:00:00,0.25425134108630837
2023-11-06 21:00:00,0.25904576062663764
2023-11-08 01:00:00,0.2565377979071568
2023-11-08 09:00:00,0.2539402442091112
2023-11-08 09:00:00,0.25129958311106476
2023-11-12 17:00:00,0.25158561057096557
2023-11-12 17:00:00,0.250955273919298
2023-11-13 09:00:00,0.2519476931032739
2023-11-14 05:00:00,0.2551235892203583
2023-11-15 05:00:00,0.2657073496125557
2023-11-15 05:00:00,0.2673737381044683
2023-11-15 09:00:00,0.2710902841446646
2023-11-21 09:00:00,0.2781367090255401
2023-11-21 13:00:00,0.27810778969256067
2023-11-21 13:00:00,0.2780903056372584
2023-11-22 09:00:00,0.2800544267382883
2023-11-22 09:00:00,0.2871789649750969
2023-11-27 13:00:00,0.28660100232943786
2023-11-28 01:00:00,0.28826012615060975
2023-11-29 01:00:00,0.2927156740874101
2023-11-29 01:00:00,0.29301700585836776
2023-11-29 01:00:00,0.2992627411773581
2023-11-30 01:00:00,0.3050353069692159
2023-11-30 09:00:00,0.30194870774280624
2023-12-01 09:00:00,0.298922503243909
2023-12-01 13:00:00,0.3023351432226931
2023-12-01 13:00:00,0.2992444240414065
2023-12-04 09:00:00,0.2962222697249149
2023-12-04 17:00:00,0.29470902373283253
2023-12-06 13:00:00,0.2954034257542235
2023-12-07 05:00:00,0.2955350360612351
2023-12-07 09:00:00,0.2968955334570653
2023-12-07 13:00:00,0.3128786480312243
2023-12-08 09:00:00,0.30971784243656497
2023-12-11 09:00:00,0.30845932098944595
2023-12-11 09:00:00,0.30887527657369845
2023-12-13 13:00:00,0.30574681188713276
2023-12-14 01:00:00,0.30567843301572944
2023-12-15 01:00:00,0.31990429428884404
2023-12-15 05:00:00,0.3213879042590537
2023-12-18 01:00:00,0.3223364335900094
2023-12-19 05:00:00,0.32239371006902995
2023-12-20 05:00:00,0.3223719399202687
2023-12-20 05:00:00,0.32372862151432047
2023-12-22 09:00:00,0.3243232681258049
2023-12-22 13:00:00,0.3252977790092061
2023-12-24 17:00:00,0.3252604370479976
2023-12-25 21:00:00,0.32346720099323323
2023-12-28 01:00:00,0.3236180373177865
2023-12-28 05:00:00,0.33145573893228525
2023-12-28 05:00:00,0.3325512044325364
2023-12-28 05:00:00,0.33545259452386866
2023-12-28 13:00:00,0.33816453579390554
2024-01-02 05:00:00,0.3364873233748649
2024-01-03 09:00:00,0.33641882810059653
2024-01-04 01:00:00,0.33654067721222586
2024-01-04 01:00:00,0.33767864356040206
2024-01-05 09:00:00,0.33723464542680315
2024-01-05 09:00:00,0.33721392208552536
2024-01-05 09:00:00,0.33693987990008384
2024-01-05 09:00:00,0.3490992932928568
2024-01-09 09:00:00,0.3490803103259697
2024-01-09 09:00:00,0.3455821752898293
2024-01-11 05:00:00,0.342099860996289
2024-01-11 05:00:00,0.3420791178841139
2024-01-11 09:00:00,0.33857079338106133
2024-01-11 13:00:00,0.3351421169636095
2024-01-11 17:00:00,0.3316786942051421
2024-01-12 05:00:00,0.32831999614474144
2024-01-17 01:00:00,0.32979553957172963
2024-01-17 17:00:00,0.3332141737171363
2024-01-17 17:00:00,0.3399252448274129
2024-01-18 05:00:00,0.3408758227635222
2024-01-18 17:00:00,0.34764873759045356
2024-01-19 09:00:00,0.3477334724481081
2024-01-21 17:00:00,0.34660972138531826
2024-01-21 21:00:00,0.3556245858887987
2024-01-23 01:00:00,0.35697260167966427
2024-01-23 09:00:00,0.35330553055811326
2024-01-23 21:00:00,0.3497212407683516
2024-01-24 01:00:00,0.3461447362728219
2024-01-24 01:00:00,0.3425858474460272
2024-01-24 13:00:00,0.3391171898175385
2024-01-24 13:00:00,0.33566777559841066
2024-01-24 13:00:00,0.33219522653000255
2024-01-24 13:00:00,0.3414798640535283
2024-01-24 13:00:00,0.3380460845211396
2024-01-24 17:00:00,0.3345317517576603
2024-01-26 13:00:00,0.3311408915066912
2024-01-29 09:00:00,0.329646004005017
2024-01-29 13:00:00,0.3280980521120061
2024-01-30 05:00:00,0.3247934537278347
2024-01-30 09:00:00,0.32146533145749884
2024-01-30 17:00:00,0.3185400668302285
2024-01-30 17:00:00,0.3184207887732912
2024-01-30 21:00:00,0.3172054945618255
2024-01-31 09:00:00,0.3139897483895669
2024-01-31 13:00:00,0.31082712518263844
2024-01-31 13:00:00,0.3076405787509902
2024-01-31 13:00:00,0.30452482621696125
2024-02-01 09:00:00,0.30146276227985536
2024-02-01 17:00:00,0.2983833537443243
2024-02-02 05:00:00,0.29538452237619683
2024-02-02 05:00:00,0.29241136997434686
2024-02-02 05:00:00,0.28941910886822564
2024-02-06 09:00:00,0.29027956690082773
2024-02-06 09:00:00,0.2902735879231873
2024-02-06 17:00:00,0.2912488984549963
2024-02-07 01:00:00,0.2920021866233282
2024-02-08 09:00:00,0.2890584489763587
2024-02-08 17:00:00,0.2886497544379865
2024-02-09 09:00:00,0.2886195851618023
2024-02-12 05:00:00,0.2857077586430531
2024-02-13 01:00:00,0.29131372077376444
2024-02-13 05:00:00,0.28834826907051836
2024-02-13 17:00:00,0.28912520054846036
2024-02-14 09:00:00,0.28907545441941723
2024-02-14 17:00:00,0.28946529395676596
2024-02-14 17:00:00,0.2945188363748616
2024-02-15 01:00:00,0.3017108765906176
2024-02-19 13:00:00,0.30143397362273716
2024-02-19 21:00:00,0.2993261944978148
2024-02-21 01:00:00,0.2996242596684343
2024-02-21 01:00:00,0.29658139994173566
2024-02-21 17:00:00,0.2948030217839699
2024-02-22 05:00:00,0.2954951330041343
2024-02-22 05:00:00,0.29562509352514527
2024-02-22 05:00:00,0.2926444905401679
2024-02-22 05:00:00,0.28964069086856087
2024-02-23 09:00:00,0.2889968643412248
2024-02-26 13:00:00,0.2875003087922199
2024-02-27 01:00:00,0.2846114629744223
2024-02-27 13:00:00,0.28367399974783614
2024-02-28 01:00:00,0.2807578085791076
2024-02-28 09:00:00,0.27789906382536966
2024-02-28 17:00:00,0.2779172273883815
2024-02-28 21:00:00,0.2778707086679391
2024-02-29 05:00:00,0.2749812057400963
2024-02-29 05:00:00,0.272205177804476
2024-02-29 09:00:00,0.26946660519088195
2024-02-29 13:00:00,0.26886312410342456
2024-03-01 09:00:00,0.26613084924374564
2024-03-01 09:00:00,0.2660462266535988
2024-03-05 09:00:00,0.26333812281786867
2024-03-05 13:00:00,0.2634706142532671
2024-03-05 13:00:00,0.26342181007639076
2024-03-06 05:00:00,0.26077127804569983
2024-03-07 05:00:00,0.26104100110561107
2024-03-07 09:00:00,0.26917927446751827
2024-03-08 09:00:00,0.28043169768055226
2024-03-08 09:00:00,0.28775857027285395
2024-03-08 09:00:00,0.29186340346882644
2024-03-08 13:00:00,0.29184252728264193
2024-03-08 13:00:00,0.28989156447240694
2024-03-12 13:00:00,0.28984129415215665
2024-03-14 09:00:00,0.286914831657804
2024-03-14 09:00:00,0.2885699901226083
2024-03-15 05:00:00,0.2908151705392444
2024-03-15 13:00:00,0.2919379689114951
2024-03-18 01:00:00,0.2890047212028793
2024-03-19 05:00:00,0.2888964165590884
2024-03-19 09:00:00,0.2897642680905615
2024-03-19 13:00:00,0.29037671119794217
2024-03-20 13:00:00,0.2942728858466098
2024-03-20 13:00:00,0.2912565635368836
2024-03-20 13:00:00,0.3035324960086463
2024-03-21 01:00:00,0.30046963995414017
2024-03-21 01:00:00,0.2973333351089853
2024-03-21 05:00:00,0.29424770672555844
2024-03-25 05:00:00,0.2957121316258906
2024-03-25 05:00:00,0.2996812671772251
2024-03-27 05:00:00,0.29667304826627056
2024-03-27 09:00:00,0.2936546851758278
2024-03-27 17:00:00,0.293569091971597
2024-03-28 09:00:00,0.2905880104513734
2024-03-29 13:00:00,0.2893052729050711
2024-04-01 09:00:00,0.2892859245265881
2024-04-02 09:00:00,0.2863478509694404
2024-04-02 09:00:00,0.2915338235201654
2024-04-02 09:00:00,0.2885455635697719
2024-04-02 13:00:00,0.28645711395769974
2024-04-02 13:00:00,0.28643819885209726
2024-04-02 13:00:00,0.28550175089554203
2024-04-03 17:00:00,0.2826290729943288
2024-04-04 13:00:00,0.2830666221452721
2024-04-04 21:00:00,0.28432369900207405
2024-04-04 21:00:00,0.28516300989643667
2024-04-05 05:00:00,0.28225919330261895
2024-04-05 09:00:00,0.27941621627679375
2024-04-09 01:00:00,0.28011170844232125
2024-04-09 13:00:00,0.28008819617020814
2024-04-09 13:00:00,0.2772754414228276
2024-04-10 05:00:00,0.27442961862715115
2024-04-10 05:00:00,0.2715776882746903
2024-04-10 17:00:00,0.2751639110309912
2024-04-11 05:00:00,0.2759443870722118
2024-04-11 09:00:00,0.2746171806754666
2024-04-15 05:00:00,0.2755157355483835
2024-04-15 05:00:00,0.2727596800978139
2024-04-15 09:00:00,0.2724889780376217
2024-04-16 05:00:00,0.283253667980117
2024-04-16 09:00:00,0.2864420324971698
2024-04-16 17:00:00,0.2867461235581724
2024-04-17 09:00:00,0.2870791293615581
2024-04-18 05:00:00,0.28807287437917867
2024-04-18 17:00:00,0.2858987756109372
2024-04-19 01:00:00,0.2862519723793823
2024-04-21 21:00:00,0.28331833510272053
2024-04-23 01:00:00,0.2842397258373143
2024-04-23 01:00:00,0.284382803836383
2024-04-24 09:00:00,0.287097625609938
2024-04-24 13:00:00,0.28634997031015885
2024-04-24 13:00:00,0.28561999840877805
2024-04-25 05:00:00,0.28557667488370675
2024-04-25 05:00:00,0.2837882851917904
2024-04-25 05:00:00,0.28092592141362277
2024-04-26 01:00:00,0.2781044831828258
2024-04-26 09:00:00,0.2752838128513789
2024-04-29 13:00:00,0.2754601476250122
2024-04-29 21:00:00,0.2726707191923983
2024-04-30 01:00:00,0.2727771054914502
2024-05-01 13:00:00,0.27001494327307934
2024-05-01 13:00:00,0.2672694735999436
2024-05-01 13:00:00,0.26867014426827013
2024-05-01 13:00:00,0.26860389626902104
2024-05-03 09:00:00,0.2704394509596926
2024-05-03 09:00:00,0.2714000078154556
2024-05-03 09:00:00,0.272912929483772
2024-05-06 09:00:00,0.2726185679745161
2024-05-06 21:00:00,0.26992908034419383
2024-05-09 05:00:00,0.27120711999375946
2024-05-09 05:00:00,0.2684671852482281
2024-05-09 13:00:00,0.2657332882034996
2024-05-10 09:00:00,0.26528466529876205
2024-05-10 13:00:00,0.2664964185566059
2024-05-14 01:00:00,0.2637802402911759
2024-05-14 05:00:00,0.26107014874448237
2024-05-14 05:00:00,0.258377372037148
2024-05-14 05:00:00,0.2643687934012122
2024-05-14 09:00:00,0.2616198210903
2024-05-15 01:00:00,0.26627256489763845
2024-05-15 09:00:00,0.26640139781658945
2024-05-15 09:00:00,0.26809753507343004
2024-05-15 09:00:00,0.27032489134194054
2024-05-15 09:00:00,0.27065303930485485
2024-05-16 13:00:00,0.27634973941679525
2024-05-20 13:00:00,0.27748754819442834
2024-05-20 21:00:00,0.27468507315095264
2024-05-21 09:00:00,0.27391857770714695
2024-05-21 09:00:00,0.27429419665153465
2024-05-23 05:00:00,0.27425113305153637
2024-05-23 05:00:00,0.27532583376776043
2024-05-23 05:00:00,0.2745636401104919
2024-05-23 05:00:00,0.2744553048677928
2024-05-23 09:00:00,0.2716921037526309
2024-05-24 09:00:00,0.2689359054022343
2024-05-24 09:00:00,0.26617159019953673
2024-05-24 09:00:00,0.26344010083944147
2024-05-28 09:00:00,0.2634115898933176
2024-05-28 09:00:00,0.265193595074168
2024-05-28 13:00:00,0.2651454419583437
2024-05-28 13:00:00,0.2653090039220932
2024-05-28 13:00:00,0.26265676038202596
2024-05-30 01:00:00,0.2644102290137644
2024-05-30 05:00:00,0.26589323572142914
2024-05-31 01:00:00,0.26322443889512387
2024-05-31 05:00:00,0.2632074404153851
2024-05-31 05:00:00,0.2638700584878854
2024-05-31 09:00:00,0.26118964129007743
2024-05-31 09:00:00,0.25852895542530874
2024-06-03 01:00:00,0.25589613226961133
2024-06-03 05:00:00,0.25332917763380425
2024-06-03 09:00:00,0.2507339452959163
2024-06-04 01:00:00,0.24819246694564256
2024-06-04 17:00:00,0.25071301962624976
2024-06-05 01:00:00,0.25838435479974853
2024-06-06 05:00:00,0.2557620481541315
2024-06-07 05:00:00,0.25323507479435187
2024-06-07 05:00:00,0.250689098717179
2024-06-07 09:00:00,0.24816926492731964
2024-06-10 09:00:00,0.2487398403018615
2024-06-11 21:00:00,0.24860007552298086
2024-06-12 05:00:00,0.2460596233337193
2024-06-12 05:00:00,0.24355311259802329
2024-06-12 05:00:00,0.2435021966119625
2024-06-12 13:00:00,0.24103016269807206
2024-06-12 13:00:00,0.2385884981134558
2024-06-13 09:00:00,0.2415259170112923
2024-06-14 05:00:00,0.239104963501563
2024-06-17 05:00:00,0.2381456494505173
2024-06-17 17:00:00,0.23844562742286962
2024-06-18 01:00:00,0.23602995387623224
2024-06-19 05:00:00,0.23468248332964636
2024-06-20 01:00:00,0.23229187917857186
2024-06-20 01:00:00,0.23441843442322802
2024-06-20 09:00:00,0.23729339388188117
2024-06-24 01:00:00,0.238281265633884
2024-06-24 01:00:00,0.2382332904520959
2024-06-24 05:00:00,0.24264349811447125
2024-06-24 09:00:00,0.2402308862224696
2024-06-24 13:00:00,0.23979174670957545
2024-06-25 05:00:00,0.2373661979636163
2024-06-25 09:00:00,0.23494034151794851
2024-06-25 17:00:00,0.23352671842767211
2024-06-26 05:00:00,0.23115163197092214
2024-06-27 05:00:00,0.2288177196278214
2024-06-27 05:00:00,0.22981400452696393
2024-06-28 05:00:00,0.22747669286632086
2024-06-28 05:00:00,0.2311491182785543
2024-06-28 13:00:00,0.23033978046179954
2024-07-01 09:00:00,0.2280008459077143
2024-07-01 09:00:00,0.22565225686571094
2024-07-02 01:00:00,0.22332916659420446
2024-07-03 09:00:00,0.2298937772327126
2024-07-03 09:00:00,0.22988634761619398
2024-07-04 13:00:00,0.23090436400007022
2024-07-04 13:00:00,0.2319957987005948
2024-07-04 17:00:00,0.2317643457949764
2024-07-05 05:00:00,0.22940248673981914
2024-07-05 09:00:00,0.2270773598582558
2024-07-08 13:00:00,0.2280672787412435
2024-07-08 21:00:00,0.23324929363764269
2024-07-11 05:00:00,0.23080300689078226
2024-07-11 05:00:00,0.2307951626132627
2024-07-11 09:00:00,0.23471603304766075
2024-07-11 09:00:00,0.23924723293176248
2024-07-11 09:00:00,0.246109354359126
2024-07-11 09:00:00,0.24360355733469402
2024-07-15 09:00:00,0.2442756230433766
2024-07-15 13:00:00,0.24439846139961646
2024-07-17 01:00:00,0.2452107176755619
2024-07-18 01:00:00,0.2427141326118167
2024-07-18 05:00:00,0.2417025139782159
2024-07-18 09:00:00,0.24280846430519404
2024-07-18 13:00:00,0.24035161362752686
2024-07-21 17:00:00,0.24030322664988296
2024-07-22 05:00:00,0.24695150474484523
2024-07-24 01:00:00,0.2443862492806516
2024-07-24 05:00:00,0.24435805036333128
2024-07-25 05:00:00,0.2550429166636187
2024-07-25 09:00:00,0.2694474800037277
2024-07-25 09:00:00,0.27579046626827575
2024-07-25 09:00:00,0.27875027908885613
2024-07-29 09:00:00,0.2803643349896675
2024-07-30 01:00:00,0.28033641298533674
2024-07-30 09:00:00,0.2775279204168515
2024-07-30 21:00:00,0.2746970042169157
2024-07-30 21:00:00,0.2719172425697265
2024-07-31 05:00:00,0.2691569597707114
2024-07-31 09:00:00,0.26643817513125373
2024-08-01 05:00:00,0.26373161091687275
2024-08-01 09:00:00,0.261044866669658
2024-08-01 09:00:00,0.2610365836451419
2024-08-05 01:00:00,0.2795400934876174
2024-08-05 09:00:00,0.27672096892784825
2024-08-05 09:00:00,0.2811473792880434
2024-08-05 09:00:00,0.2918826451182521
2024-08-05 09:00:00,0.2978457880345341
2024-08-07 09:00:00,0.29574798660470575
2024-08-07 17:00:00,0.295703597319664
2024-08-08 01:00:00,0.29556413156511985
2024-08-08 01:00:00,0.29369750346179635
2024-08-08 09:00:00,0.29073521896763943
2024-08-09 09:00:00,0.289573181868355
2024-08-09 13:00:00,0.2893325344171618
2024-08-09 13:00:00,0.29010780731532204
2024-08-11 17:00:00,0.2889598308575281
2024-08-12 05:00:00,0.2890511067133694
2024-08-13 05:00:00,0.2861307777300627
2024-08-13 05:00:00,0.2852855138909352
2024-08-14 01:00:00,0.2866932153001922
2024-08-14 09:00:00,0.2866551070986737
2024-08-14 13:00:00,0.28611552815136987
2024-08-15 05:00:00,0.28335170026401585
2024-08-16 05:00:00,0.28051373485354814
2024-08-22 01:00:00,0.2860733177532678
2024-08-22 09:00:00,0.2910047729921769
2024-08-22 09:00:00,0.302143438997933
2024-08-23 09:00:00,0.3093174400858008
2024-08-26 09:00:00,0.30620310234845005
2024-08-26 09:00:00,0.3030959409025916
2024-08-26 13:00:00,0.3029890640089099
2024-08-26 17:00:00,0.3027076930543336
2024-08-26 17:00:00,0.30166170679351173
2024-08-28 05:00:00,0.32357227381672177
2024-08-28 09:00:00,0.3203200849645604
2024-08-29 01:00:00,0.3171029167815648
2024-08-29 01:00:00,0.3174369332058965
2024-08-29 13:00:00,0.31424997105670643
2024-08-30 09:00:00,0.3145155196221238
2024-08-30 09:00:00,0.31535762316713795
2024-09-02 01:00:00,0.3153113772350776
2024-09-03 05:00:00,0.31214472767073814
2024-09-03 09:00:00,0.313265020213098
2024-09-04 05:00:00,0.310038170003046
2024-09-04 09:00:00,0.3112889528360543
2024-09-04 09:00:00,0.3185234624401957
2024-09-04 09:00:00,0.31534233451887206
2024-09-04 09:00:00,0.3164563172742651
2024-09-05 09:00:00,0.31636624045869227
2024-09-06 05:00:00,0.31771341486632676
2024-09-06 09:00:00,0.3195754273291108
2024-09-06 09:00:00,0.3201136557945355
2024-09-06 09:00:00,0.31686732395317274
2024-09-09 05:00:00,0.31990585438331653
2024-09-10 05:00:00,0.3195478109804927
2024-09-10 05:00:00,0.3203672536619657
2024-09-10 05:00:00,0.3204462386585607
2024-09-10 05:00:00,0.32018374956835666
2024-09-10 09:00:00,0.3169714945257397
2024-09-11 05:00:00,0.31379665531909307
2024-09-12 01:00:00,0.3106154787102015
2024-09-12 09:00:00,0.3074519485579956
2024-09-12 09:00:00,0.3042726017458292
2024-09-12 17:00:00,0.3041981035106195
2024-09-17 05:00:00,0.3010699499051865
2024-09-17 09:00:00,0.30386981105913907
2024-09-17 09:00:00,0.3008231733059699
2024-09-18 09:00:00,0.30441462423114285
2024-09-18 13:00:00,0.30527527087035616
2024-09-18 13:00:00,0.3120000716498853
2024-09-18 21:00:00,0.3088591928033117
2024-09-19 01:00:00,0.30566877586558583
2024-09-19 01:00:00,0.30254433034946016
2024-09-23 01:00:00,0.29948632374303624
2024-09-23 09:00:00,0.2964736059873812
2024-09-23 21:00:00,0.2951522499234934
2024-09-25 05:00:00,0.2921245916896276
2024-09-25 09:00:00,0.2939846908859513
2024-09-25 09:00:00,0.2910139353976059
2024-09-25 09:00:00,0.2911071840127681
2024-09-26 01:00:00,0.28812774949892384
2024-09-26 05:00:00,0.2851812094752104
2024-09-26 17:00:00,0.28536889431932516
2024-09-27 09:00:00,0.2824987321642069
2024-09-30 05:00:00,0.2840907889731852
2024-09-30 09:00:00,0.2842845213673855
2024-09-30 09:00:00,0.28142729604656436
2024-09-30 09:00:00,0.2795550853810142
2024-09-30 09:00:00,0.27955127232790344
2024-10-04 01:00:00,0.2881235238357155
2024-10-04 05:00:00,0.2887684088971786
2024-10-04 05:00:00,0.2859619880084113
2024-10-07 05:00:00,0.28913619597016876
2024-10-07 09:00:00,0.28908823770714415
2024-10-08 01:00:00,0.29398570273432867
2024-10-09 01:00:00,0.2939777553317832
2024-10-10 05:00:00,0.29095211355657036
2024-10-10 05:00:00,0.28800589246608926
2024-10-10 13:00:00,0.2880820585864811
2024-10-11 05:00:00,0.28516108918596783
2024-10-15 01:00:00,0.28230176891048453
2024-10-15 05:00:00,0.29364371713261667
2024-10-15 09:00:00,0.29201836287679134
2024-10-15 13:00:00,0.2941604182597548
2024-10-16 01:00:00,0.29119460944356446
2024-10-16 21:00:00,0.28988901048406696
2024-10-17 09:00:00,0.28697357983227495
2024-10-18 09:00:00,0.2840958339519334
2024-10-21 01:00:00,0.28118423229269207
2024-10-21 05:00:00,0.2801098844470259
2024-10-21 21:00:00,0.27726487987695786
2024-10-23 01:00:00,0.27444638196971977
2024-10-23 17:00:00,0.2737940074404741
2024-10-23 21:00:00,0.2815929471900868
2024-10-24 01:00:00,0.2828945543921851
2024-10-24 01:00:00,0.28010712059554893
2024-10-25 01:00:00,0.28037064085179514
2024-10-25 09:00:00,0.27753860106824846
2024-10-25 13:00:00,0.2775228432728066
2024-10-27 17:00:00,0.2746708348587914
2024-10-28 05:00:00,0.27180921353940335
2024-10-28 05:00:00,0.26905608274757703
2024-10-29 09:00:00,0.26634135609256004
2024-10-30 01:00:00,0.27141141560690685
2024-10-30 05:00:00,0.26870140673761866
2024-10-30 09:00:00,0.26602394573544846
2024-11-01 01:00:00,0.26327241744708746
2024-11-01 05:00:00,0.26058460914668935
2024-11-01 09:00:00,0.2631067265109016
2024-11-01 09:00:00,0.26809068861824736
2024-11-04 01:00:00,0.26805307286739427
2024-11-04 01:00:00,0.2652995758867568
2024-11-04 17:00:00,0.2652940226816351
2024-11-05 09:00:00,0.26512599268063064
2024-11-05 17:00:00,0.2624381540226262
2024-11-05 17:00:00,0.25976706497528845
2024-11-05 17:00:00,0.2570828180955399
2024-11-06 01:00:00,0.25448456340214787
2024-11-06 09:00:00,0.2615927646827175
2024-11-07 05:00:00,0.2589962947466663
2024-11-07 05:00:00,0.26047659920133576
2024-11-07 09:00:00,0.2626469277514189
2024-11-08 05:00:00,0.25999613230665886
2024-11-12 09:00:00,0.2573849947489482
2024-11-14 09:00:00,0.26234960412200703
2024-11-14 09:00:00,0.26852557079740014
2024-11-15 01:00:00,0.2712072297899879
2024-11-15 09:00:00,0.2766031593464446
2024-11-18 09:00:00,0.28113300165772614
2024-11-18 09:00:00,0.28491312362608984
2024-11-18 13:00:00,0.2830078927571044
2024-11-19 01:00:00,0.28016236931886135
2024-11-19 09:00:00,0.2773497596862758
2024-11-19 13:00:00,0.27454317124222577
2024-11-20 09:00:00,0.2717619037873817
2024-11-20 09:00:00,0.2690069244338727
2024-11-21 01:00:00,0.26625654768977525
2024-11-21 09:00:00,0.26358525067489325
2024-11-22 05:00:00,0.26805094075155816
2024-11-24 17:00:00,0.2683293014836327
2024-11-24 17:00:00,0.2714890680361171
2024-11-25 01:00:00,0.26874142678877116
2024-11-25 01:00:00,0.2660213505529991
2024-11-25 17:00:00,0.2633499759448582
2024-11-25 17:00:00,0.26334104767493516
2024-11-26 21:00:00,0.26296608819192674
2024-11-27 17:00:00,0.2615132837843878
2024-11-28 01:00:00,0.2658005482418829
2024-11-28 09:00:00,0.2641941036474128
2024-11-28 09:00:00,0.2641972973850091
2024-11-28 21:00:00,0.2643723967877908
2024-12-01 21:00:00,0.26279520989763433
2024-12-02 05:00:00,0.2600989837939946
2024-12-02 09:00:00,0.2574196002692749
2024-12-02 13:00:00,0.25834034173555637
2024-12-03 01:00:00,0.2557314768544127
2024-12-03 01:00:00,0.2557168589963679
2024-12-03 17:00:00,0.2531551900664735
2024-12-04 09:00:00,0.2506192147263912
2024-12-04 13:00:00,0.25059006784376747
2024-12-05 13:00:00,0.2519824969074382
2024-12-06 09:00:00,0.2529876510434485
2024-12-06 09:00:00,0.25378653663036727
2024-12-06 09:00:00,0.25665656208522986
2024-12-09 01:00:00,0.25406217466657505
2024-12-09 17:00:00,0.2514949401813059
2024-12-11 05:00:00,0.2522454383206704
2024-12-11 17:00:00,0.24969452588774532
2024-12-12 01:00:00,0.2496797914927233
2024-12-12 05:00:00,0.24713896923402714
2024-12-13 05:00:00,0.24465376185337892
2024-12-15 17:00:00,0.23586885132513494
2024-12-16 01:00:00,0.2431168291232863
2024-12-16 09:00:00,0.24424173233233196
2024-12-17 09:00:00,0.2510588907976106
2024-12-19 01:00:00,0.25867030134462776
2024-12-19 01:00:00,0.26399963116875463
2024-12-19 01:00:00,0.2614612175728039
2024-12-19 01:00:00,0.2635981314085282
2024-12-19 09:00:00,0.26107977665754434
2024-12-19 21:00:00,0.26818809899472495
2024-12-20 09:00:00,0.2655527023171561
2024-12-20 09:00:00,0.26286279850147926
2024-12-23 05:00:00,0.26016784485821604
2024-12-25 17:00:00,0.25941733960680907
2024-12-26 13:00:00,0.2590726488240877
2024-12-27 05:00:00,0.2564416731817561
2024-12-27 09:00:00,0.2537462593440908
2024-12-27 09:00:00,0.25373845560775854
2024-12-29 17:00:00,0.2511010015210147
2024-12-30 01:00:00,0.2510784986428072
2024-12-30 13:00:00,0.2516393867711912
2024-12-30 17:00:00,0.24903741184877365
2024-12-31 01:00:00,0.2465072130233438
2024-12-31 05:00:00,0.24826593853586948
2025-01-01 21:00:00,0.24570449815563392
2025-01-02 17:00:00,0.2506408967957335
2025-01-03 01:00:00,0.2543605666761148
2025-01-03 01:00:00,0.2547848906324988
2025-01-03 09:00:00,0.2523210946133306
2025-01-05 17:00:00,0.2498000366482508
2025-01-06 09:00:00,0.25015108244854395
2025-01-06 09:00:00,0.24764399951103935
2025-01-06 13:00:00,0.24763556042020854
2025-01-07 01:00:00,0.24515410845987093
2025-01-07 09:00:00,0.24267244729065887
2025-01-09 17:00:00,0.24220043930915217
2025-01-10 09:00:00,0.24336605488209156
2025-01-10 13:00:00,0.24335768345953243
2025-01-13 13:00:00,0.2441266515021133
2025-01-13 13:00:00,0.2501838157853901
2025-01-13 17:00:00,0.24771679835682578
2025-01-13 21:00:00,0.24773870135872952
2025-01-15 09:00:00,0.24772593642624696
2025-01-15 09:00:00,0.2484904175380796
2025-01-15 09:00:00,0.2459841223855005
2025-01-15 21:00:00,0.2434683902343575
2025-01-16 05:00:00,0.24492481015930717
2025-01-17 09:00:00,0.24244401455219766
2025-01-20 05:00:00,0.23999690869597254
2025-01-20 05:00:00,0.2375095248741833
2025-01-20 17:00:00,0.23510882167264663
2025-01-20 17:00:00,0.23698173405621806
2025-01-21 01:00:00,0.23459427985273518
2025-01-22 17:00:00,0.23372796689397954
2025-01-23 05:00:00,0.23231995022852742
2025-01-23 05:00:00,0.23048749798161394
2025-01-23 13:00:00,0.22857665503173832
2025-01-26 17:00:00,0.22960073221669225
2025-01-27 05:00:00,0.22933156359868362
2025-01-27 09:00:00,0.22927340840626476
2025-01-27 17:00:00,0.22696059859976545
2025-01-27 17:00:00,0.22851027010439137
2025-01-27 21:00:00,0.2262130747067956
2025-01-28 21:00:00,0.22663137373053846
2025-01-29 09:00:00,0.227549576354623
2025-01-30 05:00:00,0.2273358548685518
2025-01-30 09:00:00,0.22624248789471968
2025-01-30 13:00:00,0.2239521481940818
2025-01-31 09:00:00,0.2247482966007857
2025-01-31 13:00:00,0.22250106998191896
2025-02-03 05:00:00,0.22025409330657292
2025-02-03 05:00:00,0.21800818641205638
2025-02-03 05:00:00,0.22158289956746652
2025-02-03 05:00:00,0.21935357058520075
2025-02-03 09:00:00,0.21711828033629618
2025-02-03 09:00:00,0.2148871490732237
2025-02-06 01:00:00,0.21484227026599603
2025-02-06 05:00:00,0.2126753326105291
2025-02-07 05:00:00,0.215998445555424
2025-02-07 13:00:00,0.21561571791204226
2025-02-09 17:00:00,0.21301095893677097
2025-02-11 13:00:00,0.2108570160462301
2025-02-12 01:00:00,0.20865296081449075
2025-02-12 05:00:00,0.20898890586735666
2025-02-12 09:00:00,0.20689064137735447
2025-02-12 09:00:00,0.20473536206971538
2025-02-13 05:00:00,0.20673880472041192
2025-02-13 05:00:00,0.20725037449007708
2025-02-17 17:00:00,0.21075679378234052
2025-02-18 01:00:00,0.2095065406216166
2025-02-18 09:00:00,0.2113760221334564
2025-02-19 17:00:00,0.21219109070994224
2025-02-20 05:00:00,0.2100481247938542
2025-02-20 13:00:00,0.20793596932946926
2025-02-20 17:00:00,0.21174071929356833
2025-02-21 09:00:00,0.21171058327782366
2025-02-21 09:00:00,0.20959580723336044
2025-02-21 13:00:00,0.20918167416415598
2025-02-24 01:00:00,0.2070766701213558
2025-02-24 01:00:00,0.20722079822592557
2025-02-24 01:00:00,0.20918987227700336
2025-02-24 13:00:00,0.20830453828977957
2025-02-25 05:00:00,0.20619061405804
2025-02-25 13:00:00,0.20769013368585115
2025-02-26 21:00:00,0.2055621999343056
2025-02-27 05:00:00,0.20345644882872874
2025-02-27 21:00:00,0.20141762975712274
2025-02-28 13:00:00,0.19937760698865062
2025-03-02 17:00:00,0.19961129681496573
2025-03-03 05:00:00,0.2078942416638633
2025-03-03 05:00:00,0.20709173070424236
2025-03-03 09:00:00,0.20708787758244468
2025-03-04 13:00:00,0.20708300617041978
2025-03-04 17:00:00,0.20500864664982713
2025-03-06 13:00:00,0.21552941026095498
2025-03-06 21:00:00,0.2180016314328841
2025-03-07 05:00:00,0.222043136378407
2025-03-07 05:00:00,0.22289142152829564
2025-03-07 13:00:00,0.2228870097778161
2025-03-10 01:00:00,0.23400143316157743
2025-03-10 05:00:00,0.23222287571140743
2025-03-11 05:00:00,0.23221825207889027
2025-03-11 05:00:00,0.2298919691801957
2025-03-11 17:00:00,0.22861490381601354
2025-03-12 05:00:00,0.22875500514861027
2025-03-12 17:00:00,0.22846269676008343
2025-03-13 05:00:00,0.22615156280637658
2025-03-14 09:00:00,0.22388561218929395
2025-03-17 09:00:00,0.22161305520404512
2025-03-18 05:00:00,0.219383600532139
2025-03-18 09:00:00,0.2200363532750909
2025-03-18 09:00:00,0.2200309298141941
2025-03-19 05:00:00,0.21995894333990257
2025-03-19 13:00:00,0.21772660181591033
2025-03-19 13:00:00,0.2194283366729112
2025-03-20 05:00:00,0.21955787797805276
2025-03-21 09:00:00,0.21836169913651324
2025-03-21 13:00:00,0.21617205153810046
2025-03-24 01:00:00,0.2174455799721386
2025-03-24 05:00:00,0.21525020366503797
2025-03-24 17:00:00,0.21473792257438223
2025-03-25 05:00:00,0.21525454406735886
2025-03-25 13:00:00,0.21455059438911359
2025-03-25 21:00:00,0.21236801589837467
2025-03-26 09:00:00,0.21236177618489036
2025-03-27 05:00:00,0.21022492959010655
2025-03-27 05:00:00,0.20806989547213967
2025-03-28 09:00:00,0.20598381377314767
2025-03-31 05:00:00,0.20385290237909565
2025-03-31 05:00:00,0.2038476680092994
2025-03-31 09:00:00,0.20897537823403903
2025-03-31 13:00:00,0.20848473170885495
2025-03-31 21:00:00,0.21001971873625747
2025-04-01 13:00:00,0.20905275309092902
2025-04-02 13:00:00,0.20695739094877993
2025-04-02 17:00:00,0.2068015611424621
2025-04-03 09:00:00,0.2119738982850361
2025-04-03 13:00:00,0.22328960796270741
2025-04-03 13:00:00,0.22612958764734803
2025-04-03 21:00:00,0.2239901169594915
2025-04-04 09:00:00,0.22723114144458958
2025-04-06 21:00:00,0.23916735516491977
2025-04-08 13:00:00,0.23713754780511767
2025-04-08 17:00:00,0.23597824151581404
2025-04-08 21:00:00,0.23768587584576256
2025-04-09 13:00:00,0.23528293495247427
2025-04-09 13:00:00,0.2329033990042272
2025-04-10 09:00:00,0.2305728079354524
2025-04-11 05:00:00,0.23570320114972018
2025-04-14 09:00:00,0.23584685778889602
2025-04-16 01:00:00,0.23348286716482428
2025-04-17 17:00:00,0.23287256608968548
2025-04-21 09:00:00,0.23623402518696623
2025-04-21 21:00:00,0.23619823098058554
2025-04-22 09:00:00,0.2380899535293235
2025-04-22 09:00:00,0.24083351349841486
2025-04-22 17:00:00,0.25213149936573304
2025-04-23 13:00:00,0.2521273785016983
2025-04-23 17:00:00,0.2566481972025182
2025-04-24 05:00:00,0.25407738610254244
2025-04-24 13:00:00,0.2531921847003073
2025-04-24 21:00:00,0.2506319931659695
2025-04-25 13:00:00,0.25163053004762814
2025-04-28 01:00:00,0.24964110461052086
2025-04-28 01:00:00,0.24885414558888178
2025-04-29 09:00:00,0.2463384069355871
2025-04-29 13:00:00,0.2460214644989428
2025-04-29 13:00:00,0.2457456117359249
2025-04-29 13:00:00,0.2448021585092866
2025-04-29 17:00:00,0.24397719787416686
2025-04-30 05:00:00,0.24153185105601882
2025-04-30 13:00:00,0.23908951941369397
2025-05-01 05:00:00,0.24006429250729117
2025-05-02 01:00:00,0.24001862438115062
2025-05-02 01:00:00,0.2463229279258844
2025-05-02 05:00:00,0.24689018648739824
2025-05-05 09:00:00,0.2443917673997586
2025-05-05 17:00:00,0.24436429390108347
2025-05-05 21:00:00,0.24540541792011075
2025-05-06 01:00:00,0.2429400983346919
2025-05-06 17:00:00,0.24050391853210024
2025-05-07 05:00:00,0.23804959440116427
2025-05-07 09:00:00,0.23561670892361122
2025-05-07 09:00:00,0.23585585881184892
2025-05-07 13:00:00,0.23343986250118892
2025-05-07 21:00:00,0.23107942577775076
2025-05-08 01:00:00,0.22870111483368363
2025-05-09 09:00:00,0.22640475885966269
2025-05-09 09:00:00,0.22662463564976745
2025-05-09 13:00:00,0.22675300251746536
2025-05-11 17:00:00,0.22593472435349746
2025-05-12 21:00:00,0.22365215087394485
2025-05-13 01:00:00,0.22361540742509223
2025-05-13 09:00:00,0.22360634790490863
2025-05-13 09:00:00,0.22132632019905107
2025-05-14 01:00:00,0.21906328138640777
2025-05-14 09:00:00,0.21682833039128308
2025-05-14 09:00:00,0.2146146756638647
2025-05-16 09:00:00,0.21246447666914237
2025-05-18 21:00:00,0.21032949938003753
2025-05-19 01:00:00,0.21815129621826643
2025-05-19 21:00:00,0.21730508536042079
2025-05-20 05:00:00,0.21509662009144317
2025-05-20 05:00:00,0.21511081291652684
2025-05-20 05:00:00,0.21531057667445544
2025-05-20 13:00:00,0.21470491787149154
2025-05-21 05:00:00,0.21423424809349934
2025-05-22 01:00:00,0.2142234765863129
2025-05-22 05:00:00,0.21461345038499843
2025-05-22 09:00:00,0.2158959901025889
2025-05-23 13:00:00,0.21756107918456563
2025-05-26 09:00:00,0.21665806440230342
2025-05-26 13:00:00,0.21663247161131988
2025-05-26 13:00:00,0.21682543077167712
2025-05-27 01:00:00,0.21819156842715676
2025-05-27 21:00:00,0.2160057447283578
2025-05-28 13:00:00,0.21599909798131794
2025-05-29 01:00:00,0.21826081924910035
2025-05-29 05:00:00,0.21609021609196222
2025-05-29 05:00:00,0.21792886070453088
2025-05-30 13:00:00,0.21574355888117772
2025-06-03 05:00:00,0.2143835478841582
2025-06-03 05:00:00,0.21404022754057206
2025-06-03 05:00:00,0.21293119552771936
2025-06-03 05:00:00,0.21227298550264279
2025-06-03 05:00:00,0.21259149841756547
2025-06-05 13:00:00,0.21256271961221349
2025-06-05 13:00:00,0.21255676737983295
2025-06-06 01:00:00,0.21040301354918842
2025-06-09 01:00:00,0.2103983109199317
2025-06-09 09:00:00,0.21020938571744438
2025-06-10 01:00:00,0.2080985886762199
2025-06-11 05:00:00,0.20779461486503364
2025-06-11 17:00:00,0.2056374027414596
2025-06-11 21:00:00,0.20354837352277882
2025-06-12 01:00:00,0.20148803284092964
2025-06-12 05:00:00,0.19944502980780998
2025-06-12 09:00:00,0.20407617526286628
2025-06-13 01:00:00,0.20439512270507074
2025-06-13 09:00:00,0.2023278413488987
2025-06-13 09:00:00,0.2002807161737685
2025-06-17 01:00:00,0.19825604114588824
2025-06-17 05:00:00,0.19733505765401682
2025-06-17 09:00:00,0.19703059017591038
2025-06-17 21:00:00,0.19766058048059748
2025-06-18 13:00:00,0.19762790291340857
2025-06-18 21:00:00,0.1956194623927238
2025-06-19 05:00:00,0.1959596773539507
2025-06-19 13:00:00,0.19609001456878986
2025-06-19 17:00:00,0.19412404984272824
2025-06-20 05:00:00,0.1921580314712239
2025-06-20 09:00:00,0.19073867697250294
2025-06-20 09:00:00,0.19085635715555974
2025-06-22 17:00:00,0.1886618349359315
2025-06-22 17:00:00,0.1859556613523824
2025-06-23 09:00:00,0.18657613720219793
2025-06-25 05:00:00,0.18629051616251824
2025-06-25 05:00:00,0.18442062196133557
2025-06-26 17:00:00,0.18257235399461705
2025-06-27 13:00:00,0.18254912208792853
2025-06-30 09:00:00,0.18710372805972544
2025-07-01 09:00:00,0.19635245219310712
2025-07-01 09:00:00,0.19634780871253565
2025-07-01 13:00:00,0.19600378778857697
2025-07-02 05:00:00,0.203108631600543
2025-07-02 05:00:00,0.2012146849561881
2025-07-03 09:00:00,0.199152864103799
2025-07-04 01:00:00,0.19713619850979103
2025-07-04 09:00:00,0.19604123634913795
2025-07-07 09:00:00,0.20259925164820317
2025-07-07 17:00:00,0.2005615306531062
2025-07-07 21:00:00,0.1985726853007844
2025-07-08 13:00:00,0.19939448934275472
2025-07-09 09:00:00,0.20226990059357963
2025-07-10 09:00:00,0.2001845321118783
2025-07-10 17:00:00,0.20017457068426808
2025-07-11 13:00:00,0.20047088983254852
2025-07-11 13:00:00,0.2001707207945698
2025-07-14 13:00:00,0.20119854572156765
2025-07-15 09:00:00,0.1991766884715971
2025-07-16 09:00:00,0.1971600713091642
2025-07-16 09:00:00,0.1951565256714368
2025-07-16 09:00:00,0.19730962348501585
2025-07-16 09:00:00,0.19525548584197183
2025-07-18 05:00:00,0.1932800407859204
2025-07-20 21:00:00,0.1929426517044425
2025-07-21 13:00:00,0.19100278504977664
2025-07-22 01:00:00,0.19099782796350548
2025-07-22 09:00:00,0.19099685069289937
2025-07-24 05:00:00,0.19237083268851957
2025-07-24 05:00:00,0.19236610879808466
2025-07-24 21:00:00,0.19440667871075723
2025-07-25 05:00:00,0.19560027762085705
2025-07-28 09:00:00,0.1988193088965166
2025-07-29 17:00:00,0.19983260463311853
2025-07-29 21:00:00,0.2057631006917551
2025-07-30 13:00:00,0.20375237501543372
2025-07-30 21:00:00,0.20735630409326797
2025-07-31 01:00:00,0.2073301190204231
2025-07-31 09:00:00,0.20524564231946232
2025-08-01 05:00:00,0.20316510428188017
2025-08-01 05:00:00,0.21198011692886157
2025-08-01 05:00:00,0.20990327794872607
2025-08-01 05:00:00,0.2185085923165071
2025-08-01 05:00:00,0.2217815186537917
2025-08-03 21:00:00,0.2255911742592151
2025-08-04 01:00:00,0.22336923877870132
2025-08-04 17:00:00,0.22258334504769484
2025-08-05 09:00:00,0.22031142582652546
2025-08-07 09:00:00,0.22061506720477958
2025-08-07 09:00:00,0.22087350533608566
2025-08-07 09:00:00,0.22086514583228659
2025-08-11 05:00:00,0.22484664393723156
2025-08-11 09:00:00,0.2247334248197485
2025-08-12 09:00:00,0.22365689246470302
2025-08-12 09:00:00,0.22230673303609
2025-08-14 01:00:00,0.220070994006418
2025-08-14 01:00:00,0.2177849291592002
2025-08-14 05:00:00,0.21585728745792113
2025-08-14 05:00:00,0.2173037817767621
2025-08-14 05:00:00,0.2179172407314618
2025-08-14 09:00:00,0.21986284677943047
2025-08-15 09:00:00,0.2176535483571451
2025-08-19 13:00:00,0.21871666430815556
2025-08-20 05:00:00,0.2164498359069824
2025-08-20 13:00:00,0.22099722737113023
2025-08-20 21:00:00,0.22047677648169214
2025-08-21 05:00:00,0.2181903817204845
2025-08-22 09:00:00,0.21897473581514423
2025-08-22 09:00:00,0.21677806212910283
2025-08-22 09:00:00,0.2145164625206397
2025-08-22 09:00:00,0.21232807631488443
2025-08-25 13:00:00,0.21070280986069423
2025-08-25 13:00:00,0.21078116178287454
2025-08-27 09:00:00,0.20866203383041418
2025-08-27 17:00:00,0.20825449269728244
2025-08-27 17:00:00,0.20614116697959123
2025-08-28 13:00:00,0.20718262910457724
2025-08-29 09:00:00,0.20666857020900603
2025-08-29 13:00:00,0.20644475725218409
2025-08-31 17:00:00,0.20434020528432378
2025-09-02 01:00:00,0.2052973702156174
2025-09-02 01:00:00,0.20322260554314325
2025-09-02 05:00:00,0.20107891465332403
2025-09-02 09:00:00,0.20273791578871428
2025-09-02 13:00:00,0.20452058543340426
2025-09-05 05:00:00,0.20249746623324197
2025-09-05 09:00:00,0.2004628588877934
2025-09-07 17:00:00,0.2014120779406602
2025-09-07 17:00:00,0.19940206827054935
2025-09-09 05:00:00,0.2020556351618977
2025-09-09 09:00:00,0.20004852796934053
2025-09-09 09:00:00,0.19802297532576082
2025-09-09 13:00:00,0.19888696828349847
2025-09-09 21:00:00,0.1973248699808721
2025-09-11 09:00:00,0.1953457525575768
2025-09-12 01:00:00,0.19336419033738889
2025-09-12 13:00:00,0.1928925969040476
2025-09-12 13:00:00,0.1923838485804602
2025-09-17 01:00:00,0.20049864990177585
2025-09-17 13:00:00,0.2030717479605009
2025-09-17 13:00:00,0.20612077620622662
2025-09-17 13:00:00,0.21028696145725168
2025-09-17 13:00:00,0.210505195412113
2025-09-17 13:00:00,0.20838732152562905
2025-09-17 17:00:00,0.20897087874422943
2025-09-18 09:00:00,0.2068715042595303
2025-09-22 05:00:00,0.20479107437055538
2025-09-22 05:00:00,0.2039658953456932
2025-09-23 13:00:00,0.20308898220025326
2025-09-24 09:00:00,0.20101348115538412
2025-09-25 17:00:00,0.20270904707335732
2025-09-26 09:00:00,0.20674200956166555
2025-09-26 09:00:00,0.2107428860548199
2025-09-26 09:00:00,0.21272296176728508
2025-09-28 21:00:00,0.21272662604307535
2025-09-28 21:00:00,0.21686555487685197
2025-09-29 13:00:00,0.21468665568220627
2025-09-30 01:00:00,0.21250272578552462
2025-09-30 09:00:00,0.21036246361778269
2025-10-01 05:00:00,0.20818781017910343
2025-10-01 13:00:00,0.20866668929712337
2025-10-01 17:00:00,0.21364677635084328
2025-10-02 09:00:00,0.21363760138122292
2025-10-03 09:00:00,0.21148839851208648
2025-10-03 13:00:00,0.2093409848241886
2025-10-06 09:00:00,0.20723483449456578
2025-10-07 01:00:00,0.20512702003641137
2025-10-07 09:00:00,0.20306453561599047
2025-10-08 09:00:00,0.20302851036783412
2025-10-08 09:00:00,0.2027507125603229
2025-10-08 21:00:00,0.20273709619025185
2025-10-09 01:00:00,0.20233638993429562
2025-10-09 09:00:00,0.20029850185983467
2025-10-09 09:00:00,0.20655100485664227
2025-10-10 09:00:00,0.20447388361385005
2025-10-12 17:00:00,0.2037953655170177
2025-10-12 21:00:00,0.20579933948141285
2025-10-14 09:00:00,0.2037157417226904
2025-10-14 21:00:00,0.2016331601505643
2025-10-15 13:00:00,0.1996118096996744
2025-10-17 05:00:00,0.20142421473286362
2025-10-17 05:00:00,0.2014195681628657
2025-10-17 05:00:00,0.20416365010616366
2025-10-17 05:00:00,0.20772926868402633
2025-10-17 09:00:00,0.20791241388945422
2025-10-19 21:00:00,0.20589144366625828
2025-10-21 01:00:00,0.20380377920525772
2025-10-21 13:00:00,0.20392098136937556
2025-10-22 09:00:00,0.20507224103079982
2025-10-22 09:00:00,0.2058878492573461
2025-10-23 13:00:00,0.2038224328447356
2025-10-24 01:00:00,0.2053177922850332
2025-10-26 17:00:00,0.20740919246121703
2025-10-27 01:00:00,0.20528143362397616
2025-10-27 05:00:00,0.2032007884530847
2025-10-27 09:00:00,0.20362563152905466
2025-10-27 21:00:00,0.20530676416948682
2025-10-28 01:00:00,0.2032212189114238
2025-10-28 05:00:00,0.20108887069716527
2025-10-28 09:00:00,0.1990174404202995
2025-10-29 01:00:00,0.19702193531092002
2025-10-29 09:00:00,0.19503486621827287
2025-10-29 13:00:00,0.20079407569116797
2025-10-29 17:00:00,0.20403086020840194
2025-10-29 21:00:00,0.2044280735479465
2025-10-31 09:00:00,0.20448298604492893
2025-10-31 09:00:00,0.2044405076819632
2025-10-31 09:00:00,0.20550943843269126
2025-10-31 09:00:00,0.2059338832983894
2025-11-04 21:00:00,0.20716931264562247
2025-11-05 09:00:00,0.20819799735980182
2025-11-05 17:00:00,0.20817146064602315
2025-11-06 05:00:00,0.20602265241076856
2025-11-06 09:00:00,0.20397406100436993
2025-11-07 13:00:00,0.2039684761864565
2025-11-09 17:00:00,0.2048168043170574
2025-11-10 13:00:00,0.2051063282382919
2025-11-11 01:00:00,0.2044307198824658
2025-11-11 17:00:00,0.20505995876990307
2025-11-12 01:00:00,0.20299908492559518
2025-11-12 09:00:00,0.20350581750112595
2025-11-13 01:00:00,0.2014468105794293
2025-11-13 05:00:00,0.20188418755108195
2025-11-13 17:00:00,0.19983999009337472
2025-11-14 05:00:00,0.19982335994369563
2025-11-14 05:00:00,0.19778711607354987
2025-11-14 09:00:00,0.19970022366598078
2025-11-14 09:00:00,0.20210146991223393
2025-11-19 17:00:00,0.20230706335564447
2025-11-19 17:00:00,0.20028138016704305
2025-11-20 09:00:00,0.20209455493037926
2025-11-20 09:00:00,0.20345151227989033
2025-11-20 21:00:00,0.21140349871207192
2025-11-21 13:00:00,0.21086240549261973
2025-11-21 13:00:00,0.20882447551650646
2025-11-25 09:00:00,0.2125575892778221
2025-11-25 13:00:00,0.21358295613362546
2025-11-26 05:00:00,0.2135661151173564
2025-11-26 05:00:00,0.21457767859963048
2025-11-26 05:00:00,0.2123714668111765
2025-11-28 09:00:00,0.2102301768855948
2025-11-28 09:00:00,0.2080320765547182
2025-11-30 17:00:00,0.2059436004800012
2025-12-01 09:00:00,0.20387618457386064
2025-12-01 13:00:00,0.20594091960812638
2025-12-04 09:00:00,0.20580427576661117
2025-12-04 09:00:00,0.2036713840095829
2025-12-04 17:00:00,0.2038613645563259
2025-12-05 09:00:00,0.207287354671163
2025-12-05 09:00:00,0.20522141590192877
2025-12-09 01:00:00,0.20526522669098926
2025-12-09 05:00:00,0.2031749044421086
2025-12-10 01:00:00,0.2124521976197614
2025-12-10 09:00:00,0.2103854427429349
2025-12-10 13:00:00,0.21237355540439884
2025-12-10 21:00:00,0.21021410005269894
2025-12-10 21:00:00,0.20808091746988802
2025-12-11 13:00:00,0.20807576318440238
2025-12-12 05:00:00,0.21313405294643617
2025-12-12 05:00:00,0.21937065138872175
2025-12-12 09:00:00,0.2172826203266636
2025-12-16 05:00:00,0.2150740832350188
2025-12-16 09:00:00,0.21503901286922733
2025-12-16 13:00:00,0.21576926005999914
2025-12-17 01:00:00,0.21358994124185018
2025-12-17 05:00:00,0.21137635452756792
2025-12-17 09:00:00,0.2092232410895197
2025-12-17 09:00:00,0.20705886337147386
2025-12-18 09:00:00,0.204982499773011
2025-12-22 05:00:00,0.20281290350575384
2025-12-22 05:00:00,0.20166691896526046
2025-12-22 05:00:00,0.2054711430928641
2025-12-23 09:00:00,0.2079963157276669
2025-12-25 21:00:00,0.20890205141509746
2025-12-26 05:00:00,0.20677626429191098
2025-12-26 09:00:00,0.20464244637107995
2025-12-29 01:00:00,0.20255483807222505
2025-12-29 01:00:00,0.20038264322275587
2025-12-29 01:00:00,0.19836079714799257
2025-12-29 09:00:00,0.19630788341596123
2025-12-30 01:00:00,0.19430860212776474
2025-12-30 05:00:00,0.19227901187439062
2025-12-30 17:00:00,0.19414012564734523
2025-12-31 05:00:00,0.194108565378001
2025-12-31 13:00:00,0.19488192985898162
2025-12-31 13:00:00,0.1948996365650634
2025-12-31 13:00:00,0.19541207696733112
2025-12-31 13:00:00,0.19481421696673873
