WeekEnd,trend
2021-01-01,上昇
2021-01-08,上昇
2021-01-15,上昇
2021-01-22,上昇
2021-01-29,上昇
2021-02-05,上昇
2021-02-12,上昇
2021-02-19,上昇
2021-02-26,上昇
2021-03-05,上昇
2021-03-12,上昇
2021-03-19,上昇
2021-03-26,上昇
2021-04-02,上昇
2021-04-09,上昇
2021-04-16,上昇
2021-04-23,上昇
2021-04-30,上昇
2021-05-07,上昇
2021-05-14,上昇
2021-05-21,上昇
2021-05-28,上昇
2021-06-04,上昇
2021-06-11,上昇
2021-06-18,上昇
2021-06-25,上昇
2021-07-02,上昇
2021-07-09,上昇
2021-07-16,上昇
2021-07-23,上昇
2021-07-30,レンジ
2021-08-06,レンジ
2021-08-13,レンジ
2021-08-20,レンジ
2021-08-27,レンジ
2021-09-03,レンジ
2021-09-10,レンジ
2021-09-17,レンジ
2021-09-24,レンジ
2021-10-01,レンジ
2021-10-08,下降
2021-10-15,下降
2021-10-22,下降
2021-10-29,下降
2021-11-05,下降
2021-11-12,下降
2021-11-19,下降
2021-11-26,下降
2021-12-03,下降
2021-12-10,下降
2021-12-17,下降
2021-12-24,下降
2021-12-31,下降
2022-01-07,下降
2022-01-14,下降
2022-01-21,下降
2022-01-28,下降
2022-02-04,下降
2022-02-11,下降
2022-02-18,下降
2022-02-25,下降
2022-03-04,下降
2022-03-11,下降
2022-03-18,下降
2022-03-25,下降
2022-04-01,下降
2022-04-08,下降
2022-04-15,下降
2022-04-22,下降
2022-04-29,下降
2022-05-06,下降
2022-05-13,下降
2022-05-20,下降
2022-05-27,下降
2022-06-03,下降
2022-06-10,下降
2022-06-17,下降
2022-06-24,下降
2022-07-01,下降
2022-07-08,下降
2022-07-15,下降
2022-07-22,下降
2022-07-29,下降
2022-08-05,下降
2022-08-12,下降
2022-08-19,下降
2022-08-26,下降
2022-09-02,下降
2022-09-09,下降
2022-09-16,下降
2022-09-23,下降
2022-09-30,下降
2022-10-07,下降
2022-10-14,下降
2022-10-21,下降
2022-10-28,下降
2022-11-04,下降
2022-11-11,下降
2022-11-18,下降
2022-11-25,下降
2022-12-02,下降
2022-12-09,レンジ
2022-12-16,レンジ
2022-12-23,レンジ
2022-12-30,レンジ
2023-01-06,レンジ
2023-01-13,レンジ
2023-01-20,レンジ
2023-01-27,レンジ
2023-02-03,上昇
2023-02-10,上昇
2023-02-17,上昇
2023-02-24,上昇
2023-03-03,上昇
2023-03-10,上昇
2023-03-17,レンジ
2023-03-24,レンジ
2023-03-31,レンジ
2023-04-07,レンジ
2023-04-14,レンジ
2023-04-21,レンジ
2023-04-28,レンジ
2023-05-05,レンジ
2023-05-12,レンジ
2023-05-19,レンジ
2023-05-26,レンジ
2023-06-02,レンジ
2023-06-09,レンジ
2023-06-16,レンジ
2023-06-23,上昇
2023-06-30,上昇
2023-07-07,上昇
2023-07-14,上昇
2023-07-21,上昇
2023-07-28,上昇
2023-08-04,上昇
2023-08-11,上昇
2023-08-18,上昇
2023-08-25,上昇
2023-09-01,上昇
2023-09-08,上昇
2023-09-15,上昇
2023-09-22,上昇
2023-09-29,レンジ
2023-10-06,レンジ
2023-10-13,レンジ
2023-10-20,レンジ
2023-10-27,レンジ
2023-11-03,レンジ
2023-11-10,レンジ
2023-11-17,レンジ
2023-11-24,レンジ
2023-12-01,レンジ
2023-12-08,レンジ
2023-12-15,レンジ
2023-12-22,レンジ
2023-12-29,レンジ
2024-01-05,レンジ
2024-01-12,レンジ
2024-01-19,レンジ
2024-01-26,レンジ
2024-02-02,レンジ
2024-02-09,レンジ
2024-02-16,レンジ
2024-02-23,レンジ
2024-03-01,レンジ
2024-03-08,レンジ
2024-03-15,上昇
2024-03-22,上昇
2024-03-29,上昇
2024-04-05,上昇
2024-04-12,上昇
2024-04-19,レンジ
2024-04-26,レンジ
2024-05-03,レンジ
2024-05-10,レンジ
2024-05-17,レンジ
2024-05-24,レンジ
2024-05-31,レンジ
2024-06-07,レンジ
2024-06-14,レンジ
2024-06-21,レンジ
2024-06-28,レンジ
2024-07-05,レンジ
2024-07-12,レンジ
2024-07-19,上昇
2024-07-26,上昇
2024-08-02,上昇
2024-08-09,上昇
2024-08-16,上昇
2024-08-23,上昇
2024-08-30,上昇
2024-09-06,上昇
2024-09-13,上昇
2024-09-20,上昇
2024-09-27,上昇
2024-10-04,上昇
2024-10-11,上昇
2024-10-18,上昇
2024-10-25,上昇
2024-11-01,上昇
2024-11-08,上昇
2024-11-15,上昇
2024-11-22,レンジ
2024-11-29,レンジ
2024-12-06,レンジ
2024-12-13,レンジ
2024-12-20,レンジ
2024-12-27,下降
2025-01-03,下降
2025-01-10,下降
2025-01-17,下降
2025-01-24,下降
2025-01-31,下降
2025-02-07,下降
2025-02-14,下降
2025-02-21,下降
2025-02-28,下降
2025-03-07,下降
2025-03-14,下降
2025-03-21,下降
2025-03-28,下降
2025-04-04,下降
2025-04-11,下降
2025-04-18,下降
2025-04-25,下降
2025-05-02,下降
2025-05-09,レンジ
2025-05-16,レンジ
2025-05-23,レンジ
2025-05-30,レンジ
2025-06-06,レンジ
2025-06-13,レンジ
2025-06-20,レンジ
2025-06-27,レンジ
2025-07-04,レンジ
2025-07-11,レンジ
2025-07-18,レンジ
2025-07-25,レンジ
2025-08-01,レンジ
2025-08-08,レンジ
2025-08-15,レンジ
2025-08-22,レンジ
2025-08-29,レンジ
2025-09-05,レンジ
2025-09-12,レンジ
2025-09-19,レンジ
2025-09-26,上昇
2025-10-03,上昇
2025-10-10,上昇
2025-10-17,上昇
2025-10-24,上昇
2025-10-31,上昇
2025-11-07,下降
2025-11-14,下降
2025-11-21,下降
2025-11-28,下降
2025-12-05,下降
2025-12-12,下降
2025-12-19,下降
2025-12-26,下降
2026-01-02,下降
