config,2021,2022,2023,2024,2025
n2_h4dow_fixed,-6.597,16.272,15.693,24.418,-1.116
n2_h4dow_trail,14.423,36.869,-9.824,12.972,2.419
n2_h4w18_fixed,-16.041,12.942,-7.175,4.68,6.783
n2_h4w18_trail,-0.153,2.508,-17.053,14.559,-1.73
n3_h4dow_fixed,-7.876,-7.438,35.897,-2.705,19.799
n3_h4dow_trail,12.891,24.207,14.554,-18.494,30.748
n3_h4w18_fixed,-13.247,13.216,3.563,12.692,14.328
n3_h4w18_trail,-2.992,3.812,-7.456,9.578,5.268
none_h4dow_fixed,-32.805,23.578,-11.163,18.333,18.372
none_h4dow_trail,-2.73,69.396,-9.743,-35.701,3.933
none_h4w18_fixed,-33.578,26.015,-23.748,27.25,15.545
none_h4w18_trail,-4.787,23.59,-36.144,11.494,-10.591
