Pair,Combo,min_trend_age,min_weekly_adx,min_h4_er,Side,EntryTime,ExitTime,R
USDJPY,age12_adx-_er-,12,,,S,2021-01-04 07:46:00+00:00,2021-01-06 10:29:00-05:00,-0.4502500000000031
GBPUSD,age12_adx-_er-,12,,,L,2021-01-14 17:56:00+00:00,2021-01-26 01:37:00-05:00,-0.276280650000006
USDJPY,age12_adx-_er-,12,,,S,2021-01-20 15:18:00+00:00,2021-01-27 08:19:00-05:00,-0.738370000000011
GBPUSD,age12_adx-_er-,12,,,L,2021-01-27 00:16:00+00:00,2021-01-28 03:54:00-05:00,-1.0126489000000085
USDCHF,age12_adx-_er-,12,,,S,2021-02-16 01:25:00+00:00,2021-02-16 18:14:00-05:00,-1.0388425999999928
EURUSD,age12_adx-_er-,12,,,L,2021-02-23 00:50:00+00:00,2021-02-26 06:20:00-05:00,-0.41811790000000765
GBPUSD,age12_adx-_er-,12,,,L,2021-02-09 01:26:00+00:00,2021-03-01 21:51:00-05:00,0.6598194000000035
AUDUSD,age12_adx-_er-,12,,,L,2021-03-17 18:46:00+00:00,2021-03-21 21:26:00-04:00,-1.0108260500000024
GBPUSD,age12_adx-_er-,12,,,L,2021-04-02 03:20:00+00:00,2021-04-09 01:59:00-04:00,-1.0100108499999991
GBPUSD,age12_adx-_er-,12,,,L,2021-04-19 10:58:00+00:00,2021-04-30 10:06:00-04:00,-0.30438910000000347
GBPUSD,age12_adx-_er-,12,,,L,2021-05-07 14:43:00+00:00,2021-05-26 13:09:00-04:00,1.1613312500000053
GBPUSD,age12_adx-_er-,12,,,L,2021-06-01 01:12:00+00:00,2021-06-02 03:26:00-04:00,-1.0148218499999857
GBPUSD,age12_adx-_er-,12,,,L,2021-07-09 20:07:00+00:00,2021-07-16 03:31:00-04:00,-0.6352858500000104
AUDUSD,age12_adx-_er-,12,,,S,2021-09-29 12:36:00+00:00,2021-10-07 03:13:00-04:00,-0.9026452499999995
USDJPY,age12_adx-_er-,12,,,L,2021-09-23 12:53:00+00:00,2021-10-21 08:53:00-04:00,3.9488399999999975
USDJPY,age12_adx-_er-,12,,,L,2021-11-01 05:40:00+00:00,2021-11-05 11:30:00-04:00,-0.803335000000008
USDJPY,age12_adx-_er-,12,,,L,2021-11-16 14:01:00+00:00,2021-11-19 05:04:00-05:00,-0.8251249999999898
USDJPY,age12_adx-_er-,12,,,L,2021-11-23 02:14:00+00:00,2021-11-26 09:47:00-05:00,-0.9965550000000002
USDCHF,age12_adx-_er-,12,,,L,2021-12-15 19:00:00+00:00,2021-12-16 23:03:00-05:00,-1.0230174999999948
USDJPY,age12_adx-_er-,12,,,L,2021-12-15 18:10:00+00:00,2021-12-17 07:52:00-05:00,-1.0020199999999926
USDJPY,age12_adx-_er-,12,,,L,2021-12-22 08:25:00+00:00,2022-01-03 06:10:00-05:00,0.652150000000008
EURUSD,age12_adx-_er-,12,,,S,2022-01-04 12:24:00+00:00,2022-01-07 10:20:00-05:00,-0.650761050000004
USDCHF,age12_adx-_er-,12,,,L,2022-01-10 13:59:00+00:00,2022-01-12 10:00:00-05:00,-0.6331199000000021
USDCHF,age12_adx-_er-,12,,,L,2022-01-27 10:23:00+00:00,2022-01-31 13:08:00-05:00,0.058743249999998755
GBPUSD,age12_adx-_er-,12,,,S,2022-01-27 05:17:00+00:00,2022-02-01 15:17:00-05:00,-0.4121055999999947
EURUSD,age12_adx-_er-,12,,,S,2022-01-25 11:45:00+00:00,2022-02-03 08:46:00-05:00,-1.0062595999999788
USDJPY,age12_adx-_er-,12,,,L,2022-01-27 09:20:00+00:00,2022-02-17 03:28:00-05:00,-0.030320000000001075
USDJPY,age12_adx-_er-,12,,,L,2022-03-03 08:15:00+00:00,2022-03-04 11:37:00-05:00,-0.9992350000000115
EURUSD,age12_adx-_er-,12,,,S,2022-02-24 00:56:00+00:00,2022-03-16 07:44:00-04:00,2.9925480499999826
GBPUSD,age12_adx-_er-,12,,,S,2022-02-15 14:57:00+00:00,2022-03-17 07:10:00-04:00,1.9211630499999977
USDCHF,age12_adx-_er-,12,,,L,2022-03-08 09:46:00+00:00,2022-03-24 19:23:00-04:00,0.025327549999997218
EURUSD,age12_adx-_er-,12,,,S,2022-03-28 01:22:00+00:00,2022-03-29 05:45:00-04:00,-0.43903020000000226
USDJPY,age12_adx-_er-,12,,,L,2022-03-09 00:16:00+00:00,2022-03-31 10:59:00-04:00,4.761634999999996
GBPUSD,age12_adx-_er-,12,,,S,2022-04-06 06:09:00+00:00,2022-04-13 11:30:00-04:00,-0.05343569999999692
EURUSD,age12_adx-_er-,12,,,S,2022-04-05 14:19:00+00:00,2022-04-21 03:43:00-04:00,0.08782074999999749
USDJPY,age12_adx-_er-,12,,,L,2022-04-11 06:16:00+00:00,2022-04-25 09:47:00-04:00,1.5908899999999973
EURUSD,age12_adx-_er-,12,,,S,2022-04-25 06:13:00+00:00,2022-05-04 14:43:00-04:00,1.0032002499999972
USDJPY,age12_adx-_er-,12,,,L,2022-04-28 03:13:00+00:00,2022-05-04 14:46:00-04:00,0.11643499999999872
GBPUSD,age12_adx-_er-,12,,,S,2022-04-22 06:47:00+00:00,2022-05-04 15:49:00-04:00,2.043360049999994
USDJPY,age12_adx-_er-,12,,,L,2022-05-09 06:53:00+00:00,2022-05-11 05:01:00-04:00,-0.5538650000000029
GBPUSD,age12_adx-_er-,12,,,S,2022-05-05 11:40:00+00:00,2022-05-17 03:09:00-04:00,0.04834270000000818
USDCHF,age12_adx-_er-,12,,,L,2022-04-14 11:53:00+00:00,2022-05-18 10:43:00-04:00,6.235663450000008
EURUSD,age12_adx-_er-,12,,,S,2022-05-12 07:12:00+00:00,2022-05-19 09:45:00-04:00,-0.5144758500000023
GBPUSD,age12_adx-_er-,12,,,S,2022-06-07 05:56:00+00:00,2022-06-07 11:54:00-04:00,-1.0096838999999846
USDJPY,age12_adx-_er-,12,,,L,2022-06-01 14:11:00+00:00,2022-06-15 15:29:00-04:00,1.1624849999999993
EURUSD,age12_adx-_er-,12,,,S,2022-06-09 17:19:00+00:00,2022-06-16 11:13:00-04:00,0.8665895999999931
GBPUSD,age12_adx-_er-,12,,,S,2022-06-10 11:34:00+00:00,2022-06-24 10:02:00-04:00,0.6797027500000032
EURUSD,age12_adx-_er-,12,,,S,2022-07-05 08:06:00+00:00,2022-07-18 03:07:00-04:00,1.8282288999999992
GBPUSD,age12_adx-_er-,12,,,S,2022-06-29 09:59:00+00:00,2022-07-18 05:41:00-04:00,1.1198625499999948
USDJPY,age12_adx-_er-,12,,,L,2022-06-21 10:56:00+00:00,2022-07-21 16:17:00-04:00,0.42823499999999576
EURUSD,age12_adx-_er-,12,,,S,2022-08-16 11:31:00+00:00,2022-08-25 02:17:00-04:00,0.41906859999999857
GBPUSD,age12_adx-_er-,12,,,S,2022-08-18 06:47:00+00:00,2022-08-26 09:07:00-04:00,0.5018798499999946
GBPUSD,age12_adx-_er-,12,,,S,2022-08-28 22:09:00+00:00,2022-09-05 20:38:00-04:00,0.8662842000000001
EURUSD,age12_adx-_er-,12,,,S,2022-09-05 05:04:00+00:00,2022-09-07 13:05:00-04:00,-0.48652970000000223
USDJPY,age12_adx-_er-,12,,,L,2022-08-18 16:59:00+00:00,2022-09-22 04:20:00-04:00,2.3295450000000053
USDJPY,age12_adx-_er-,12,,,L,2022-10-03 04:02:00+00:00,2022-10-03 11:15:00-04:00,-0.6999199999999979
GBPUSD,age12_adx-_er-,12,,,S,2022-09-16 07:39:00+00:00,2022-10-04 01:54:00-04:00,0.2145998500000045
EURUSD,age12_adx-_er-,12,,,S,2022-09-21 18:00:00+00:00,2022-10-04 02:06:00-04:00,0.051565999999997614
AUDUSD,age12_adx-_er-,12,,,S,2022-10-07 19:13:00+00:00,2022-10-14 02:45:00-04:00,0.08985270000000084
USDJPY,age12_adx-_er-,12,,,L,2022-10-07 12:51:00+00:00,2022-10-21 11:14:00-04:00,1.5573400000000013
USDJPY,age12_adx-_er-,12,,,L,2022-12-13 00:28:00+00:00,2022-12-13 08:30:00-05:00,-0.9925150000000041
AUDUSD,age12_adx-_er-,12,,,S,2022-12-20 03:51:00+00:00,2022-12-21 21:42:00-05:00,-0.35748739999999957
USDJPY,age12_adx-_er-,12,,,L,2023-01-06 09:21:00+00:00,2023-01-12 04:19:00-05:00,-0.6387199999999996
EURUSD,age12_adx-_er-,12,,,L,2023-04-04 07:52:00+00:00,2023-04-07 08:35:00-04:00,-0.3224771500000056
EURUSD,age12_adx-_er-,12,,,L,2023-04-12 12:31:00+00:00,2023-04-28 08:39:00-04:00,-0.06862609999998659
EURUSD,age12_adx-_er-,12,,,L,2023-06-08 15:30:00+00:00,2023-06-20 09:04:00-04:00,1.140070849999999
EURUSD,age12_adx-_er-,12,,,L,2023-06-21 16:51:00+00:00,2023-06-23 03:15:00-04:00,-1.0083158999999875
EURUSD,age12_adx-_er-,12,,,L,2023-07-11 01:31:00+00:00,2023-07-19 02:42:00-04:00,1.0629094500000078
USDCHF,age12_adx-_er-,12,,,S,2023-07-07 14:34:00+00:00,2023-07-20 09:06:00-04:00,3.1314566999999998
USDCHF,age12_adx-_er-,12,,,S,2023-07-27 10:12:00+00:00,2023-07-28 02:44:00-04:00,-1.0127403500000056
EURUSD,age12_adx-_er-,12,,,L,2023-08-10 12:30:00+00:00,2023-08-14 02:01:00-04:00,-1.0046904500000158
USDCHF,age12_adx-_er-,12,,,S,2023-08-10 12:31:00+00:00,2023-08-14 08:01:00-04:00,-1.0225855000000041
USDJPY,age12_adx-_er-,12,,,L,2023-08-10 04:02:00+00:00,2023-08-18 12:16:00-04:00,0.5090750000000035
USDJPY,age12_adx-_er-,12,,,L,2023-08-25 14:44:00+00:00,2023-09-01 08:39:00-04:00,-1.0013600000000027
USDCHF,age12_adx-_er-,12,,,S,2023-08-30 13:31:00+00:00,2023-09-01 12:00:00-04:00,-0.8674732499999961
EURUSD,age12_adx-_er-,12,,,L,2023-08-30 13:34:00+00:00,2023-09-01 12:04:00-04:00,-0.902192900000001
USDJPY,age12_adx-_er-,12,,,L,2023-09-05 12:04:00+00:00,2023-09-10 22:34:00-04:00,-0.2689350000000021
USDJPY,age12_adx-_er-,12,,,L,2023-09-15 10:29:00+00:00,2023-09-20 12:41:00-04:00,-0.18584500000000218
USDJPY,age12_adx-_er-,12,,,L,2023-10-25 17:04:00+00:00,2023-10-30 03:02:00-04:00,-1.0032350000000023
USDJPY,age12_adx-_er-,12,,,L,2023-10-31 12:35:00+00:00,2023-11-03 08:46:00-04:00,-0.9980900000000019
USDJPY,age12_adx-_er-,12,,,L,2023-11-13 04:44:00+00:00,2023-11-17 03:39:00-05:00,-0.6595299999999935
USDJPY,age12_adx-_er-,12,,,L,2024-01-05 06:19:00+00:00,2024-01-24 08:25:00-05:00,0.4252550000000052
USDJPY,age12_adx-_er-,12,,,L,2024-02-05 00:37:00+00:00,2024-02-27 03:20:00-05:00,0.5048799999999918
USDJPY,age12_adx-_er-,12,,,L,2024-03-19 15:38:00+00:00,2024-04-04 14:53:00-04:00,0.17280999999999835
USDJPY,age12_adx-_er-,12,,,L,2024-04-10 12:30:00+00:00,2024-04-29 03:35:00-04:00,2.2739850000000077
USDJPY,age12_adx-_er-,12,,,L,2024-05-22 20:44:00+00:00,2024-05-30 03:11:00-04:00,-0.21858999999999298
USDJPY,age12_adx-_er-,12,,,L,2024-06-14 03:24:00+00:00,2024-07-04 23:19:00-04:00,1.529339999999994
GBPUSD,age12_adx-_er-,12,,,L,2024-11-05 21:59:00+00:00,2024-11-06 07:32:00-05:00,-1.0066119000000093
USDCHF,age12_adx-_er-,12,,,S,2024-11-27 16:49:00+00:00,2024-12-01 22:23:00-05:00,-0.3124963500000024
USDCHF,age12_adx-_er-,12,,,S,2024-12-05 15:57:00+00:00,2024-12-10 04:09:00-05:00,-0.11066095000000185
GBPUSD,age12_adx-_er-,12,,,S,2025-03-21 15:52:00+00:00,2025-03-27 08:30:00-04:00,-0.5449460000000034
GBPUSD,age12_adx-_er-,12,,,S,2025-04-04 17:07:00+00:00,2025-04-15 00:26:00-04:00,-1.003991000000003
EURUSD,age12_adx-_er-,12,,,L,2025-05-25 23:19:00+00:00,2025-05-28 19:36:00-04:00,-1.0043124499999996
EURUSD,age12_adx-_er-,12,,,L,2025-06-02 07:24:00+00:00,2025-06-17 13:45:00-04:00,0.3341569500000013
EURUSD,age12_adx-_er-,12,,,L,2025-06-24 14:24:00+00:00,2025-07-07 12:23:00-04:00,0.4721990999999974
USDCHF,age12_adx-_er-,12,,,S,2025-06-02 07:42:00+00:00,2025-07-07 12:56:00-04:00,1.2445255000000004
EURUSD,age12_adx-_er-,12,,,L,2025-07-22 14:54:00+00:00,2025-07-29 02:34:00-04:00,-1.0033732999999936
USDCHF,age12_adx-_er-,12,,,S,2025-07-22 15:10:00+00:00,2025-07-29 02:57:00-04:00,-1.01475535
EURUSD,age12_adx-_er-,12,,,L,2025-08-13 07:09:00+00:00,2025-08-19 21:26:00-04:00,-0.6274251999999947
USDCHF,age12_adx-_er-,12,,,S,2025-08-13 07:30:00+00:00,2025-08-19 22:46:00-04:00,-0.5757538500000011
EURUSD,age12_adx-_er-,12,,,L,2025-08-22 15:27:00+00:00,2025-08-25 14:56:00-04:00,-1.0052121999999988
USDCHF,age12_adx-_er-,12,,,S,2025-08-22 14:18:00+00:00,2025-09-02 03:56:00-04:00,-0.20559305000000833
EURUSD,age12_adx-_er-,12,,,L,2025-09-05 12:30:00+00:00,2025-09-11 05:40:00-04:00,-0.42552605000000043
EURUSD,age12_adx-_er-,12,,,L,2025-09-16 03:31:00+00:00,2025-09-25 08:30:00-04:00,-0.45862189999999287
USDCHF,age12_adx-_er-,12,,,S,2025-09-05 13:12:00+00:00,2025-09-25 08:31:00-04:00,0.13456644999999365
USDJPY,age12_adx-_er-,12,,,L,2025-10-06 03:21:00+00:00,2025-10-14 22:08:00-04:00,0.3548599999999981
USDCHF,age12_adx-_er-,12,,,S,2025-10-16 01:20:00+00:00,2025-10-21 05:55:00-04:00,0.011446850000007567
USDJPY,age12_adx-_er-,12,,,L,2025-10-30 06:40:00+00:00,2025-11-06 12:07:00-05:00,-0.1835149999999987
USDJPY,age12_adx-_er-,12,,,L,2025-11-11 01:28:00+00:00,2025-11-14 08:20:00-05:00,-0.4921050000000015
EURUSD,age12_adx-_er-,12,,,L,2025-12-03 10:15:00+00:00,2025-12-19 08:21:00-05:00,0.4655310999999967
USDJPY,age20_adx-_er-,20,,,S,2021-01-04 07:46:00+00:00,2021-01-06 10:29:00-05:00,-0.4502500000000031
GBPUSD,age20_adx-_er-,20,,,L,2021-01-14 17:56:00+00:00,2021-01-26 01:37:00-05:00,-0.276280650000006
USDJPY,age20_adx-_er-,20,,,S,2021-01-20 15:18:00+00:00,2021-01-27 08:19:00-05:00,-0.738370000000011
GBPUSD,age20_adx-_er-,20,,,L,2021-01-27 00:16:00+00:00,2021-01-28 03:54:00-05:00,-1.0126489000000085
USDCHF,age20_adx-_er-,20,,,S,2021-02-16 01:25:00+00:00,2021-02-16 18:14:00-05:00,-1.0388425999999928
GBPUSD,age20_adx-_er-,20,,,L,2021-02-09 01:26:00+00:00,2021-03-01 21:51:00-05:00,0.6598194000000035
GBPUSD,age20_adx-_er-,20,,,L,2021-04-02 03:20:00+00:00,2021-04-09 01:59:00-04:00,-1.0100108499999991
GBPUSD,age20_adx-_er-,20,,,L,2021-04-19 10:58:00+00:00,2021-04-30 10:06:00-04:00,-0.30438910000000347
GBPUSD,age20_adx-_er-,20,,,L,2021-05-07 14:43:00+00:00,2021-05-26 13:09:00-04:00,1.1613312500000053
GBPUSD,age20_adx-_er-,20,,,L,2021-06-01 01:12:00+00:00,2021-06-02 03:26:00-04:00,-1.0148218499999857
GBPUSD,age20_adx-_er-,20,,,L,2021-07-09 20:07:00+00:00,2021-07-16 03:31:00-04:00,-0.6352858500000104
USDJPY,age20_adx-_er-,20,,,L,2021-11-16 14:01:00+00:00,2021-11-19 05:04:00-05:00,-0.8251249999999898
USDJPY,age20_adx-_er-,20,,,L,2021-11-23 02:14:00+00:00,2021-11-26 09:47:00-05:00,-0.9965550000000002
USDJPY,age20_adx-_er-,20,,,L,2021-12-15 18:10:00+00:00,2021-12-17 07:52:00-05:00,-1.0020199999999926
USDJPY,age20_adx-_er-,20,,,L,2021-12-22 08:25:00+00:00,2022-01-03 06:10:00-05:00,0.652150000000008
USDJPY,age20_adx-_er-,20,,,L,2022-01-27 09:20:00+00:00,2022-02-17 03:28:00-05:00,-0.030320000000001075
USDJPY,age20_adx-_er-,20,,,L,2022-03-03 08:15:00+00:00,2022-03-04 11:37:00-05:00,-0.9992350000000115
EURUSD,age20_adx-_er-,20,,,S,2022-02-24 00:56:00+00:00,2022-03-16 07:44:00-04:00,2.9925480499999826
GBPUSD,age20_adx-_er-,20,,,S,2022-02-15 14:57:00+00:00,2022-03-17 07:10:00-04:00,1.9211630499999977
USDCHF,age20_adx-_er-,20,,,L,2022-03-08 09:46:00+00:00,2022-03-24 19:23:00-04:00,0.025327549999997218
EURUSD,age20_adx-_er-,20,,,S,2022-03-28 01:22:00+00:00,2022-03-29 05:45:00-04:00,-0.43903020000000226
USDJPY,age20_adx-_er-,20,,,L,2022-03-09 00:16:00+00:00,2022-03-31 10:59:00-04:00,4.761634999999996
GBPUSD,age20_adx-_er-,20,,,S,2022-04-06 06:09:00+00:00,2022-04-13 11:30:00-04:00,-0.05343569999999692
EURUSD,age20_adx-_er-,20,,,S,2022-04-05 14:19:00+00:00,2022-04-21 03:43:00-04:00,0.08782074999999749
USDJPY,age20_adx-_er-,20,,,L,2022-04-11 06:16:00+00:00,2022-04-25 09:47:00-04:00,1.5908899999999973
EURUSD,age20_adx-_er-,20,,,S,2022-04-25 06:13:00+00:00,2022-05-04 14:43:00-04:00,1.0032002499999972
USDJPY,age20_adx-_er-,20,,,L,2022-04-28 03:13:00+00:00,2022-05-04 14:46:00-04:00,0.11643499999999872
GBPUSD,age20_adx-_er-,20,,,S,2022-04-22 06:47:00+00:00,2022-05-04 15:49:00-04:00,2.043360049999994
USDJPY,age20_adx-_er-,20,,,L,2022-05-09 06:53:00+00:00,2022-05-11 05:01:00-04:00,-0.5538650000000029
GBPUSD,age20_adx-_er-,20,,,S,2022-05-05 11:40:00+00:00,2022-05-17 03:09:00-04:00,0.04834270000000818
USDCHF,age20_adx-_er-,20,,,L,2022-04-14 11:53:00+00:00,2022-05-18 10:43:00-04:00,6.235663450000008
EURUSD,age20_adx-_er-,20,,,S,2022-05-12 07:12:00+00:00,2022-05-19 09:45:00-04:00,-0.5144758500000023
GBPUSD,age20_adx-_er-,20,,,S,2022-06-07 05:56:00+00:00,2022-06-07 11:54:00-04:00,-1.0096838999999846
USDJPY,age20_adx-_er-,20,,,L,2022-06-01 14:11:00+00:00,2022-06-15 15:29:00-04:00,1.1624849999999993
EURUSD,age20_adx-_er-,20,,,S,2022-06-09 17:19:00+00:00,2022-06-16 11:13:00-04:00,0.8665895999999931
GBPUSD,age20_adx-_er-,20,,,S,2022-06-10 11:34:00+00:00,2022-06-24 10:02:00-04:00,0.6797027500000032
EURUSD,age20_adx-_er-,20,,,S,2022-07-05 08:06:00+00:00,2022-07-18 03:07:00-04:00,1.8282288999999992
GBPUSD,age20_adx-_er-,20,,,S,2022-06-29 09:59:00+00:00,2022-07-18 05:41:00-04:00,1.1198625499999948
USDJPY,age20_adx-_er-,20,,,L,2022-06-21 10:56:00+00:00,2022-07-21 16:17:00-04:00,0.42823499999999576
EURUSD,age20_adx-_er-,20,,,S,2022-08-16 11:31:00+00:00,2022-08-25 02:17:00-04:00,0.41906859999999857
GBPUSD,age20_adx-_er-,20,,,S,2022-08-18 06:47:00+00:00,2022-08-26 09:07:00-04:00,0.5018798499999946
GBPUSD,age20_adx-_er-,20,,,S,2022-08-28 22:09:00+00:00,2022-09-05 20:38:00-04:00,0.8662842000000001
EURUSD,age20_adx-_er-,20,,,S,2022-09-05 05:04:00+00:00,2022-09-07 13:05:00-04:00,-0.48652970000000223
USDJPY,age20_adx-_er-,20,,,L,2022-08-18 16:59:00+00:00,2022-09-22 04:20:00-04:00,2.3295450000000053
USDJPY,age20_adx-_er-,20,,,L,2022-10-03 04:02:00+00:00,2022-10-03 11:15:00-04:00,-0.6999199999999979
GBPUSD,age20_adx-_er-,20,,,S,2022-09-16 07:39:00+00:00,2022-10-04 01:54:00-04:00,0.2145998500000045
EURUSD,age20_adx-_er-,20,,,S,2022-09-21 18:00:00+00:00,2022-10-04 02:06:00-04:00,0.051565999999997614
USDJPY,age20_adx-_er-,20,,,L,2022-10-07 12:51:00+00:00,2022-10-21 11:14:00-04:00,1.5573400000000013
USDJPY,age20_adx-_er-,20,,,L,2022-12-13 00:28:00+00:00,2022-12-13 08:30:00-05:00,-0.9925150000000041
AUDUSD,age20_adx-_er-,20,,,S,2022-12-20 03:51:00+00:00,2022-12-21 21:42:00-05:00,-0.35748739999999957
USDJPY,age20_adx-_er-,20,,,L,2023-01-06 09:21:00+00:00,2023-01-12 04:19:00-05:00,-0.6387199999999996
EURUSD,age20_adx-_er-,20,,,L,2023-06-08 15:30:00+00:00,2023-06-20 09:04:00-04:00,1.140070849999999
EURUSD,age20_adx-_er-,20,,,L,2023-06-21 16:51:00+00:00,2023-06-23 03:15:00-04:00,-1.0083158999999875
EURUSD,age20_adx-_er-,20,,,L,2023-07-11 01:31:00+00:00,2023-07-19 02:42:00-04:00,1.0629094500000078
EURUSD,age20_adx-_er-,20,,,L,2023-08-10 12:30:00+00:00,2023-08-14 02:01:00-04:00,-1.0046904500000158
USDCHF,age20_adx-_er-,20,,,S,2023-08-30 13:31:00+00:00,2023-09-01 12:00:00-04:00,-0.8674732499999961
EURUSD,age20_adx-_er-,20,,,L,2023-08-30 13:34:00+00:00,2023-09-01 12:04:00-04:00,-0.902192900000001
USDJPY,age20_adx-_er-,20,,,L,2023-10-25 17:04:00+00:00,2023-10-30 03:02:00-04:00,-1.0032350000000023
USDJPY,age20_adx-_er-,20,,,L,2023-10-31 12:35:00+00:00,2023-11-03 08:46:00-04:00,-0.9980900000000019
USDJPY,age20_adx-_er-,20,,,L,2023-11-13 04:44:00+00:00,2023-11-17 03:39:00-05:00,-0.6595299999999935
USDJPY,age20_adx-_er-,20,,,L,2024-01-05 06:19:00+00:00,2024-01-24 08:25:00-05:00,0.4252550000000052
USDJPY,age20_adx-_er-,20,,,L,2024-02-05 00:37:00+00:00,2024-02-27 03:20:00-05:00,0.5048799999999918
USDJPY,age20_adx-_er-,20,,,L,2024-03-19 15:38:00+00:00,2024-04-04 14:53:00-04:00,0.17280999999999835
USDJPY,age20_adx-_er-,20,,,L,2024-04-10 12:30:00+00:00,2024-04-29 03:35:00-04:00,2.2739850000000077
USDJPY,age20_adx-_er-,20,,,L,2024-05-22 20:44:00+00:00,2024-05-30 03:11:00-04:00,-0.21858999999999298
USDJPY,age20_adx-_er-,20,,,L,2024-06-14 03:24:00+00:00,2024-07-04 23:19:00-04:00,1.529339999999994
USDCHF,age20_adx-_er-,20,,,S,2024-12-05 15:57:00+00:00,2024-12-10 04:09:00-05:00,-0.11066095000000185
EURUSD,age20_adx-_er-,20,,,L,2025-07-22 14:54:00+00:00,2025-07-29 02:34:00-04:00,-1.0033732999999936
USDCHF,age20_adx-_er-,20,,,S,2025-07-22 15:10:00+00:00,2025-07-29 02:57:00-04:00,-1.01475535
EURUSD,age20_adx-_er-,20,,,L,2025-08-13 07:09:00+00:00,2025-08-19 21:26:00-04:00,-0.6274251999999947
USDCHF,age20_adx-_er-,20,,,S,2025-08-13 07:30:00+00:00,2025-08-19 22:46:00-04:00,-0.5757538500000011
EURUSD,age20_adx-_er-,20,,,L,2025-08-22 15:27:00+00:00,2025-08-25 14:56:00-04:00,-1.0052121999999988
USDCHF,age20_adx-_er-,20,,,S,2025-08-22 14:18:00+00:00,2025-09-02 03:56:00-04:00,-0.20559305000000833
EURUSD,age20_adx-_er-,20,,,L,2025-09-05 12:30:00+00:00,2025-09-11 05:40:00-04:00,-0.42552605000000043
EURUSD,age20_adx-_er-,20,,,L,2025-09-16 03:31:00+00:00,2025-09-25 08:30:00-04:00,-0.45862189999999287
USDCHF,age20_adx-_er-,20,,,S,2025-09-05 13:12:00+00:00,2025-09-25 08:31:00-04:00,0.13456644999999365
USDCHF,age20_adx-_er-,20,,,S,2025-10-16 01:20:00+00:00,2025-10-21 05:55:00-04:00,0.011446850000007567
EURUSD,age20_adx-_er-,20,,,L,2025-12-03 10:15:00+00:00,2025-12-19 08:21:00-05:00,0.4655310999999967
GBPUSD,age30_adx-_er-,30,,,L,2021-01-14 17:56:00+00:00,2021-01-26 01:37:00-05:00,-0.276280650000006
GBPUSD,age30_adx-_er-,30,,,L,2021-01-27 00:16:00+00:00,2021-01-28 03:54:00-05:00,-1.0126489000000085
USDCHF,age30_adx-_er-,30,,,S,2021-02-16 01:25:00+00:00,2021-02-16 18:14:00-05:00,-1.0388425999999928
GBPUSD,age30_adx-_er-,30,,,L,2021-02-09 01:26:00+00:00,2021-03-01 21:51:00-05:00,0.6598194000000035
GBPUSD,age30_adx-_er-,30,,,L,2021-04-02 03:20:00+00:00,2021-04-09 01:59:00-04:00,-1.0100108499999991
GBPUSD,age30_adx-_er-,30,,,L,2021-04-19 10:58:00+00:00,2021-04-30 10:06:00-04:00,-0.30438910000000347
GBPUSD,age30_adx-_er-,30,,,L,2021-05-07 14:43:00+00:00,2021-05-26 13:09:00-04:00,1.1613312500000053
GBPUSD,age30_adx-_er-,30,,,L,2021-06-01 01:12:00+00:00,2021-06-02 03:26:00-04:00,-1.0148218499999857
GBPUSD,age30_adx-_er-,30,,,L,2021-07-09 20:07:00+00:00,2021-07-16 03:31:00-04:00,-0.6352858500000104
USDJPY,age30_adx-_er-,30,,,L,2022-01-27 09:20:00+00:00,2022-02-17 03:28:00-05:00,-0.030320000000001075
USDJPY,age30_adx-_er-,30,,,L,2022-03-03 08:15:00+00:00,2022-03-04 11:37:00-05:00,-0.9992350000000115
USDJPY,age30_adx-_er-,30,,,L,2022-03-09 00:16:00+00:00,2022-03-31 10:59:00-04:00,4.761634999999996
USDJPY,age30_adx-_er-,30,,,L,2022-04-11 06:16:00+00:00,2022-04-25 09:47:00-04:00,1.5908899999999973
EURUSD,age30_adx-_er-,30,,,S,2022-04-25 06:13:00+00:00,2022-05-04 14:43:00-04:00,1.0032002499999972
USDJPY,age30_adx-_er-,30,,,L,2022-04-28 03:13:00+00:00,2022-05-04 14:46:00-04:00,0.11643499999999872
USDJPY,age30_adx-_er-,30,,,L,2022-05-09 06:53:00+00:00,2022-05-11 05:01:00-04:00,-0.5538650000000029
GBPUSD,age30_adx-_er-,30,,,S,2022-05-05 11:40:00+00:00,2022-05-17 03:09:00-04:00,0.04834270000000818
USDCHF,age30_adx-_er-,30,,,L,2022-04-14 11:53:00+00:00,2022-05-18 10:43:00-04:00,6.235663450000008
EURUSD,age30_adx-_er-,30,,,S,2022-05-12 07:12:00+00:00,2022-05-19 09:45:00-04:00,-0.5144758500000023
GBPUSD,age30_adx-_er-,30,,,S,2022-06-07 05:56:00+00:00,2022-06-07 11:54:00-04:00,-1.0096838999999846
USDJPY,age30_adx-_er-,30,,,L,2022-06-01 14:11:00+00:00,2022-06-15 15:29:00-04:00,1.1624849999999993
EURUSD,age30_adx-_er-,30,,,S,2022-06-09 17:19:00+00:00,2022-06-16 11:13:00-04:00,0.8665895999999931
GBPUSD,age30_adx-_er-,30,,,S,2022-06-10 11:34:00+00:00,2022-06-24 10:02:00-04:00,0.6797027500000032
EURUSD,age30_adx-_er-,30,,,S,2022-07-05 08:06:00+00:00,2022-07-18 03:07:00-04:00,1.8282288999999992
GBPUSD,age30_adx-_er-,30,,,S,2022-06-29 09:59:00+00:00,2022-07-18 05:41:00-04:00,1.1198625499999948
USDJPY,age30_adx-_er-,30,,,L,2022-06-21 10:56:00+00:00,2022-07-21 16:17:00-04:00,0.42823499999999576
EURUSD,age30_adx-_er-,30,,,S,2022-08-16 11:31:00+00:00,2022-08-25 02:17:00-04:00,0.41906859999999857
GBPUSD,age30_adx-_er-,30,,,S,2022-08-18 06:47:00+00:00,2022-08-26 09:07:00-04:00,0.5018798499999946
GBPUSD,age30_adx-_er-,30,,,S,2022-08-28 22:09:00+00:00,2022-09-05 20:38:00-04:00,0.8662842000000001
EURUSD,age30_adx-_er-,30,,,S,2022-09-05 05:04:00+00:00,2022-09-07 13:05:00-04:00,-0.48652970000000223
USDJPY,age30_adx-_er-,30,,,L,2022-08-18 16:59:00+00:00,2022-09-22 04:20:00-04:00,2.3295450000000053
USDJPY,age30_adx-_er-,30,,,L,2022-10-03 04:02:00+00:00,2022-10-03 11:15:00-04:00,-0.6999199999999979
GBPUSD,age30_adx-_er-,30,,,S,2022-09-16 07:39:00+00:00,2022-10-04 01:54:00-04:00,0.2145998500000045
EURUSD,age30_adx-_er-,30,,,S,2022-09-21 18:00:00+00:00,2022-10-04 02:06:00-04:00,0.051565999999997614
USDJPY,age30_adx-_er-,30,,,L,2022-10-07 12:51:00+00:00,2022-10-21 11:14:00-04:00,1.5573400000000013
USDJPY,age30_adx-_er-,30,,,L,2022-12-13 00:28:00+00:00,2022-12-13 08:30:00-05:00,-0.9925150000000041
USDJPY,age30_adx-_er-,30,,,L,2023-01-06 09:21:00+00:00,2023-01-12 04:19:00-05:00,-0.6387199999999996
EURUSD,age30_adx-_er-,30,,,L,2023-08-10 12:30:00+00:00,2023-08-14 02:01:00-04:00,-1.0046904500000158
EURUSD,age30_adx-_er-,30,,,L,2023-08-30 13:34:00+00:00,2023-09-01 12:04:00-04:00,-0.902192900000001
USDJPY,age30_adx-_er-,30,,,L,2024-01-05 06:19:00+00:00,2024-01-24 08:25:00-05:00,0.4252550000000052
USDJPY,age30_adx-_er-,30,,,L,2024-02-05 00:37:00+00:00,2024-02-27 03:20:00-05:00,0.5048799999999918
USDJPY,age30_adx-_er-,30,,,L,2024-03-19 15:38:00+00:00,2024-04-04 14:53:00-04:00,0.17280999999999835
USDJPY,age30_adx-_er-,30,,,L,2024-04-10 12:30:00+00:00,2024-04-29 03:35:00-04:00,2.2739850000000077
USDJPY,age30_adx-_er-,30,,,L,2024-05-22 20:44:00+00:00,2024-05-30 03:11:00-04:00,-0.21858999999999298
USDJPY,age30_adx-_er-,30,,,L,2024-06-14 03:24:00+00:00,2024-07-04 23:19:00-04:00,1.529339999999994
USDCHF,age30_adx-_er-,30,,,S,2025-10-16 01:20:00+00:00,2025-10-21 05:55:00-04:00,0.011446850000007567
EURUSD,age30_adx-_er-,30,,,L,2025-12-03 10:15:00+00:00,2025-12-19 08:21:00-05:00,0.4655310999999967
USDCHF,age36_adx-_er-,36,,,S,2021-02-16 01:25:00+00:00,2021-02-16 18:14:00-05:00,-1.0388425999999928
GBPUSD,age36_adx-_er-,36,,,L,2021-02-09 01:26:00+00:00,2021-03-01 21:51:00-05:00,0.6598194000000035
GBPUSD,age36_adx-_er-,36,,,L,2021-04-02 03:20:00+00:00,2021-04-09 01:59:00-04:00,-1.0100108499999991
GBPUSD,age36_adx-_er-,36,,,L,2021-04-19 10:58:00+00:00,2021-04-30 10:06:00-04:00,-0.30438910000000347
GBPUSD,age36_adx-_er-,36,,,L,2021-05-07 14:43:00+00:00,2021-05-26 13:09:00-04:00,1.1613312500000053
GBPUSD,age36_adx-_er-,36,,,L,2021-06-01 01:12:00+00:00,2021-06-02 03:26:00-04:00,-1.0148218499999857
GBPUSD,age36_adx-_er-,36,,,L,2021-07-09 20:07:00+00:00,2021-07-16 03:31:00-04:00,-0.6352858500000104
USDJPY,age36_adx-_er-,36,,,L,2022-03-03 08:15:00+00:00,2022-03-04 11:37:00-05:00,-0.9992350000000115
USDJPY,age36_adx-_er-,36,,,L,2022-03-09 00:16:00+00:00,2022-03-31 10:59:00-04:00,4.761634999999996
USDJPY,age36_adx-_er-,36,,,L,2022-04-11 06:16:00+00:00,2022-04-25 09:47:00-04:00,1.5908899999999973
USDJPY,age36_adx-_er-,36,,,L,2022-04-28 03:13:00+00:00,2022-05-04 14:46:00-04:00,0.11643499999999872
USDJPY,age36_adx-_er-,36,,,L,2022-05-09 06:53:00+00:00,2022-05-11 05:01:00-04:00,-0.5538650000000029
GBPUSD,age36_adx-_er-,36,,,S,2022-06-07 05:56:00+00:00,2022-06-07 11:54:00-04:00,-1.0096838999999846
USDJPY,age36_adx-_er-,36,,,L,2022-06-01 14:11:00+00:00,2022-06-15 15:29:00-04:00,1.1624849999999993
EURUSD,age36_adx-_er-,36,,,S,2022-06-09 17:19:00+00:00,2022-06-16 11:13:00-04:00,0.8665895999999931
GBPUSD,age36_adx-_er-,36,,,S,2022-06-10 11:34:00+00:00,2022-06-24 10:02:00-04:00,0.6797027500000032
EURUSD,age36_adx-_er-,36,,,S,2022-07-05 08:06:00+00:00,2022-07-18 03:07:00-04:00,1.8282288999999992
GBPUSD,age36_adx-_er-,36,,,S,2022-06-29 09:59:00+00:00,2022-07-18 05:41:00-04:00,1.1198625499999948
USDJPY,age36_adx-_er-,36,,,L,2022-06-21 10:56:00+00:00,2022-07-21 16:17:00-04:00,0.42823499999999576
EURUSD,age36_adx-_er-,36,,,S,2022-08-16 11:31:00+00:00,2022-08-25 02:17:00-04:00,0.41906859999999857
GBPUSD,age36_adx-_er-,36,,,S,2022-08-18 06:47:00+00:00,2022-08-26 09:07:00-04:00,0.5018798499999946
GBPUSD,age36_adx-_er-,36,,,S,2022-08-28 22:09:00+00:00,2022-09-05 20:38:00-04:00,0.8662842000000001
EURUSD,age36_adx-_er-,36,,,S,2022-09-05 05:04:00+00:00,2022-09-07 13:05:00-04:00,-0.48652970000000223
USDJPY,age36_adx-_er-,36,,,L,2022-08-18 16:59:00+00:00,2022-09-22 04:20:00-04:00,2.3295450000000053
USDJPY,age36_adx-_er-,36,,,L,2022-10-03 04:02:00+00:00,2022-10-03 11:15:00-04:00,-0.6999199999999979
GBPUSD,age36_adx-_er-,36,,,S,2022-09-16 07:39:00+00:00,2022-10-04 01:54:00-04:00,0.2145998500000045
EURUSD,age36_adx-_er-,36,,,S,2022-09-21 18:00:00+00:00,2022-10-04 02:06:00-04:00,0.051565999999997614
USDJPY,age36_adx-_er-,36,,,L,2022-10-07 12:51:00+00:00,2022-10-21 11:14:00-04:00,1.5573400000000013
USDJPY,age36_adx-_er-,36,,,L,2022-12-13 00:28:00+00:00,2022-12-13 08:30:00-05:00,-0.9925150000000041
USDJPY,age36_adx-_er-,36,,,L,2023-01-06 09:21:00+00:00,2023-01-12 04:19:00-05:00,-0.6387199999999996
USDJPY,age36_adx-_er-,36,,,L,2024-02-05 00:37:00+00:00,2024-02-27 03:20:00-05:00,0.5048799999999918
USDJPY,age36_adx-_er-,36,,,L,2024-03-19 15:38:00+00:00,2024-04-04 14:53:00-04:00,0.17280999999999835
USDJPY,age36_adx-_er-,36,,,L,2024-04-10 12:30:00+00:00,2024-04-29 03:35:00-04:00,2.2739850000000077
USDJPY,age36_adx-_er-,36,,,L,2024-05-22 20:44:00+00:00,2024-05-30 03:11:00-04:00,-0.21858999999999298
USDJPY,age36_adx-_er-,36,,,L,2024-06-14 03:24:00+00:00,2024-07-04 23:19:00-04:00,1.529339999999994
EURUSD,age36_adx-_er-,36,,,L,2025-12-03 10:15:00+00:00,2025-12-19 08:21:00-05:00,0.4655310999999967
