Size,EntryBar,ExitBar,EntryPrice,ExitPrice,SL,TP,PnL,Commission,ReturnPct,EntryTime,ExitTime,Duration,Tag,Entry_Range Upper (4H Swing High),Exit_Range Upper (4H Swing High),Entry_Range Lower (4H Swing Low),Exit_Range Lower (4H Swing Low),Entry_Upper Valid,Exit_Upper Valid,Entry_Lower Valid,Exit_Lower Valid,"Entry_ATR (Signal, EMA)","Exit_ATR (Signal, EMA)",Entry_Dow Trend (Weekly),Exit_Dow Trend (Weekly),Entry_Dow Trend (4H),Exit_Dow Trend (4H),Entry_Confirm Long,Exit_Confirm Long,Entry_Confirm Short,Exit_Confirm Short,Entry_New 4H Bar,Exit_New 4H Bar
952,105467,107874,108.767,108.557,108.557,108.977,-202.726,2.806,-0.002,2021-04-15 05:01:00-04:00,2021-04-18 22:10:00-04:00,3 days 17:09:00,,109.959,109.959,108.754,108.611,1.000,1.000,0.000,1.000,0.210,0.181,0.000,0.000,-1.000,-1.000,1.000,0.000,0.000,0.000,0.000,0.000
1081,108045,108116,108.661,108.476,108.476,108.846,-203.169,3.184,-0.002,2021-04-19 01:01:00-04:00,2021-04-19 02:12:00-04:00,0 days 01:11:00,,109.959,109.959,108.611,108.611,1.000,1.000,0.000,0.000,0.185,0.185,0.000,0.000,-1.000,-1.000,1.000,1.000,0.000,0.000,0.000,0.000
873,112602,114202,108.029,107.800,107.800,108.258,-202.472,2.555,-0.002,2021-04-22 05:01:00-04:00,2021-04-23 07:42:00-04:00,1 days 02:41:00,,108.966,108.966,107.876,107.876,1.000,1.000,0.000,0.000,0.229,0.214,0.000,0.000,-1.000,-1.000,1.000,0.000,0.000,0.000,0.000,0.000
-823,116619,117197,108.224,108.467,108.467,107.981,-202.408,2.419,-0.002,2021-04-27 01:01:00-04:00,2021-04-27 10:39:00-04:00,0 days 09:38:00,,108.234,108.234,107.478,107.478,0.000,0.000,1.000,1.000,0.243,0.240,0.000,0.000,1.000,1.000,0.000,0.000,1.000,0.000,0.000,0.000
-711,120217,121527,108.896,109.177,109.177,108.615,-201.894,2.103,-0.003,2021-04-29 13:01:00-04:00,2021-04-30 10:52:00-04:00,0 days 21:51:00,,109.078,109.078,107.478,108.436,0.000,0.000,1.000,1.000,0.281,0.246,0.000,0.000,1.000,1.000,0.000,0.000,1.000,0.000,0.000,0.000
719,128551,128585,108.534,108.812,108.256,108.812,197.763,2.119,0.003,2021-05-07 09:01:00-04:00,2021-05-07 09:35:00-04:00,0 days 00:34:00,,109.698,109.698,108.436,108.436,1.000,1.000,0.000,0.000,0.278,0.278,0.000,0.000,-1.000,-1.000,1.000,1.000,0.000,0.000,0.000,0.000
-675,133288,135312,109.661,109.365,109.957,109.365,197.795,2.005,0.003,2021-05-12 17:02:00-04:00,2021-05-14 02:47:00-04:00,1 days 09:45:00,,109.698,109.787,108.349,108.349,0.000,1.000,1.000,1.000,0.296,0.240,0.000,0.000,1.000,1.000,0.000,0.000,1.000,0.000,0.000,0.000
1081,145399,145485,108.742,108.927,108.557,108.927,196.794,3.191,0.002,2021-05-25 05:01:00-04:00,2021-05-25 06:27:00-04:00,0 days 01:26:00,,109.005,109.005,108.612,108.612,1.000,1.000,0.000,0.000,0.185,0.185,0.000,0.000,-1.000,-1.000,1.000,1.000,0.000,0.000,0.000,0.000
-961,175138,175440,110.793,111.001,111.001,110.585,-202.779,2.891,-0.002,2021-06-23 01:01:00-04:00,2021-06-23 06:03:00-04:00,0 days 05:02:00,,110.824,110.824,109.717,109.717,0.000,0.000,1.000,1.000,0.208,0.202,0.000,0.000,0.000,0.000,0.000,0.000,1.000,0.000,0.000,0.000
408,776046,776105,129.277,129.767,128.787,129.767,198.487,1.433,0.004,2023-02-01 13:01:00-05:00,2023-02-01 14:00:00-05:00,0 days 00:59:00,,130.570,130.570,129.207,129.207,1.000,1.000,0.000,0.000,0.490,0.490,0.000,0.000,-1.000,-1.000,1.000,1.000,0.000,0.000,0.000,0.000
-312,787558,788043,132.585,131.944,133.226,131.944,198.873,1.119,0.005,2023-02-13 13:01:00-05:00,2023-02-13 21:07:00-05:00,0 days 08:06:00,,132.901,132.901,129.808,129.808,0.000,0.000,1.000,1.000,0.641,0.596,0.000,0.000,0.000,0.000,0.000,0.000,1.000,0.000,0.000,0.000
-471,796192,797304,134.798,134.374,135.222,134.374,197.985,1.719,0.003,2023-02-21 13:01:00-05:00,2023-02-22 07:34:00-05:00,0 days 18:33:00,,135.116,135.116,133.922,133.922,0.000,0.000,1.000,1.000,0.424,0.402,0.000,0.000,1.000,1.000,0.000,0.000,1.000,0.000,0.000,0.000
215,819149,819249,132.727,133.654,131.800,133.654,198.528,0.777,0.007,2023-03-15 13:01:00-04:00,2023-03-15 14:41:00-04:00,0 days 01:40:00,,136.992,136.992,132.286,132.286,1.000,1.000,0.000,0.000,0.927,0.927,0.000,0.000,-1.000,-1.000,1.000,1.000,0.000,0.000,0.000,0.000
238,822266,822800,131.899,131.062,131.062,132.736,-200.055,0.849,-0.006,2023-03-19 18:02:00-04:00,2023-03-20 02:56:00-04:00,0 days 08:54:00,,133.827,133.827,131.720,131.720,1.000,1.000,0.000,0.000,0.837,0.853,0.000,0.000,-1.000,-1.000,1.000,0.000,0.000,0.000,0.000,0.000
290,827002,827370,130.727,131.416,130.038,131.416,198.779,1.031,0.005,2023-03-23 01:01:00-04:00,2023-03-23 07:09:00-04:00,0 days 06:08:00,,133.827,133.827,130.543,130.543,1.000,1.000,0.000,0.000,0.689,0.690,0.000,0.000,-1.000,-1.000,1.000,0.000,0.000,0.000,0.000,0.000
-348,832698,833122,131.718,132.292,132.292,131.144,-200.998,1.246,-0.004,2023-03-29 01:01:00-04:00,2023-03-29 08:05:00-04:00,0 days 07:04:00,,131.760,131.760,129.644,129.644,0.000,0.000,1.000,1.000,0.574,0.559,0.000,0.000,1.000,1.000,0.000,0.000,1.000,0.000,0.000,0.000
-350,844810,845690,133.627,133.056,134.198,133.056,198.584,1.266,0.004,2023-04-10 13:01:00-04:00,2023-04-11 03:42:00-04:00,0 days 14:41:00,,133.756,133.756,130.632,130.632,0.000,0.000,1.000,1.000,0.571,0.498,0.000,0.000,0.000,0.000,0.000,0.000,1.000,0.000,0.000,0.000
-447,846968,847417,133.773,133.326,134.220,133.326,198.190,1.619,0.003,2023-04-12 01:01:00-04:00,2023-04-12 08:30:00-04:00,0 days 07:29:00,,133.872,133.872,130.632,130.632,0.000,0.000,1.000,1.000,0.447,0.443,0.000,0.000,1.000,1.000,0.000,0.000,1.000,0.000,0.000,0.000
522,860757,861411,133.805,133.422,133.422,134.188,-201.818,1.892,-0.003,2023-04-25 17:03:00-04:00,2023-04-26 03:57:00-04:00,0 days 10:54:00,,134.731,134.731,133.552,133.552,1.000,1.000,0.000,0.000,0.383,0.377,0.000,0.000,-1.000,-1.000,1.000,0.000,0.000,0.000,0.000,0.000
-264,1342856,1344844,147.259,146.504,148.014,146.504,198.268,1.052,0.005,2024-08-12 13:01:00-04:00,2024-08-13 22:12:00-04:00,1 days 09:11:00,,147.821,148.226,146.268,146.268,0.000,1.000,1.000,1.000,0.755,0.609,0.000,0.000,1.000,-1.000,0.000,0.000,1.000,0.000,0.000,0.000
302,1345013,1345464,146.883,147.545,146.221,147.545,198.718,1.206,0.004,2024-08-14 01:01:00-04:00,2024-08-14 08:32:00-04:00,0 days 07:31:00,,148.226,148.226,146.268,146.268,1.000,1.000,0.000,0.000,0.662,0.669,0.000,0.000,-1.000,-1.000,1.000,0.000,0.000,0.000,0.000,0.000
257,1349270,1349326,146.277,145.499,145.499,147.055,-200.963,1.017,-0.005,2024-08-19 01:01:00-04:00,2024-08-19 01:57:00-04:00,0 days 00:56:00,,149.400,149.400,146.071,146.071,1.000,1.000,0.000,0.000,0.778,0.778,0.000,0.000,0.000,0.000,1.000,1.000,0.000,0.000,0.000,0.000
276,1351908,1352318,145.501,146.225,144.777,146.225,198.732,1.092,0.005,2024-08-20 21:01:00-04:00,2024-08-21 03:51:00-04:00,0 days 06:50:00,,149.400,149.400,145.187,145.187,1.000,1.000,0.000,0.000,0.724,0.701,0.000,0.000,-1.000,-1.000,1.000,0.000,0.000,0.000,0.000,0.000
337,1367612,1367934,143.695,143.103,143.103,144.287,-200.815,1.311,-0.004,2024-09-04 21:01:00-04:00,2024-09-05 02:23:00-04:00,0 days 05:22:00,,147.210,147.210,143.684,143.684,1.000,1.000,0.000,0.000,0.592,0.580,0.000,0.000,0.000,0.000,1.000,0.000,0.000,0.000,0.000,0.000
261,1376426,1377713,141.019,140.253,140.253,141.785,-200.922,0.996,-0.005,2024-09-13 01:01:00-04:00,2024-09-15 23:29:00-04:00,2 days 22:28:00,,147.210,143.045,140.709,140.709,1.000,1.000,0.000,0.000,0.766,0.684,0.000,-1.000,-1.000,-1.000,1.000,0.000,0.000,0.000,0.000,0.000
-300,1557752,1558195,148.187,148.853,148.853,147.521,-201.009,1.209,-0.005,2025-03-12 01:01:00-04:00,2025-03-12 08:24:00-04:00,0 days 07:23:00,,148.204,148.204,146.545,146.545,0.000,0.000,1.000,1.000,0.666,0.668,0.000,0.000,0.000,0.000,0.000,0.000,1.000,0.000,0.000,0.000
-449,1573941,1574633,150.715,151.160,151.160,150.270,-201.644,1.839,-0.003,2025-03-27 09:01:00-04:00,2025-03-27 20:34:00-04:00,0 days 11:33:00,,150.944,150.944,149.552,149.552,0.000,0.000,1.000,1.000,0.445,0.430,0.000,0.000,1.000,1.000,0.000,0.000,1.000,0.000,0.000,0.000
-315,1580117,1580175,149.166,148.532,149.800,148.532,198.438,1.272,0.004,2025-04-02 17:02:00-04:00,2025-04-02 18:00:00-04:00,0 days 00:58:00,,150.268,150.268,148.978,148.978,0.000,0.000,1.000,1.000,0.634,0.634,0.000,0.000,1.000,1.000,0.000,0.000,1.000,1.000,0.000,0.000
250,1593613,1594218,142.662,141.865,141.865,143.459,-200.215,0.965,-0.006,2025-04-16 05:01:00-04:00,2025-04-16 15:06:00-04:00,0 days 10:05:00,,148.282,148.282,142.064,142.064,1.000,1.000,0.000,0.000,0.797,0.740,0.000,0.000,-1.000,-1.000,1.000,0.000,0.000,0.000,0.000,0.000
-287,1617177,1617791,145.857,145.161,146.553,145.161,198.619,1.133,0.005,2025-05-08 17:02:00-04:00,2025-05-09 03:16:00-04:00,0 days 10:14:00,,145.926,145.926,142.354,142.354,0.000,0.000,1.000,1.000,0.696,0.661,0.000,0.000,0.000,0.000,0.000,0.000,1.000,0.000,0.000,0.000
-335,1619035,1619155,145.935,146.531,146.531,145.339,-200.989,1.329,-0.004,2025-05-12 01:01:00-04:00,2025-05-12 03:01:00-04:00,0 days 02:00:00,,146.190,146.190,142.354,142.354,0.000,0.000,1.000,1.000,0.596,0.596,0.000,0.000,1.000,1.000,0.000,0.000,1.000,1.000,0.000,0.000
-398,1649009,1650871,144.914,145.416,145.416,144.412,-201.363,1.567,-0.003,2025-06-10 01:01:00-04:00,2025-06-11 08:04:00-04:00,1 days 07:03:00,,145.092,145.293,142.533,143.976,0.000,1.000,1.000,1.000,0.502,0.438,0.000,0.000,1.000,1.000,0.000,0.000,1.000,0.000,0.000,0.000
-390,1650928,1651526,144.696,144.184,145.208,144.184,198.152,1.528,0.004,2025-06-11 09:01:00-04:00,2025-06-11 19:00:00-04:00,0 days 09:59:00,,145.293,145.293,143.976,143.976,0.000,0.000,1.000,1.000,0.512,0.519,0.000,0.000,1.000,1.000,0.000,0.000,1.000,0.000,0.000,0.000
