config,d1,entry,exit,Pair,Side,EntryTime,ExitTime,EntryPrice,ExitPrice,SL,TP,R,PB,IS,Year
none_h4w18_trail,none,h4w18,trail,USDCHF,L,2021-01-17 18:50:00-05:00,2021-01-19 03:01:00-05:00,0.89204,0.88984,0.88984,,-0.7034,,True,2021
n2_h4w18_trail,n2,h4w18,trail,USDCHF,L,2021-01-17 18:50:00-05:00,2021-01-19 03:01:00-05:00,0.89204,0.88984,0.88984,,-0.7034,,True,2021
none_h4w18_fixed,none,h4w18,fixed,USDCHF,L,2021-01-17 18:50:00-05:00,2021-01-19 04:31:00-05:00,0.89204,0.88864,0.88864,0.89772,-1.0563,,True,2021
n2_h4w18_fixed,n2,h4w18,fixed,USDCHF,L,2021-01-17 18:50:00-05:00,2021-01-19 04:31:00-05:00,0.89204,0.88864,0.88864,0.89772,-1.0563,,True,2021
none_h4w18_trail,none,h4w18,trail,EURUSD,L,2021-05-07 10:35:00-04:00,2021-05-10 16:28:00-04:00,1.215,1.21368,1.21368,,-0.3117,,True,2021
none_h4w18_fixed,none,h4w18,fixed,EURUSD,L,2021-05-07 10:35:00-04:00,2021-05-12 08:30:00-04:00,1.215,1.21058,1.21058,1.22238,-1.013,,True,2021
none_h4w18_fixed,none,h4w18,fixed,EURUSD,L,2021-05-18 02:23:00-04:00,2021-05-19 01:45:00-04:00,1.21817,1.22369,1.21485,1.22369,1.6451,,True,2021
n2_h4w18_fixed,n2,h4w18,fixed,EURUSD,L,2021-05-18 02:23:00-04:00,2021-05-19 01:45:00-04:00,1.21817,1.22369,1.21485,1.22369,1.6451,,True,2021
n3_h4w18_fixed,n3,h4w18,fixed,EURUSD,L,2021-05-18 02:23:00-04:00,2021-05-19 01:45:00-04:00,1.21817,1.22369,1.21485,1.22369,1.6451,,True,2021
none_h4w18_trail,none,h4w18,trail,EURUSD,L,2021-05-18 02:23:00-04:00,2021-05-19 07:18:00-04:00,1.21817,1.21983,1.21983,,0.484,,True,2021
n2_h4w18_trail,n2,h4w18,trail,EURUSD,L,2021-05-18 02:23:00-04:00,2021-05-19 07:18:00-04:00,1.21817,1.21983,1.21983,,0.484,,True,2021
n3_h4w18_trail,n3,h4w18,trail,EURUSD,L,2021-05-18 02:23:00-04:00,2021-05-19 07:18:00-04:00,1.21817,1.21983,1.21983,,0.484,,True,2021
none_h4w18_fixed,none,h4w18,fixed,GBPUSD,L,2021-05-17 21:31:00-04:00,2021-05-19 14:08:00-04:00,1.41664,1.4118,1.4118,1.42471,-1.03,,True,2021
none_h4w18_trail,none,h4w18,trail,GBPUSD,L,2021-05-17 21:31:00-04:00,2021-05-19 14:08:00-04:00,1.41664,1.4118,1.4118,,-1.03,,True,2021
n2_h4w18_fixed,n2,h4w18,fixed,GBPUSD,L,2021-05-17 21:31:00-04:00,2021-05-19 14:08:00-04:00,1.41664,1.4118,1.4118,1.42471,-1.03,,True,2021
n2_h4w18_trail,n2,h4w18,trail,GBPUSD,L,2021-05-17 21:31:00-04:00,2021-05-19 14:08:00-04:00,1.41664,1.4118,1.4118,,-1.03,,True,2021
n3_h4w18_fixed,n3,h4w18,fixed,GBPUSD,L,2021-05-17 21:31:00-04:00,2021-05-19 14:08:00-04:00,1.41664,1.4118,1.4118,1.42471,-1.03,,True,2021
n3_h4w18_trail,n3,h4w18,trail,GBPUSD,L,2021-05-17 21:31:00-04:00,2021-05-19 14:08:00-04:00,1.41664,1.4118,1.4118,,-1.03,,True,2021
none_h4w18_fixed,none,h4w18,fixed,USDJPY,S,2021-07-06 20:56:00-04:00,2021-07-07 02:21:00-04:00,110.42,110.693,110.693,109.965,-1.0098,,True,2021
none_h4w18_trail,none,h4w18,trail,USDJPY,S,2021-07-06 20:56:00-04:00,2021-07-07 02:21:00-04:00,110.42,110.693,110.693,,-1.0098,,True,2021
none_h4w18_fixed,none,h4w18,fixed,GBPUSD,L,2021-07-09 16:07:00-04:00,2021-07-12 08:26:00-04:00,1.38986,1.38401,1.38401,1.39961,-1.0243,,True,2021
none_h4w18_trail,none,h4w18,trail,GBPUSD,L,2021-07-09 16:07:00-04:00,2021-07-12 08:26:00-04:00,1.38986,1.38401,1.38401,,-1.0243,,True,2021
none_h4w18_fixed,none,h4w18,fixed,EURUSD,S,2021-07-19 04:43:00-04:00,2021-07-19 09:22:00-04:00,1.17719,1.18007,1.18007,1.17239,-1.0195,,True,2021
none_h4w18_trail,none,h4w18,trail,EURUSD,S,2021-07-19 04:43:00-04:00,2021-07-19 09:22:00-04:00,1.17719,1.18007,1.18007,,-1.0195,,True,2021
n2_h4w18_fixed,n2,h4w18,fixed,EURUSD,S,2021-07-19 04:43:00-04:00,2021-07-19 09:22:00-04:00,1.17719,1.18007,1.18007,1.17239,-1.0195,,True,2021
n2_h4w18_trail,n2,h4w18,trail,EURUSD,S,2021-07-19 04:43:00-04:00,2021-07-19 09:22:00-04:00,1.17719,1.18007,1.18007,,-1.0195,,True,2021
n3_h4w18_fixed,n3,h4w18,fixed,EURUSD,S,2021-07-19 04:43:00-04:00,2021-07-19 09:22:00-04:00,1.17719,1.18007,1.18007,1.17239,-1.0195,,True,2021
n3_h4w18_trail,n3,h4w18,trail,EURUSD,S,2021-07-19 04:43:00-04:00,2021-07-19 09:22:00-04:00,1.17719,1.18007,1.18007,,-1.0195,,True,2021
none_h4w18_fixed,none,h4w18,fixed,EURUSD,S,2021-09-28 02:26:00-04:00,2021-09-29 09:32:00-04:00,1.16835,1.16383,1.17107,1.16383,1.6414,,True,2021
n2_h4w18_fixed,n2,h4w18,fixed,EURUSD,S,2021-09-28 02:26:00-04:00,2021-09-29 09:32:00-04:00,1.16835,1.16383,1.17107,1.16383,1.6414,,True,2021
none_h4w18_trail,none,h4w18,trail,EURUSD,S,2021-09-28 02:26:00-04:00,2021-10-03 18:21:00-04:00,1.16835,1.16074,1.16074,,2.7876,,True,2021
n2_h4w18_trail,n2,h4w18,trail,EURUSD,S,2021-09-28 02:26:00-04:00,2021-10-03 18:21:00-04:00,1.16835,1.16074,1.16074,,2.7876,,True,2021
none_h4w18_fixed,none,h4w18,fixed,USDCHF,S,2021-10-28 09:54:00-04:00,2021-11-01 14:12:00-04:00,0.91502,0.90985,0.91812,0.90985,1.6044,,True,2021
n2_h4w18_fixed,n2,h4w18,fixed,USDCHF,S,2021-10-28 09:54:00-04:00,2021-11-01 14:12:00-04:00,0.91502,0.90985,0.91812,0.90985,1.6044,,True,2021
none_h4w18_trail,none,h4w18,trail,USDCHF,S,2021-10-28 09:54:00-04:00,2021-11-02 04:08:00-04:00,0.91502,0.9109,0.9109,,1.2657,,True,2021
n2_h4w18_trail,n2,h4w18,trail,USDCHF,S,2021-10-28 09:54:00-04:00,2021-11-02 04:08:00-04:00,0.91502,0.9109,0.9109,,1.2657,,True,2021
none_h4w18_trail,none,h4w18,trail,AUDUSD,L,2021-12-23 02:30:00-05:00,2021-12-24 09:52:00-05:00,0.72238,0.72272,0.72272,,0.0708,,True,2021
none_h4w18_trail,none,h4w18,trail,USDCHF,S,2021-12-23 19:55:00-05:00,2021-12-24 15:05:00-05:00,0.91748,0.91982,0.91982,,-0.7832,,True,2021
n2_h4w18_trail,n2,h4w18,trail,USDCHF,S,2021-12-23 19:55:00-05:00,2021-12-24 15:05:00-05:00,0.91748,0.91982,0.91982,,-0.7832,,True,2021
none_h4w18_fixed,none,h4w18,fixed,USDCHF,S,2021-12-23 19:55:00-05:00,2021-12-31 05:17:00-05:00,0.91748,0.91208,0.92072,0.91208,1.6059,,True,2021
n2_h4w18_fixed,n2,h4w18,fixed,USDCHF,S,2021-12-23 19:55:00-05:00,2021-12-31 05:17:00-05:00,0.91748,0.91208,0.92072,0.91208,1.6059,,True,2021
none_h4w18_fixed,none,h4w18,fixed,AUDUSD,L,2021-12-23 02:30:00-05:00,2022-01-03 10:17:00-05:00,0.72238,0.7189,0.7189,0.72818,-1.0268,,True,2022
none_h4w18_fixed,none,h4w18,fixed,AUDUSD,S,2022-01-24 00:32:00-05:00,2022-01-24 09:49:00-05:00,0.717,0.71052,0.72088,0.71052,1.6463,,True,2022
none_h4w18_trail,none,h4w18,trail,AUDUSD,S,2022-01-24 00:32:00-05:00,2022-01-25 10:48:00-05:00,0.717,0.71548,0.71548,,0.3678,,True,2022
none_h4w18_trail,none,h4w18,trail,AUDUSD,L,2022-03-17 11:42:00-04:00,2022-03-18 08:50:00-04:00,0.73676,0.73712,0.73712,,0.0503,,True,2022
none_h4w18_fixed,none,h4w18,fixed,AUDUSD,L,2022-03-17 11:42:00-04:00,2022-03-22 14:55:00-04:00,0.73676,0.74554,0.73149,0.74554,1.6478,,True,2022
none_h4w18_fixed,none,h4w18,fixed,EURUSD,S,2022-04-05 10:19:00-04:00,2022-04-06 02:00:00-04:00,1.09449,1.08804,1.09836,1.08804,1.6532,,True,2022
none_h4w18_trail,none,h4w18,trail,EURUSD,S,2022-04-05 10:19:00-04:00,2022-04-07 09:31:00-04:00,1.09449,1.09341,1.09341,,0.2656,,True,2022
none_h4w18_fixed,none,h4w18,fixed,AUDUSD,S,2022-04-21 23:03:00-04:00,2022-04-22 10:03:00-04:00,0.73426,0.72704,0.7386,0.72704,1.6417,,True,2022
none_h4w18_trail,none,h4w18,trail,AUDUSD,S,2022-04-21 23:03:00-04:00,2022-04-25 22:49:00-04:00,0.73426,0.72028,0.72028,,3.1994,,True,2022
none_h4w18_fixed,none,h4w18,fixed,EURUSD,L,2022-06-22 10:51:00-04:00,2022-06-23 03:15:00-04:00,1.06015,1.05472,1.05472,1.0692,-1.0093,,True,2022
none_h4w18_trail,none,h4w18,trail,EURUSD,L,2022-06-22 10:51:00-04:00,2022-06-23 03:15:00-04:00,1.06015,1.05472,1.05472,,-1.0093,,True,2022
none_h4w18_fixed,none,h4w18,fixed,USDJPY,S,2022-10-27 01:14:00-04:00,2022-10-27 07:08:00-04:00,145.513,146.59,146.59,143.718,-0.9998,,True,2022
none_h4w18_trail,none,h4w18,trail,USDJPY,S,2022-10-27 01:14:00-04:00,2022-10-27 07:08:00-04:00,145.513,146.59,146.59,,-0.9998,,True,2022
none_h4w18_trail,none,h4w18,trail,USDCHF,S,2022-12-29 08:43:00-05:00,2022-12-30 01:30:00-05:00,0.92268,0.92392,0.92392,,-0.3141,,True,2022
none_h4w18_fixed,none,h4w18,fixed,USDCHF,S,2022-12-29 08:43:00-05:00,2023-01-02 18:16:00-05:00,0.92268,0.92726,0.92726,0.91505,-1.0434,,True,2023
none_h4w18_fixed,none,h4w18,fixed,USDCHF,L,2023-02-23 04:57:00-05:00,2023-02-24 10:00:00-05:00,0.9332,0.93905,0.92969,0.93905,1.6093,,True,2023
n2_h4w18_fixed,n2,h4w18,fixed,USDCHF,L,2023-02-23 04:57:00-05:00,2023-02-24 10:00:00-05:00,0.9332,0.93905,0.92969,0.93905,1.6093,,True,2023
n3_h4w18_fixed,n3,h4w18,fixed,USDCHF,L,2023-02-23 04:57:00-05:00,2023-02-24 10:00:00-05:00,0.9332,0.93905,0.92969,0.93905,1.6093,,True,2023
none_h4w18_trail,none,h4w18,trail,USDCHF,L,2023-02-23 04:57:00-05:00,2023-02-27 06:32:00-05:00,0.9332,0.94007,0.94007,,1.8999,,True,2023
n2_h4w18_trail,n2,h4w18,trail,USDCHF,L,2023-02-23 04:57:00-05:00,2023-02-27 06:32:00-05:00,0.9332,0.94007,0.94007,,1.8999,,True,2023
n3_h4w18_trail,n3,h4w18,trail,USDCHF,L,2023-02-23 04:57:00-05:00,2023-02-27 06:32:00-05:00,0.9332,0.94007,0.94007,,1.8999,,True,2023
none_h4w18_trail,none,h4w18,trail,USDJPY,L,2023-03-07 14:15:00-05:00,2023-03-09 03:26:00-05:00,137.099,136.48,136.48,,-0.9059,,True,2023
n2_h4w18_trail,n2,h4w18,trail,USDJPY,L,2023-03-07 14:15:00-05:00,2023-03-09 03:26:00-05:00,137.099,136.48,136.48,,-0.9059,,True,2023
n3_h4w18_trail,n3,h4w18,trail,USDJPY,L,2023-03-07 14:15:00-05:00,2023-03-09 03:26:00-05:00,137.099,136.48,136.48,,-0.9059,,True,2023
none_h4w18_fixed,none,h4w18,fixed,USDJPY,L,2023-03-07 14:15:00-05:00,2023-03-09 03:35:00-05:00,137.099,136.413,136.413,138.241,-1.0034,,True,2023
n2_h4w18_fixed,n2,h4w18,fixed,USDJPY,L,2023-03-07 14:15:00-05:00,2023-03-09 03:35:00-05:00,137.099,136.413,136.413,138.241,-1.0034,,True,2023
n3_h4w18_fixed,n3,h4w18,fixed,USDJPY,L,2023-03-07 14:15:00-05:00,2023-03-09 03:35:00-05:00,137.099,136.413,136.413,138.241,-1.0034,,True,2023
none_h4w18_fixed,none,h4w18,fixed,GBPUSD,L,2023-03-10 09:38:00-05:00,2023-03-13 11:30:00-04:00,1.20656,1.21761,1.19993,1.21761,1.6479,,True,2023
none_h4w18_trail,none,h4w18,trail,GBPUSD,L,2023-03-10 09:38:00-05:00,2023-03-14 04:09:00-04:00,1.20656,1.21448,1.21448,,1.1758,,True,2023
none_h4w18_fixed,none,h4w18,fixed,EURUSD,L,2023-06-08 11:30:00-04:00,2023-06-11 21:39:00-04:00,1.0779,1.0742,1.0742,1.08408,-1.0138,,True,2023
none_h4w18_trail,none,h4w18,trail,EURUSD,L,2023-06-08 11:30:00-04:00,2023-06-11 21:39:00-04:00,1.0779,1.0742,1.0742,,-1.0138,,True,2023
none_h4w18_fixed,none,h4w18,fixed,AUDUSD,S,2023-08-08 05:22:00-04:00,2023-08-08 22:52:00-04:00,0.65142,0.65547,0.65547,0.64467,-1.0209,,True,2023
none_h4w18_trail,none,h4w18,trail,AUDUSD,S,2023-08-08 05:22:00-04:00,2023-08-08 22:52:00-04:00,0.65142,0.65547,0.65547,,-1.0209,,True,2023
n2_h4w18_fixed,n2,h4w18,fixed,AUDUSD,S,2023-08-08 05:22:00-04:00,2023-08-08 22:52:00-04:00,0.65142,0.65547,0.65547,0.64467,-1.0209,,True,2023
n2_h4w18_trail,n2,h4w18,trail,AUDUSD,S,2023-08-08 05:22:00-04:00,2023-08-08 22:52:00-04:00,0.65142,0.65547,0.65547,,-1.0209,,True,2023
none_h4w18_fixed,none,h4w18,fixed,USDJPY,L,2023-08-10 00:02:00-04:00,2023-08-10 08:30:00-04:00,143.891,143.317,143.317,144.849,-1.0053,,True,2023
none_h4w18_trail,none,h4w18,trail,USDJPY,L,2023-08-10 00:02:00-04:00,2023-08-10 08:30:00-04:00,143.891,143.316,143.316,,-1.0042,,True,2023
n2_h4w18_fixed,n2,h4w18,fixed,USDJPY,L,2023-08-10 00:02:00-04:00,2023-08-10 08:30:00-04:00,143.891,143.317,143.317,144.849,-1.0053,,True,2023
n2_h4w18_trail,n2,h4w18,trail,USDJPY,L,2023-08-10 00:02:00-04:00,2023-08-10 08:30:00-04:00,143.891,143.316,143.316,,-1.0042,,True,2023
n3_h4w18_fixed,n3,h4w18,fixed,USDJPY,L,2023-08-10 00:02:00-04:00,2023-08-10 08:30:00-04:00,143.891,143.317,143.317,144.849,-1.0053,,True,2023
n3_h4w18_trail,n3,h4w18,trail,USDJPY,L,2023-08-10 00:02:00-04:00,2023-08-10 08:30:00-04:00,143.891,143.316,143.316,,-1.0042,,True,2023
none_h4w18_fixed,none,h4w18,fixed,USDCHF,L,2023-08-18 16:51:00-04:00,2023-08-21 05:23:00-04:00,0.8828,0.87916,0.87916,0.88888,-1.0521,,True,2023
none_h4w18_trail,none,h4w18,trail,USDCHF,L,2023-08-18 16:51:00-04:00,2023-08-21 05:23:00-04:00,0.8828,0.87916,0.87916,,-1.0521,,True,2023
n3_h4w18_fixed,n3,h4w18,fixed,USDCHF,L,2023-08-18 16:51:00-04:00,2023-08-21 05:23:00-04:00,0.8828,0.87916,0.87916,0.88888,-1.0521,,True,2023
n3_h4w18_trail,n3,h4w18,trail,USDCHF,L,2023-08-18 16:51:00-04:00,2023-08-21 05:23:00-04:00,0.8828,0.87916,0.87916,,-1.0521,,True,2023
none_h4w18_trail,none,h4w18,trail,USDCHF,S,2023-08-30 09:31:00-04:00,2023-08-31 02:04:00-04:00,0.87602,0.87884,0.87884,,-0.8646,,True,2023
none_h4w18_fixed,none,h4w18,fixed,USDCHF,S,2023-08-30 09:31:00-04:00,2023-08-31 02:22:00-04:00,0.87602,0.8795,0.8795,0.87022,-1.0542,,True,2023
none_h4w18_trail,none,h4w18,trail,AUDUSD,L,2023-08-30 08:30:00-04:00,2023-08-31 05:02:00-04:00,0.64885,0.64698,0.64698,,-0.4754,,True,2023
none_h4w18_fixed,none,h4w18,fixed,AUDUSD,L,2023-08-30 08:30:00-04:00,2023-09-01 02:30:00-04:00,0.64885,0.64474,0.64474,0.6557,-1.0204,,True,2023
none_h4w18_fixed,none,h4w18,fixed,USDJPY,L,2023-11-12 23:44:00-05:00,2023-11-13 10:03:00-05:00,151.736,151.416,151.416,152.268,-1.0124,,True,2023
none_h4w18_trail,none,h4w18,trail,USDJPY,L,2023-11-12 23:44:00-05:00,2023-11-13 10:03:00-05:00,151.736,151.449,151.449,,-0.9093,,True,2023
n2_h4w18_fixed,n2,h4w18,fixed,USDJPY,L,2023-11-12 23:44:00-05:00,2023-11-13 10:03:00-05:00,151.736,151.416,151.416,152.268,-1.0124,,True,2023
n2_h4w18_trail,n2,h4w18,trail,USDJPY,L,2023-11-12 23:44:00-05:00,2023-11-13 10:03:00-05:00,151.736,151.449,151.449,,-0.9093,,True,2023
n3_h4w18_fixed,n3,h4w18,fixed,USDJPY,L,2023-11-12 23:44:00-05:00,2023-11-13 10:03:00-05:00,151.736,151.416,151.416,152.268,-1.0124,,True,2023
n3_h4w18_trail,n3,h4w18,trail,USDJPY,L,2023-11-12 23:44:00-05:00,2023-11-13 10:03:00-05:00,151.736,151.449,151.449,,-0.9093,,True,2023
none_h4w18_trail,none,h4w18,trail,USDJPY,S,2023-12-13 22:29:00-05:00,2023-12-14 18:46:00-05:00,141.61,142.285,142.285,,-0.5599,,True,2023
none_h4w18_fixed,none,h4w18,fixed,USDJPY,S,2023-12-13 22:29:00-05:00,2023-12-18 05:40:00-05:00,141.61,142.819,142.819,139.595,-1.0005,,True,2023
none_h4w18_fixed,none,h4w18,fixed,EURUSD,S,2024-03-28 03:33:00-04:00,2024-04-01 10:00:00-04:00,1.08018,1.0762,1.08256,1.0762,1.6507,,False,2024
n2_h4w18_fixed,n2,h4w18,fixed,EURUSD,S,2024-03-28 03:33:00-04:00,2024-04-01 10:00:00-04:00,1.08018,1.0762,1.08256,1.0762,1.6507,,False,2024
none_h4w18_fixed,none,h4w18,fixed,SP500,L,2024-03-31 18:04:00-04:00,2024-04-01 10:19:00-04:00,5322.65,5302.81,5302.81,5355.73,-1.0055,,False,2024
none_h4w18_trail,none,h4w18,trail,SP500,L,2024-03-31 18:04:00-04:00,2024-04-01 10:19:00-04:00,5322.65,5302.8,5302.8,,-1.006,,False,2024
n2_h4w18_fixed,n2,h4w18,fixed,SP500,L,2024-03-31 18:04:00-04:00,2024-04-01 10:19:00-04:00,5322.65,5302.81,5302.81,5355.73,-1.0055,,False,2024
n2_h4w18_trail,n2,h4w18,trail,SP500,L,2024-03-31 18:04:00-04:00,2024-04-01 10:19:00-04:00,5322.65,5302.8,5302.8,,-1.006,,False,2024
n3_h4w18_fixed,n3,h4w18,fixed,SP500,L,2024-03-31 18:04:00-04:00,2024-04-01 10:19:00-04:00,5322.65,5302.81,5302.81,5355.73,-1.0055,,False,2024
n3_h4w18_trail,n3,h4w18,trail,SP500,L,2024-03-31 18:04:00-04:00,2024-04-01 10:19:00-04:00,5322.65,5302.8,5302.8,,-1.006,,False,2024
none_h4w18_trail,none,h4w18,trail,EURUSD,S,2024-03-28 03:33:00-04:00,2024-04-02 06:58:00-04:00,1.08018,1.0745,1.0745,,2.365,,False,2024
n2_h4w18_trail,n2,h4w18,trail,EURUSD,S,2024-03-28 03:33:00-04:00,2024-04-02 06:58:00-04:00,1.08018,1.0745,1.0745,,2.365,,False,2024
none_h4w18_trail,none,h4w18,trail,USDJPY,L,2024-05-28 16:32:00-04:00,2024-05-30 02:00:00-04:00,157.196,156.898,156.898,,-0.7795,,False,2024
n2_h4w18_trail,n2,h4w18,trail,USDJPY,L,2024-05-28 16:32:00-04:00,2024-05-30 02:00:00-04:00,157.196,156.898,156.898,,-0.7795,,False,2024
none_h4w18_fixed,none,h4w18,fixed,USDJPY,L,2024-05-28 16:32:00-04:00,2024-05-30 02:08:00-04:00,157.196,156.809,156.809,157.841,-1.0091,,False,2024
n2_h4w18_fixed,n2,h4w18,fixed,USDJPY,L,2024-05-28 16:32:00-04:00,2024-05-30 02:08:00-04:00,157.196,156.809,156.809,157.841,-1.0091,,False,2024
none_h4w18_fixed,none,h4w18,fixed,GBPUSD,L,2024-06-03 16:00:00-04:00,2024-06-04 06:11:00-04:00,1.28007,1.27536,1.27536,1.28792,-1.0278,,False,2024
none_h4w18_trail,none,h4w18,trail,GBPUSD,L,2024-06-03 16:00:00-04:00,2024-06-04 06:11:00-04:00,1.28007,1.27536,1.27536,,-1.0278,,False,2024
n2_h4w18_fixed,n2,h4w18,fixed,GBPUSD,L,2024-06-03 16:00:00-04:00,2024-06-04 06:11:00-04:00,1.28007,1.27536,1.27536,1.28792,-1.0278,,False,2024
n2_h4w18_trail,n2,h4w18,trail,GBPUSD,L,2024-06-03 16:00:00-04:00,2024-06-04 06:11:00-04:00,1.28007,1.27536,1.27536,,-1.0278,,False,2024
n3_h4w18_fixed,n3,h4w18,fixed,GBPUSD,L,2024-06-03 16:00:00-04:00,2024-06-04 06:11:00-04:00,1.28007,1.27536,1.27536,1.28792,-1.0278,,False,2024
n3_h4w18_trail,n3,h4w18,trail,GBPUSD,L,2024-06-03 16:00:00-04:00,2024-06-04 06:11:00-04:00,1.28007,1.27536,1.27536,,-1.0278,,False,2024
none_h4w18_trail,none,h4w18,trail,EURUSD,L,2024-08-14 04:17:00-04:00,2024-08-15 05:02:00-04:00,1.10087,1.10032,1.10032,,-0.2159,,False,2024
n2_h4w18_trail,n2,h4w18,trail,EURUSD,L,2024-08-14 04:17:00-04:00,2024-08-15 05:02:00-04:00,1.10087,1.10032,1.10032,,-0.2159,,False,2024
n3_h4w18_trail,n3,h4w18,trail,EURUSD,L,2024-08-14 04:17:00-04:00,2024-08-15 05:02:00-04:00,1.10087,1.10032,1.10032,,-0.2159,,False,2024
none_h4w18_fixed,none,h4w18,fixed,EURUSD,L,2024-08-14 04:17:00-04:00,2024-08-15 08:30:00-04:00,1.10087,1.09808,1.09808,1.10552,-1.0187,,False,2024
n2_h4w18_fixed,n2,h4w18,fixed,EURUSD,L,2024-08-14 04:17:00-04:00,2024-08-15 08:30:00-04:00,1.10087,1.09808,1.09808,1.10552,-1.0187,,False,2024
n3_h4w18_fixed,n3,h4w18,fixed,EURUSD,L,2024-08-14 04:17:00-04:00,2024-08-15 08:30:00-04:00,1.10087,1.09808,1.09808,1.10552,-1.0187,,False,2024
none_h4w18_fixed,none,h4w18,fixed,SP500,S,2024-08-28 13:57:00-04:00,2024-08-28 15:02:00-04:00,5582.91,5614.87,5614.87,5529.63,-0.9674,,False,2024
none_h4w18_trail,none,h4w18,trail,SP500,S,2024-08-28 13:57:00-04:00,2024-08-28 15:02:00-04:00,5582.91,5614.88,5614.88,,-0.9677,,False,2024
none_h4w18_fixed,none,h4w18,fixed,SP500,S,2024-08-28 18:01:00-04:00,2024-08-29 04:16:00-04:00,5576.44,5614.87,5614.87,5529.63,-1.1615,,False,2024
none_h4w18_trail,none,h4w18,trail,SP500,S,2024-08-28 18:01:00-04:00,2024-08-29 04:16:00-04:00,5576.44,5614.88,5614.88,,-1.1618,,False,2024
none_h4w18_trail,none,h4w18,trail,SP500,S,2024-09-03 14:01:00-04:00,2024-09-05 09:39:00-04:00,5561.22,5539.91,5539.91,,0.5257,,False,2024
none_h4w18_fixed,none,h4w18,fixed,SP500,S,2024-09-03 14:01:00-04:00,2024-09-05 11:31:00-04:00,5561.22,5496.9,5599.82,5496.9,1.601,,False,2024
none_h4w18_fixed,none,h4w18,fixed,USDCHF,L,2024-10-09 14:51:00-04:00,2024-10-10 08:30:00-04:00,0.86078,0.85768,0.85768,0.86595,-1.0596,,False,2024
none_h4w18_trail,none,h4w18,trail,USDCHF,L,2024-10-09 14:51:00-04:00,2024-10-10 08:30:00-04:00,0.86078,0.85768,0.85768,,-1.0596,,False,2024
n2_h4w18_fixed,n2,h4w18,fixed,USDCHF,L,2024-10-09 14:51:00-04:00,2024-10-10 08:30:00-04:00,0.86078,0.85768,0.85768,0.86595,-1.0596,,False,2024
n2_h4w18_trail,n2,h4w18,trail,USDCHF,L,2024-10-09 14:51:00-04:00,2024-10-10 08:30:00-04:00,0.86078,0.85768,0.85768,,-1.0596,,False,2024
none_h4w18_trail,none,h4w18,trail,USDCHF,L,2024-10-22 21:38:00-04:00,2024-10-23 22:47:00-04:00,0.86698,0.86614,0.86614,,-0.4958,,False,2024
n2_h4w18_trail,n2,h4w18,trail,USDCHF,L,2024-10-22 21:38:00-04:00,2024-10-23 22:47:00-04:00,0.86698,0.86614,0.86614,,-0.4958,,False,2024
n3_h4w18_trail,n3,h4w18,trail,USDCHF,L,2024-10-22 21:38:00-04:00,2024-10-23 22:47:00-04:00,0.86698,0.86614,0.86614,,-0.4958,,False,2024
none_h4w18_fixed,none,h4w18,fixed,USDCHF,L,2024-10-22 21:38:00-04:00,2024-10-28 10:53:00-04:00,0.86698,0.86491,0.86491,0.87043,-1.09,,False,2024
n2_h4w18_fixed,n2,h4w18,fixed,USDCHF,L,2024-10-22 21:38:00-04:00,2024-10-28 10:53:00-04:00,0.86698,0.86491,0.86491,0.87043,-1.09,,False,2024
n3_h4w18_fixed,n3,h4w18,fixed,USDCHF,L,2024-10-22 21:38:00-04:00,2024-10-28 10:53:00-04:00,0.86698,0.86491,0.86491,0.87043,-1.09,,False,2024
none_h4w18_trail,none,h4w18,trail,USDJPY,L,2024-11-12 11:43:00-05:00,2024-11-13 08:37:00-05:00,154.714,154.509,154.509,,-0.2666,,False,2024
n2_h4w18_trail,n2,h4w18,trail,USDJPY,L,2024-11-12 11:43:00-05:00,2024-11-13 08:37:00-05:00,154.714,154.509,154.509,,-0.2666,,False,2024
n3_h4w18_trail,n3,h4w18,trail,USDJPY,L,2024-11-12 11:43:00-05:00,2024-11-13 08:37:00-05:00,154.714,154.509,154.509,,-0.2666,,False,2024
none_h4w18_fixed,none,h4w18,fixed,USDJPY,L,2024-11-12 11:43:00-05:00,2024-11-13 21:53:00-05:00,154.714,156.019,153.931,156.019,1.6587,,False,2024
n2_h4w18_fixed,n2,h4w18,fixed,USDJPY,L,2024-11-12 11:43:00-05:00,2024-11-13 21:53:00-05:00,154.714,156.019,153.931,156.019,1.6587,,False,2024
n3_h4w18_fixed,n3,h4w18,fixed,USDJPY,L,2024-11-12 11:43:00-05:00,2024-11-13 21:53:00-05:00,154.714,156.019,153.931,156.019,1.6587,,False,2024
none_h4w18_fixed,none,h4w18,fixed,AUDUSD,S,2024-11-13 09:33:00-05:00,2024-11-14 05:20:00-05:00,0.65125,0.6454,0.65476,0.6454,1.6427,,False,2024
n2_h4w18_fixed,n2,h4w18,fixed,AUDUSD,S,2024-11-13 09:33:00-05:00,2024-11-14 05:20:00-05:00,0.65125,0.6454,0.65476,0.6454,1.6427,,False,2024
n3_h4w18_fixed,n3,h4w18,fixed,AUDUSD,S,2024-11-13 09:33:00-05:00,2024-11-14 05:20:00-05:00,0.65125,0.6454,0.65476,0.6454,1.6427,,False,2024
none_h4w18_trail,none,h4w18,trail,AUDUSD,S,2024-11-13 09:33:00-05:00,2024-11-18 10:34:00-05:00,0.65125,0.64792,0.64792,,0.9247,,False,2024
n2_h4w18_trail,n2,h4w18,trail,AUDUSD,S,2024-11-13 09:33:00-05:00,2024-11-18 10:34:00-05:00,0.65125,0.64792,0.64792,,0.9247,,False,2024
n3_h4w18_trail,n3,h4w18,trail,AUDUSD,S,2024-11-13 09:33:00-05:00,2024-11-18 10:34:00-05:00,0.65125,0.64792,0.64792,,0.9247,,False,2024
none_h4w18_fixed,none,h4w18,fixed,USDJPY,L,2024-12-26 09:41:00-05:00,2024-12-27 11:19:00-05:00,157.929,157.44,157.44,158.744,-1.006,,False,2024
none_h4w18_trail,none,h4w18,trail,USDJPY,L,2024-12-26 09:41:00-05:00,2024-12-27 11:19:00-05:00,157.929,157.509,157.509,,-0.8652,,False,2024
n2_h4w18_fixed,n2,h4w18,fixed,USDJPY,L,2024-12-26 09:41:00-05:00,2024-12-27 11:19:00-05:00,157.929,157.44,157.44,158.744,-1.006,,False,2024
n2_h4w18_trail,n2,h4w18,trail,USDJPY,L,2024-12-26 09:41:00-05:00,2024-12-27 11:19:00-05:00,157.929,157.509,157.509,,-0.8652,,False,2024
none_h4w18_trail,none,h4w18,trail,USDJPY,L,2025-03-17 14:51:00-04:00,2025-03-19 14:37:00-04:00,149.197,149.141,149.141,,-0.0731,,False,2025
none_h4w18_fixed,none,h4w18,fixed,USDJPY,L,2025-03-17 14:51:00-04:00,2025-03-19 20:10:00-04:00,149.197,148.378,148.378,150.562,-1.0039,,False,2025
none_h4w18_fixed,none,h4w18,fixed,GBPUSD,L,2025-09-05 10:02:00-04:00,2025-09-07 18:02:00-04:00,1.35502,1.34988,1.34988,1.36359,-1.027,,False,2025
none_h4w18_trail,none,h4w18,trail,GBPUSD,L,2025-09-05 10:02:00-04:00,2025-09-07 18:02:00-04:00,1.35502,1.34988,1.34988,,-1.027,,False,2025
none_h4w18_fixed,none,h4w18,fixed,USDCHF,S,2025-09-16 05:10:00-04:00,2025-09-16 10:16:00-04:00,0.79156,0.78761,0.79393,0.78761,1.595,,False,2025
n2_h4w18_fixed,n2,h4w18,fixed,USDCHF,S,2025-09-16 05:10:00-04:00,2025-09-16 10:16:00-04:00,0.79156,0.78761,0.79393,0.78761,1.595,,False,2025
n3_h4w18_fixed,n3,h4w18,fixed,USDCHF,S,2025-09-16 05:10:00-04:00,2025-09-16 10:16:00-04:00,0.79156,0.78761,0.79393,0.78761,1.595,,False,2025
none_h4w18_trail,none,h4w18,trail,USDCHF,S,2025-09-16 05:10:00-04:00,2025-09-17 14:45:00-04:00,0.79156,0.78789,0.78789,,1.4768,,False,2025
n2_h4w18_trail,n2,h4w18,trail,USDCHF,S,2025-09-16 05:10:00-04:00,2025-09-17 14:45:00-04:00,0.79156,0.78789,0.78789,,1.4768,,False,2025
n3_h4w18_trail,n3,h4w18,trail,USDCHF,S,2025-09-16 05:10:00-04:00,2025-09-17 14:45:00-04:00,0.79156,0.78789,0.78789,,1.4768,,False,2025
none_h4w18_fixed,none,h4w18,fixed,USDJPY,L,2025-10-05 23:21:00-04:00,2025-10-07 13:30:00-04:00,149.96,151.472,149.052,151.472,1.6589,,False,2025
n2_h4w18_fixed,n2,h4w18,fixed,USDJPY,L,2025-10-05 23:21:00-04:00,2025-10-07 13:30:00-04:00,149.96,151.472,149.052,151.472,1.6589,,False,2025
none_h4w18_trail,none,h4w18,trail,USDJPY,L,2025-10-05 23:21:00-04:00,2025-10-09 09:07:00-04:00,149.96,152.41,152.41,,2.6906,,False,2025
n2_h4w18_trail,n2,h4w18,trail,USDJPY,L,2025-10-05 23:21:00-04:00,2025-10-09 09:07:00-04:00,149.96,152.41,152.41,,2.6906,,False,2025
none_h4w18_trail,none,h4w18,trail,SP500,L,2025-11-25 15:52:00-05:00,2025-11-30 20:00:00-05:00,6791.05,6824.23,6824.23,,0.3283,,False,2025
none_h4w18_fixed,none,h4w18,fixed,SP500,L,2025-11-25 15:52:00-05:00,2025-12-11 14:50:00-05:00,6791.05,6908.9,6720.34,6908.9,1.175,,False,2025
